unitid,name,alias,slug,city,state,zip,website_url,latitude,longitude,is_main_campus,num_branches
100654,Alabama A & M University,AAMU,alabama-a-m-university,Normal,AL,35762,https://www.aamu.edu/,34.783368,-86.568502,True,1
100663,University of Alabama at Birmingham,UAB,university-of-alabama-at-birmingham,Birmingham,AL,35294-0110,https://www.uab.edu/,33.505697,-86.799345,True,1
100690,Amridge University,Southern Christian University  Regions University,amridge-university,Montgomery,AL,36117-3553,https://www.amridgeuniversity.edu/,32.362609,-86.17401,True,1
100706,University of Alabama in Huntsville,UAH  University of Alabama Huntsville,university-of-alabama-in-huntsville,Huntsville,AL,35899,https://www.uah.edu/,34.724557,-86.640449,True,1
100724,Alabama State University,,alabama-state-university,Montgomery,AL,36104-0271,https://www.alasu.edu/,32.364317,-86.295677,True,1
100751,The University of Alabama,,the-university-of-alabama,Tuscaloosa,AL,35487-0100,https://www.ua.edu/,33.211875,-87.545978,True,1
100760,Central Alabama Community College,,central-alabama-community-college,Alexander City,AL,35010,https://www.cacc.edu/,32.92478,-85.945266,True,1
100812,Athens State University,,athens-state-university,Athens,AL,35611,https://www.athens.edu/,34.806793,-86.964698,True,1
100830,Auburn University at Montgomery,AUM||Auburn University at Montgomery|Auburn Montgomery,auburn-university-at-montgomery,Montgomery,AL,36117-3596,https://www.aum.edu/,32.36736,-86.177544,True,1
100858,Auburn University,,auburn-university,Auburn,AL,36849,https://www.auburn.edu/,32.599378,-85.488258,True,1
101028,Chattahoochee Valley Community College,CVCC,chattahoochee-valley-community-college,Phenix City,AL,36869,https://www.cv.edu/,32.42391,-85.031485,True,1
101116,South University-Montgomery,,south-university-montgomery,Montgomery,AL,36116,https://www.southuniversity.edu/,32.342684,-86.216488,False,9
101143,Enterprise State Community College,"Enterprise-Ozark Community College, Enterprise State Junior College",enterprise-state-community-college,Enterprise,AL,36330-1300,https://escc.edu/,31.297496,-85.836956,True,1
101161,Coastal Alabama Community College,,coastal-alabama-community-college,Bay Minette,AL,36507-2698,https://www.coastalalabama.edu/,30.851343,-87.778193,True,1
101189,Faulkner University,Faulkner,faulkner-university,Montgomery,AL,36109-3390,https://www.faulkner.edu/,32.384181,-86.21641,True,1
101240,Gadsden State Community College,GSCC | Gadsden State | Gadsden Community College,gadsden-state-community-college,Gadsden,AL,35903,https://www.gadsdenstate.edu/,33.994001,-85.991438,True,1
101277,New Beginning College of Cosmetology,,new-beginning-college-of-cosmetology,Albertville,AL,35951,https://www.nbccosmetology.com/,34.27871,-86.196931,True,1
101286,George C Wallace Community College-Dothan,WALLACE DOTHAN|WCCD,george-c-wallace-community-college-dothan,Dothan,AL,36303-9234,https://www.wallace.edu/,31.315274,-85.465836,True,1
101295,George C Wallace State Community College-Hanceville,Wallace State Community College Wallace State - Hanceville,george-c-wallace-state-community-college-hanceville,Hanceville,AL,35077-2000,https://www.wallacestate.edu/,34.072439,-86.781935,True,1
101301,George C Wallace State Community College-Selma,Wallace Community College Selma,george-c-wallace-state-community-college-selma,Selma,AL,36702-2808,https://www.wccs.edu/,32.445917,-87.013294,True,1
101365,Herzing University-Birmingham,,herzing-university-birmingham,Birmingham,AL,35209,https://www.herzing.edu/,33.468466,-86.832465,False,12
101435,Huntingdon College,,huntingdon-college,Montgomery,AL,36106-2148,https://www.huntingdon.edu/,32.351034,-86.284366,True,1
101453,Heritage Christian University,,heritage-christian-university,Florence,AL,35630-9977,https://www.hcu.edu/,34.856153,-87.663051,True,1
101462,J. F. Drake State Community and Technical College,Drake State,j-f-drake-state-community-and-technical-college,Huntsville,AL,35811,https://drakestate.edu/,34.771858,-86.572885,True,1
101471,J F Ingram State Technical College,ISTC,j-f-ingram-state-technical-college,Deatsville,AL,36022,https://www.istc.edu/,32.582312,-86.392369,True,1
101480,Jacksonville State University,,jacksonville-state-university,Jacksonville,AL,36265,https://www.jsu.edu/,33.822938,-85.765321,True,1
101505,Jefferson State Community College,Jeff State | JSCC | Jefferson State,jefferson-state-community-college,Birmingham,AL,35215-3098,https://www.jeffersonstate.edu/,33.652535,-86.707233,True,1
101514,John C Calhoun State Community College,Calhoun Community College,john-c-calhoun-state-community-college,Tanner,AL,35671,https://calhoun.edu/,34.645844,-86.949674,True,1
101569,Lawson State Community College,,lawson-state-community-college,Birmingham,AL,35221-1717,https://www.lawsonstate.edu/,33.450814,-86.888844,True,1
101587,University of West Alabama,UWA,university-of-west-alabama,Livingston,AL,35470,https://www.uwa.edu/,32.588132,-88.186329,True,1
101602,Lurleen B Wallace Community College,"Lurleen B. Wallace Community College, LBW Community College, LBWCC",lurleen-b-wallace-community-college,Andalusia,AL,36420-1224,https://www.lbwcc.edu/,31.322947,-86.452262,True,1
101648,Marion Military Institute,,marion-military-institute,Marion,AL,36756-3207,https://www.marionmilitary.edu/,32.623734,-87.322041,True,1
101675,Miles College,,miles-college,Fairfield,AL,35064-2621,https://www.miles.edu/,33.482442,-86.908751,True,1
101693,University of Mobile,University of Mobile,university-of-mobile,Mobile,AL,36613-2842,https://umobile.edu/,30.793247,-88.128934,True,1
101709,University of Montevallo,,university-of-montevallo,Montevallo,AL,35115-6000,https://www.montevallo.edu/,33.10625,-86.865099,True,1
101736,Northwest Shoals Community College,,northwest-shoals-community-college,Muscle Shoals,AL,35661,https://www.nwscc.edu/,34.739788,-87.678089,True,1
101879,University of North Alabama,UNA,university-of-north-alabama,Florence,AL,35632-0001,https://www.una.edu/,34.80731,-87.680407,True,1
101897,Northeast Alabama Community College,"Northeast, NACC, Northeast Alabama State Junior College, Northeast Alabama State Community College",northeast-alabama-community-college,Rainsville,AL,35986,https://www.nacc.edu/,34.545471,-85.911664,True,1
101912,Oakwood University,OU,oakwood-university,Huntsville,AL,35896,https://www2.oakwood.edu/,34.756344,-86.652705,True,1
101994,Reid State Technical College,,reid-state-technical-college,Evergreen,AL,36401,https://www.rstc.edu/,31.460265,-86.964797,True,1
102030,Bishop State Community College,,bishop-state-community-college,Mobile,AL,36603-5898,https://www.bishop.edu/,30.693972,-88.056982,True,1
102049,Samford University,,samford-university,Birmingham,AL,35229-2240,https://www.samford.edu/,33.464128,-86.791799,True,1
102058,Selma University,,selma-university,Selma,AL,36701,https://selmau.edu/,32.420387,-87.032392,True,1
102067,Shelton State Community College,,shelton-state-community-college,Tuscaloosa,AL,35405-8522,https://www.sheltonstate.edu/,33.120531,-87.56148,True,1
102076,Snead State Community College,,snead-state-community-college,Boaz,AL,35957-0734,https://www.snead.edu/,34.201495,-86.169897,True,1
102094,University of South Alabama,,university-of-south-alabama,Mobile,AL,36688-0002,https://www.southalabama.edu/,30.696033,-88.178711,True,1
102234,Spring Hill College,Springhill|Springhill College|SHC|the Hill,spring-hill-college,Mobile,AL,36608-1780,https://www.shc.edu/,30.694751,-88.138199,True,1
102270,Stillman College,,stillman-college,Tuscaloosa,AL,35401,https://stillman.edu/,33.200006,-87.585278,True,1
102298,Talladega College,,talladega-college,Talladega,AL,35160,https://www.talladega.edu/,33.433472,-86.112704,True,1
102313,H Councill Trenholm State Community College,Trenholm State,h-councill-trenholm-state-community-college,Montgomery,AL,36108-3199,https://www.trenholmstate.edu/,32.350109,-86.343057,True,1
102368,Troy University,TROY,troy-university,Troy,AL,36082-0001,https://www.troy.edu/,31.799583,-85.95802,True,4
102377,Tuskegee University,,tuskegee-university,Tuskegee,AL,36088-1920,https://www.tuskegee.edu/,32.4309,-85.708492,True,1
102395,United States Sports University,"United States Sports Academy, The Academy, America's Sports University",united-states-sports-university,Daphne,AL,36526-7055,https://www.ussu.edu/,30.639329,-87.91163,True,1
102429,Bevill State Community College,,bevill-state-community-college,Jasper,AL,35501,https://www.bscc.edu/,33.837056,-87.265258,True,1
102553,University of Alaska Anchorage,UAA,university-of-alaska-anchorage,Anchorage,AK,99508,https://www.uaa.alaska.edu/,61.190163,-149.82619,True,1
102580,Alaska Bible College,,alaska-bible-college,Palmer,AK,99645,https://www.akbible.edu/,61.598553,-149.111972,True,1
102614,University of Alaska Fairbanks,UAF,university-of-alaska-fairbanks,Fairbanks,AK,99775,https://www.uaf.edu/,64.85756,-147.823146,True,1
102632,University of Alaska Southeast,,university-of-alaska-southeast,Juneau,AK,99801-8697,https://www.uas.alaska.edu/,58.384846,-134.638255,True,1
102669,Alaska Pacific University,,alaska-pacific-university,Anchorage,AK,99508,https://www.alaskapacific.edu/,61.190968,-149.804168,True,1
102711,Alaska Vocational Technical Center,AVTEC,alaska-vocational-technical-center,Seward,AK,99664-0889,https://www.avtec.edu/,60.110626,-149.444487,True,1
102845,Charter College,,charter-college,Anchorage,AK,99508-4103,https://chartercollege.edu/,61.19633,-149.839274,True,1
103501,Alaska Career College,,alaska-career-college,Anchorage,AK,99507-1033,https://www.alaskacareercollege.edu/,61.181443,-149.856954,True,1
103741,Empire Beauty School-Tucson,,empire-beauty-school-tucson,Tucson,AZ,85716,https://www.empire.edu/,32.235657,-110.927187,False,10
103893,Carrington College-Phoenix North,Carrington College Phoenix - Formerly Apollo College - Phoenix,carrington-college-phoenix-north,Phoenix,AZ,85051-4063,https://carrington.edu/,33.565758,-112.104601,True,5
103909,Carrington College-Mesa,Carrington College-Mesa,carrington-college-mesa,Mesa,AZ,85210-5005,https://carrington.edu/,33.39248,-111.853218,False,5
103927,Carrington College-Tucson,Carrington College-Tucson,carrington-college-tucson,Tucson,AZ,85745-2974,https://carrington.edu/,32.224391,-110.983056,False,5
103963,Miller-Motte College-Arizona Automotive Institute,AAI,miller-motte-college-arizona-automotive-institute,Glendale,AZ,85301-3579,https://www.aai.edu/,33.537249,-112.157344,False,18
104090,Brookline College-Phoenix,,brookline-college-phoenix,Phoenix,AZ,85021,https://www.brooklinecollege.edu/,33.566102,-112.112473,True,4
104151,Arizona State University Campus Immersion,ASU Tempe,arizona-state-university-campus-immersion,Tempe,AZ,85287,https://www.asu.edu/,33.417721,-111.934383,True,17
104160,Arizona Western College,"AWC, A.W.C., AZ Western, AZ Western College, Arizona Western, Yuma/LaPaz Community College District, Yuma/La Paz Counties Community College District",arizona-western-college,Yuma,AZ,85365-8834,https://www.azwestern.edu/,32.689306,-114.495968,True,1
104179,University of Arizona,The University of Arizona | UArizona | U of A | UofA | UA | University of AZ | Univ. of AZ | The Univ. of AZ,university-of-arizona,Tucson,AZ,85721-0066,https://www.arizona.edu/,32.232672,-110.950815,True,1
104346,Central Arizona College,Pinal County Community College,central-arizona-college,Coolidge,AZ,85128-9030,https://www.centralaz.edu/,32.957092,-111.652501,True,1
104391,Charles of Italy Beauty College,,charles-of-italy-beauty-college,Lake Havasu City,AZ,86403,https://www.charlesofitaly.edu/,34.477485,-114.332686,True,1
104425,Cochise County Community College District,Cochise College,cochise-county-community-college-district,Sierra Vista,AZ,85635-2317,https://www.cochise.edu/,31.564597,-110.246946,True,1
104443,Empire Beauty School-Chandler,,empire-beauty-school-chandler,Chandler,AZ,85224,https://www.empire.edu/,33.347586,-111.860423,False,13
104568,Avalon Institute-Mesa,,avalon-institute-mesa,Mesa,AZ,85210,https://avalon.edu/mesa-az/,33.376583,-111.858305,True,4
104577,Eastern Arizona College,,eastern-arizona-college,Thatcher,AZ,85552-0769,https://www.eac.edu/,32.843664,-109.76234,True,1
104586,Embry-Riddle Aeronautical University-Prescott,Embry Riddle Aeronautical University-Prescott,embry-riddle-aeronautical-university-prescott,Prescott,AZ,86301-3720,https://prescott.erau.edu/,34.616766,-112.449741,False,2
104665,The School of Architecture,TSOA,the-school-of-architecture,Scottsdale,AZ,85250,https://tsoa.edu/,33.524271,-111.916785,True,1
104708,Glendale Community College,,glendale-community-college,Glendale,AZ,85302,https://www.gccaz.edu/,33.570226,-112.190735,True,1
104717,Grand Canyon University,GCU,grand-canyon-university,Phoenix,AZ,85017,https://www.gcu.edu/,33.513231,-112.129929,True,1
105145,GateWay Community College,,gateway-community-college,Phoenix,AZ,85034,https://www.gatewaycc.edu/,33.449686,-111.997077,True,2
105154,Mesa Community College,,mesa-community-college,Mesa,AZ,85202,https://www.mesacc.edu/,33.390323,-111.871255,True,1
105206,Mohave Community College,,mohave-community-college,Kingman,AZ,86409-1238,https://www.mohave.edu/,35.270996,-114.029838,True,1
105215,Universal Technical Institute-Phoenix,Universal Technical Institute of Phoenix,universal-technical-institute-phoenix,Avondale,AZ,85323,https://www.uti.edu/,33.453005,-112.288123,True,3
105297,Dine College,,dine-college,Tsaile,AZ,86556,https://www.dinecollege.edu/,36.293328,-109.21684,True,1
105330,Northern Arizona University,NAU,northern-arizona-university,Flagstaff,AZ,86011-4092,https://nau.edu/,35.188449,-111.653724,True,1
105349,Northland Pioneer College,NPC,northland-pioneer-college,Holbrook,AZ,86025-0610,https://www.npc.edu/,34.93031,-110.142199,True,1
105428,Phoenix College,,phoenix-college,Phoenix,AZ,85013,https://www.phoenixcollege.edu/,33.481361,-112.088293,True,1
105525,Pima Community College,Pima County Community College District,pima-community-college,Tucson,AZ,85709-1275,https://www.pima.edu/,32.222125,-110.886659,True,1
105534,Pima Medical Institute-Tucson,,pima-medical-institute-tucson,Tucson,AZ,85712,https://pmi.edu/,32.248067,-110.878783,True,13
105543,Pima Medical Institute-Albuquerque,,pima-medical-institute-albuquerque,Albuquerque,NM,87110,https://pmi.edu/,35.104855,-106.59488,True,1
105589,Prescott College,Prescot College | Prescott University | Prescott University | Prescott | PC | Prescott Center for Alternative Education,prescott-college,Prescott,AZ,86301,https://prescott.edu/,34.5452,-112.477185,True,1
105659,Refrigeration School Inc,"The Refrigeration School, RSI",refrigeration-school-inc,Phoenix,AZ,85034-1816,https://www.rsi.edu/,33.448692,-111.989357,True,1
105668,Rio Salado College,,rio-salado-college,Tempe,AZ,85281,https://www.riosalado.edu/,33.413309,-111.97417,True,1
105677,Roberto-Venn School of Luthiery,,roberto-venn-school-of-luthiery,Phoenix,AZ,85007,https://www.roberto-venn.com/,33.45489,-112.086161,True,1
105747,Scottsdale Community College,,scottsdale-community-college,Scottsdale,AZ,85256,https://www.scottsdalecc.edu/,33.51135,-111.885186,True,1
105792,South Mountain Community College,,south-mountain-community-college,Phoenix,AZ,85042,https://www.southmountaincc.edu/,33.382406,-112.032635,True,1
105899,Arizona Christian University,,arizona-christian-university,Glendale,AZ,85306-3216,https://arizonachristian.edu/,33.622952,-112.181776,True,1
106041,Universal Technical Institute of Arizona Inc,Universal Technical Institute - Avondale,universal-technical-institute-of-arizona-inc,Avondale,AZ,85323,https://www.uti.edu/,33.453005,-112.288123,True,6
106148,Yavapai College,,yavapai-college,Prescott,AZ,86301,https://www.yc.edu/,34.547495,-112.453395,True,1
106245,University of Arkansas at Little Rock,UA Little Rock|University of Arkansas-Little Rock|Arkansas Little Rock|,university-of-arkansas-at-little-rock,Little Rock,AR,72204,https://ualr.edu/,34.723254,-92.339778,True,1
106263,University of Arkansas for Medical Sciences,UAMS,university-of-arkansas-for-medical-sciences,Little Rock,AR,72205-7199,https://www.uams.edu/,34.750152,-92.322348,True,1
106306,Arkansas Baptist College,,arkansas-baptist-college,Little Rock,AR,72202-6068,https://www.arkansasbaptist.edu/,34.734751,-92.290555,True,1
106324,Arkansas Beauty College,,arkansas-beauty-college,Russellville,AR,72801,https://www.arkansasbeautycollege.us/,35.27902,-93.135369,True,1
106342,Lyon College,,lyon-college,Batesville,AR,72501,https://www.lyon.edu/,35.777619,-91.625354,True,2
106351,Arkansas Technical School,,arkansas-technical-school,North Little Rock,AR,72114,https://www.arktech.edu/,34.753843,-92.266429,True,2
106397,University of Arkansas,University of Arkansas | Arkansas,university-of-arkansas,Fayetteville,AR,72701,https://www.uark.edu/,36.070009,-94.176981,True,1
106412,University of Arkansas at Pine Bluff,UAPB,university-of-arkansas-at-pine-bluff,Pine Bluff,AR,71601,https://www.uapb.edu/,34.244031,-92.018683,True,1
106449,Arkansas State University-Beebe,ASU-BEEBE,arkansas-state-university-beebe,Beebe,AR,72012-1000,https://www.asub.edu/,35.074176,-91.895351,True,1
106458,Arkansas State University,"A-State, AState",arkansas-state-university,Jonesboro,AR,72401,https://www.astate.edu/,35.842388,-90.679988,True,1
106467,Arkansas Tech University,ATU|Tech|Arkansas Tech,arkansas-tech-university,Russellville,AR,72801,https://www.atu.edu/,35.296091,-93.137172,True,1
106485,University of Arkansas at Monticello,UAM,university-of-arkansas-at-monticello,Monticello,AR,71656,https://www.uamont.edu/,33.590909,-91.811153,True,1
106494,Arthur's Beauty College,Arthur's Beauty College,arthur-s-beauty-college,Jacksonville,AR,72076,https://arthursbeautycollege.com/,34.891572,-92.102579,False,2
106546,Baptist Health College Little Rock,BHCLR,baptist-health-college-little-rock,Little Rock,AR,72210-2827,https://www.bhclr.edu/,34.713115,-92.40692,True,1
106625,Black River Technical College,,black-river-technical-college,Pocahontas,AR,72455,https://www.blackrivertech.edu/,36.239793,-90.951033,True,1
106704,University of Central Arkansas,,university-of-central-arkansas,Conway,AR,72035-0001,https://www.uca.edu/,35.077945,-92.457672,True,1
106713,Central Baptist College,CBC,central-baptist-college,Conway,AR,72034,https://www.cbc.edu/,35.083838,-92.445021,True,1
106795,Cossatot Community College of the University of Arkansas,UA Cossatot,cossatot-community-college-of-the-university-of-arkansas,De Queen,AR,71832,https://www.cccua.edu/index.html,34.043389,-94.3673,True,1
106810,Crowley's Ridge College,,crowley-s-ridge-college,Paragould,AR,72450,https://www.crc.edu/,36.064845,-90.584395,True,1
106883,University of Arkansas-East Arkansas Community College,UA-EACC,university-of-arkansas-east-arkansas-community-college,Forrest City,AR,72335-2204,https://www.eacc.edu/,35.041655,-90.767726,True,1
106908,Paul Mitchell the School-Little Rock,,paul-mitchell-the-school-little-rock,North Little Rock,AR,72117,https://paulmitchell.edu/littlerock,34.789913,-92.222202,True,1
106980,National Park College,National Park College,national-park-college,Hot Springs,AR,71913,https://www.np.edu/,34.512687,-93.119248,True,1
106999,University of Arkansas Community College-Batesville,UACCB,university-of-arkansas-community-college-batesville,Batesville,AR,72503-3350,https://www.uaccb.edu/,35.792923,-91.615852,True,1
107044,Harding University,,harding-university,Searcy,AR,72149-5615,https://www.harding.edu/,35.247386,-91.726143,True,1
107071,Henderson State University,,henderson-state-university,Arkadelphia,AR,71999-0001,https://www.hsu.edu/,34.128155,-93.059703,True,1
107080,Hendrix College,,hendrix-college,Conway,AR,72032-3080,https://www.hendrix.edu/,35.101565,-92.443256,True,1
107099,Hot Springs Beauty College,,hot-springs-beauty-college,Hot Springs,AR,71901,https://hotspringsbeautycollege.com/,34.496057,-93.037277,True,1
107123,Jefferson Regional School of Nursing,JR School of Nursing,jefferson-regional-school-of-nursing,Pine Bluff,AR,71603,https://www.jrmc.org/,34.191628,-92.05568,True,1
107141,John Brown University,,john-brown-university,Siloam Springs,AR,72761,https://www.jbu.edu/,36.189812,-94.560283,True,1
107220,Career Academy of Hair Design,"Arkansas Beauty Institute, LLC",career-academy-of-hair-design,Springdale,AR,72764-7128,https://www.beautynwa.com/,36.167605,-94.12947,True,5
107293,Academy of Salon and Spa,Academy of Salon & Spa,academy-of-salon-and-spa,Fort Smith,AR,72901,https://www.academysalonspa.com/,35.38097,-94.41616,True,1
107318,Arkansas State University Mid-South,ASU Mid-South,arkansas-state-university-mid-south,West Memphis,AR,72301-3829,https://www.asumidsouth.edu/,35.145736,-90.22285,True,1
107327,Arkansas Northeastern College,,arkansas-northeastern-college,Blytheville,AR,72316-1109,https://www.anc.edu/,35.898597,-89.921005,True,1
107442,New Tyler Barber College Inc,,new-tyler-barber-college-inc,North Little Rock,AR,72114-4973,https://newtylerbarbercollege.edu/,34.760085,-92.254171,True,1
107460,North Arkansas College,Northark,north-arkansas-college,Harrison,AR,72601-5508,https://www.northark.edu/,36.219909,-93.08844,True,1
107488,Northwest Technical Institute,NWTI  Northwest Technical Institute  Northwest Vocational-Technical School,northwest-technical-institute,Springdale,AR,72764,https://www.nwti.edu/,36.178032,-94.115346,True,1
107512,Ouachita Baptist University,OBU,ouachita-baptist-university,Arkadelphia,AR,71998-0001,https://obu.edu/,34.126093,-93.052471,True,1
107521,Arkansas State University Three Rivers,ASUTR,arkansas-state-university-three-rivers,Malvern,AR,72104-0816,https://www.asutr.edu/,34.378745,-92.821416,True,1
107549,Ozarka College,,ozarka-college,Melbourne,AR,72556-0010,https://www.ozarka.edu/,36.053031,-91.896355,True,1
107558,University of the Ozarks,Ozarks,university-of-the-ozarks,Clarksville,AR,72830,https://ozarks.edu/,35.476278,-93.467221,True,1
107585,University of Arkansas Community College-Morrilton,Petit Jean Technical College  Petit Jean College,university-of-arkansas-community-college-morrilton,Morrilton,AR,72110,https://www.uaccm.edu/,35.172136,-92.728507,True,1
107600,Philander Smith University,PSU,philander-smith-university,Little Rock,AR,72202-3799,https://www.philander.edu/,34.737131,-92.283015,True,1
107619,Phillips Community College of the University of Arkansas,Phillips County Community College PCCUA,phillips-community-college-of-the-university-of-arkansas,Helena,AR,72342-0785,https://www.pccua.edu/,34.546155,-90.616884,True,1
107637,Southeast Arkansas College,SEARK College,southeast-arkansas-college,Pine Bluff,AR,71603,https://www.seark.edu/,34.210309,-92.025936,True,1
107655,University of Aesthetics & Cosmetology,,university-of-aesthetics-cosmetology,El Dorado,AR,71730-4009,https://www.uofac.edu/,33.216032,-92.664101,True,1
107664,University of Arkansas-Pulaski Technical College,UA-Pulaski Tech,university-of-arkansas-pulaski-technical-college,North Little Rock,AR,72118-3347,https://uaptc.edu/,34.782783,-92.299184,True,1
107725,University of Arkansas Hope-Texarkana,UAHT,university-of-arkansas-hope-texarkana,Hope,AR,71801,https://www.uaht.edu/index.php,33.641665,-93.596762,True,2
107743,University of Arkansas Community College Rich Mountain,Universtiy of Arkansas Rich Mountain,university-of-arkansas-community-college-rich-mountain,Mena,AR,71953,https://www.uarichmountain.edu/,34.591449,-94.219799,True,1
107789,Paul Mitchell the School-Arkansas,,paul-mitchell-the-school-arkansas,Fayetteville,AR,72703,https://paulmitchell.edu/arkansas/,36.126373,-94.153892,True,1
107831,Searcy Beauty College,,searcy-beauty-college,Searcy,AR,72143,https://searcybeautycollege.com/,35.239148,-91.735135,True,1
107840,Shorter College,,shorter-college,N Little Rock,AR,72114,https://www.shortercollege.edu/,34.75933,-92.261331,True,1
107877,Williams Baptist University,,williams-baptist-university,Walnut Ridge,AR,72476,https://williamsbaptistuniversity.com/,36.125676,-90.940277,True,1
107974,South Arkansas College,SouthArk,south-arkansas-college,El Dorado,AR,71731-7010,https://www.southark.edu/,33.209446,-92.666087,True,1
107983,Southern Arkansas University Main Campus,,southern-arkansas-university-main-campus,Magnolia,AR,71753,https://www.saumag.edu/,33.291618,-93.235922,True,1
107992,Southern Arkansas University Tech,SAU Tech | SAUT,southern-arkansas-university-tech,Camden,AR,71701-1906,https://www.sautech.edu/,33.628367,-92.721629,True,1
108065,Velvatex College of Beauty Culture,,velvatex-college-of-beauty-culture,Little Rock,AR,72202-5452,https://www.velvatexcollege.com/,34.735685,-92.289597,True,1
108092,University of Arkansas-Fort Smith,UA Fort Smith; UAFS,university-of-arkansas-fort-smith,Fort Smith,AR,72913-3649,https://uafs.edu/,35.384184,-94.373729,True,1
108232,Academy of Art University,,academy-of-art-university,San Francisco,CA,94105,https://www.academyart.edu/,37.787943,-122.400578,True,1
108269,Academy of Chinese Culture and Health Sciences,ACCHS,academy-of-chinese-culture-and-health-sciences,Oakland,CA,94612,https://www.acchs.edu/,37.805972,-122.269839,True,1
108667,College of Alameda,,college-of-alameda,Alameda,CA,94501,https://alameda.edu/,37.781017,-122.279303,True,1
108807,Allan Hancock College,,allan-hancock-college,Santa Maria,CA,93454-6399,https://www.hancockcollege.edu/,34.943716,-120.421144,True,1
108861,Berkeley School of Theology,BST,berkeley-school-of-theology,Berkeley,CA,94704-3029,https://www.bst.edu/,37.865252,-122.256149,True,1
108870,American Film Institute Conservatory,AFI Conservatory,american-film-institute-conservatory,Los Angeles,CA,90027-1625,https://www.afi.com/,34.10767,-118.310018,True,1
108977,American Beauty College,,american-beauty-college,West Covina,CA,91790,https://www.americanbeautycollege.edu/,34.069367,-117.936959,True,1
109040,American Career College-Los Angeles,,american-career-college-los-angeles,Los Angeles,CA,90004,https://americancareercollege.edu/,34.079323,-118.292481,True,2
109208,American River College,American River | ARC,american-river-college,Sacramento,CA,95841-4286,https://www.arc.losrios.edu/,38.65085,-121.349672,True,1
109350,Antelope Valley Community College District,AVC,antelope-valley-community-college-district,Lancaster,CA,93536-5426,https://www.avc.edu/,34.676207,-118.186166,True,1
109651,Art Center College of Design,,art-center-college-of-design,Pasadena,CA,91103,https://www.artcenter.edu/,34.169031,-118.185102,True,1
109721,Associated Technical College-Los Angeles,,associated-technical-college-los-angeles,Los Angeles,CA,90017-1604,https://www.atcla.edu/,34.056102,-118.272364,True,1
109785,Azusa Pacific University,,azusa-pacific-university,Azusa,CA,91702-7000,https://www.apu.edu/,34.130047,-117.888375,True,1
109819,Bakersfield College,,bakersfield-college,Bakersfield,CA,93305-1299,https://www.bakersfieldcollege.edu/,35.40911,-118.973753,True,1
109907,Barstow Community College,Barstow Community College,barstow-community-college,Barstow,CA,92311,https://www.barstow.edu/,34.870285,-117.023412,True,1
109934,Bellus Academy-Chula Vista,Bellus Academy,bellus-academy-chula-vista,Chula Vista,CA,91911,https://bellusacademy.edu/,32.614773,-117.083738,True,1
110060,Bethesda University,Bethesda University,bethesda-university,Anaheim,CA,92801,https://www.buc.edu/,33.842295,-117.941323,True,1
110097,Biola University,,biola-university,La Mirada,CA,90639-0001,https://www.biola.edu/,33.906203,-118.014374,True,1
110194,Brownson Technical School,,brownson-technical-school,Anaheim,CA,92805,https://brownson.edu/,33.819032,-117.905774,True,1
110219,Bryan University,,bryan-university,Tempe,AZ,85281,https://bryanuniversity.edu/,33.437779,-111.944197,True,1
110246,Butte College,,butte-college,Oroville,CA,95965-8399,https://www.butte.edu/,39.649782,-121.644831,True,1
110316,California Institute of Integral Studies,CIIS,california-institute-of-integral-studies,San Francisco,CA,94103,https://www.ciis.edu/,37.774924,-122.416102,True,1
110334,Cabrillo College,,cabrillo-college,Aptos,CA,95003,https://www.cabrillo.edu/,36.989448,-121.924797,True,1
110361,California Baptist University,CBU,california-baptist-university,Riverside,CA,92504-3297,https://www.calbaptist.edu/,33.929321,-117.425619,True,1
110370,California College of the Arts,,california-college-of-the-arts,San Francisco,CA,94107-2247,https://www.cca.edu/,37.767485,-122.399451,True,1
110398,University of California College of the Law-San Francisco,UC Law SF,university-of-california-college-of-the-law-san-francisco,San Francisco,CA,94102-4978,https://www.uclawsf.edu/,37.781137,-122.4157,True,1
110404,California Institute of Technology,Caltech,california-institute-of-technology,Pasadena,CA,91125,https://www.caltech.edu/,34.137349,-118.125878,True,1
110413,California Lutheran University,,california-lutheran-university,Thousand Oaks,CA,91360-2787,https://www.callutheran.edu/,34.224566,-118.878924,True,1
110422,California Polytechnic State University-San Luis Obispo,Cal Poly,california-polytechnic-state-university-san-luis-obispo,San Luis Obispo,CA,93407,https://calpoly.edu/,35.299513,-120.657311,True,1
110468,Alliant International University-San Diego,Alliant,alliant-international-university-san-diego,San Diego,CA,92131,https://www.alliant.edu/,32.897056,-117.094398,True,7
110486,California State University-Bakersfield,CSU Bakersfield,california-state-university-bakersfield,Bakersfield,CA,93311-1099,https://www.csub.edu/,35.350005,-119.104711,True,1
110495,California State University-Stanislaus,Stanislaus State,california-state-university-stanislaus,Turlock,CA,95382-0299,https://www.csustan.edu/,37.52577,-120.852511,True,1
110510,California State University-San Bernardino,Cal State San Bernardino,california-state-university-san-bernardino,San Bernardino,CA,92407-2393,https://www.csusb.edu/,34.182622,-117.323801,True,1
110529,California State Polytechnic University-Pomona,Cal Poly Pomona,california-state-polytechnic-university-pomona,Pomona,CA,91768,https://www.cpp.edu/,34.057912,-117.821476,True,1
110538,California State University-Chico,,california-state-university-chico,Chico,CA,95929-0150,https://www.csuchico.edu/,39.729712,-121.844859,True,1
110547,California State University-Dominguez Hills,CSUDH,california-state-university-dominguez-hills,Carson,CA,90747-0005,https://www.csudh.edu/,33.864766,-118.255917,True,1
110556,California State University-Fresno,,california-state-university-fresno,Fresno,CA,93740,https://www.fresnostate.edu/,36.811154,-119.744569,True,1
110565,California State University-Fullerton,Cal State Fullerton,california-state-university-fullerton,Fullerton,CA,92832-3599,https://www.fullerton.edu/,33.881506,-117.885446,True,1
110574,California State University-East Bay,Cal State East Bay,california-state-university-east-bay,Hayward,CA,94542,https://www.csueastbay.edu/,37.657694,-122.054135,True,1
110583,California State University-Long Beach,Cal State Long Beach,california-state-university-long-beach,Long Beach,CA,90840-0115,https://www.csulb.edu/,33.782818,-118.11204,True,1
110592,California State University-Los Angeles,Cal State LA,california-state-university-los-angeles,Los Angeles,CA,90032-8506,https://www.calstatela.edu/,34.066927,-118.168965,True,1
110608,California State University-Northridge,CSUN,california-state-university-northridge,Northridge,CA,91330,https://www.csun.edu/,34.240126,-118.529319,True,1
110617,California State University-Sacramento,Sacramento State,california-state-university-sacramento,Sacramento,CA,95819-2694,https://www.csus.edu/,38.559415,-121.423549,True,1
110635,University of California-Berkeley,UC Berkeley,university-of-california-berkeley,Berkeley,CA,94720,https://www.berkeley.edu/,37.871918,-122.260463,True,1
110644,University of California-Davis,UC Davis,university-of-california-davis,Davis,CA,95616-8678,https://ucdavis.edu/,38.539667,-121.749567,True,1
110653,University of California-Irvine,UCI  UC Irvine,university-of-california-irvine,Irvine,CA,92697,https://www.uci.edu/,33.648434,-117.841248,True,1
110662,University of California-Los Angeles,UCLA,university-of-california-los-angeles,Los Angeles,CA,90095-1405,https://www.ucla.edu/,34.07178,-118.442179,True,1
110671,University of California-Riverside,UC Riverside,university-of-california-riverside,Riverside,CA,92521,https://www.ucr.edu/,33.97246,-117.32741,True,1
110680,University of California-San Diego,UCSD UC San Diego,university-of-california-san-diego,La Jolla,CA,92093,https://www.ucsd.edu/,32.877749,-117.235866,True,1
110699,University of California-San Francisco,"UCSF  UC San Francisco  University of California at San Francisco  University of California, San Francisco",university-of-california-san-francisco,San Francisco,CA,94143-0244,https://ucsf.edu/,37.763737,-122.458489,True,1
110705,University of California-Santa Barbara,UCSB  UC Santa Barbara,university-of-california-santa-barbara,Santa Barbara,CA,93106,https://www.ucsb.edu/,34.416297,-119.846426,True,1
110714,University of California-Santa Cruz,UC Santa Cruz,university-of-california-santa-cruz,Santa Cruz,CA,95064-1011,https://www.ucsc.edu/,36.995584,-122.058801,True,1
110778,Sofia University,Institute of Transpersonal Psychology,sofia-university,Palo Alto,CA,94303,https://www.sofia.edu/,37.430325,-122.10866,True,1
110875,California Beauty College,,california-beauty-college,Modesto,CA,95354,https://www.calbeautycollege.edu/,37.645371,-120.997481,True,1
111045,Haven University,,haven-university,Garden Grove,CA,92840-1340,https://www.haven.edu/,33.777392,-117.939412,True,1
111054,California Hair Design Academy,,california-hair-design-academy,La Mesa,CA,91942-5055,https://chdaschools.com/,32.765221,-117.024261,True,1
111081,California Institute of the Arts,CalArts,california-institute-of-the-arts,Valencia,CA,91355-2397,https://www.calarts.edu/,34.39327,-118.566837,True,1
111188,Cal Poly Maritime Academy,Cal Poly Maritime Academy,cal-poly-maritime-academy,Vallejo,CA,94590-8181,https://maritime.calpoly.edu/,38.069061,-122.231551,True,1
111391,California Western School of Law,,california-western-school-of-law,San Diego,CA,92101-3046,https://www.cwsl.edu/,32.722192,-117.162416,True,1
111434,Canada College,,canada-college,Redwood City,CA,94061-1099,https://canadacollege.edu/,37.44877,-122.265398,True,1
111461,College of the Canyons,,college-of-the-canyons,Santa Clarita,CA,91355-1899,https://www.canyons.edu/,34.403993,-118.568698,True,1
111513,Career Academy of Beauty,,career-academy-of-beauty,Garden Grove,CA,92845,https://caofb.com/,33.781018,-118.031697,True,1
111638,Casa Loma College-Los Angeles,,casa-loma-college-los-angeles,Sherman Oaks,CA,91403,https://www.casalomacollege.edu/,34.155096,-118.466548,True,3
111708,CET-San Diego,,cet-san-diego,San Diego,CA,92102,https://www.cetweb.edu/,32.711302,-117.105328,False,11
111717,CET-San Jose,,cet-san-jose,San Jose,CA,95110,https://cetweb.edu/,37.322723,-121.88698,True,11
111726,CET-El Centro,,cet-el-centro,El Centro,CA,92243,https://cetweb.edu/,32.790908,-115.549079,False,11
111744,CET-Colton,Institution relocated to the new address below,cet-colton,Colton,CA,92324,https://cetweb.edu/,34.077381,-117.353488,False,11
111762,CET-Watsonville,,cet-watsonville,Watsonville,CA,95076,https://www.cetweb.edu/,36.931833,-121.767991,False,11
111799,CET-Salinas,,cet-salinas,Salinas,CA,93906,https://cetweb.edu/,36.707333,-121.65236,False,11
111887,Cerritos College,,cerritos-college,Norwalk,CA,90650-6298,https://www.cerritos.edu/,33.886874,-118.097337,True,1
111896,Cerro Coso Community College,,cerro-coso-community-college,Ridgecrest,CA,93555-9571,https://cerrocoso.edu/,35.567525,-117.66767,True,1
111920,Chabot College,,chabot-college,Hayward,CA,94545,https://www.chabotcollege.edu/,37.642458,-122.105636,True,1
111939,Chaffey College,,chaffey-college,Rancho Cucamonga,CA,91737-3002,https://www.chaffey.edu/,34.147663,-117.573932,True,1
111948,Chapman University,,chapman-university,Orange,CA,92866,https://www.chapman.edu/,33.79302,-117.852518,True,1
111966,Charles R Drew University of Medicine and Science,CDU,charles-r-drew-university-of-medicine-and-science,Los Angeles,CA,90059,https://www.cdrewu.edu/,33.925658,-118.242791,True,1
112075,Concordia University-Irvine,Concordia University Irvine,concordia-university-irvine,Irvine,CA,92612-3203,https://www.cui.edu/,33.653665,-117.812305,True,1
112084,San Diego Christian College,,san-diego-christian-college,Santee,CA,92071,https://sdcc.edu/,32.843454,-116.978089,True,1
112127,Church Divinity School of the Pacific,CDSP,church-divinity-school-of-the-pacific,Berkeley,CA,94709-1211,https://www.cdsp.edu/,37.876184,-122.261122,True,1
112172,Citrus College,,citrus-college,Glendora,CA,91741-1899,https://www.citruscollege.edu/,34.13537,-117.886469,True,1
112181,Citrus Heights Beauty College,,citrus-heights-beauty-college,Citrus Heights,CA,95610-1410,https://chbeautycollege.com/,38.712951,-121.289529,True,1
112190,City College of San Francisco,,city-college-of-san-francisco,San Francisco,CA,94112-1898,https://www.ccsf.edu/,37.725953,-122.451155,True,1
112251,Claremont Graduate University,,claremont-graduate-university,Claremont,CA,91711-6160,https://www.cgu.edu/,34.103585,-117.713703,True,1
112260,Claremont McKenna College,,claremont-mckenna-college,Claremont,CA,91711-6400,https://www.cmc.edu/,34.102154,-117.711188,True,1
112288,Milan Institute-Visalia,,milan-institute-visalia,Visalia,CA,93277,https://www.milaninstitute.edu/,36.27164,-119.312151,True,2
112367,Clovis Adult Education,,clovis-adult-education,Clovis,CA,93611,https://clovisadult.cusd.com/,36.834459,-119.690369,True,1
112385,Coastline Community College,,coastline-community-college,Fountain Valley,CA,92708-2597,https://www.coastline.edu/,33.716054,-117.928979,True,1
112394,University of Silicon Valley,Cogswell College,university-of-silicon-valley,San Jose,CA,95134,https://www.usv.edu/,37.414049,-121.94087,True,1
112455,Coba Academy,,coba-academy,Anaheim,CA,92801,https://www.coba.edu/,33.841141,-117.943108,True,1
112525,Western University of Health Sciences,WesternU,western-university-of-health-sciences,Pomona,CA,91766-1854,https://www.westernu.edu/,34.058092,-117.747732,True,1
112561,Columbia College,CC,columbia-college,Sonora,CA,95370,https://www.gocolumbia.edu/,38.030367,-120.388385,True,1
112686,Compton College,,compton-college,Compton,CA,90221-5393,https://www.compton.edu/,33.878226,-118.209463,True,1
112826,Contra Costa College,CCC,contra-costa-college,San Pablo,CA,94806,https://www.contracosta.edu/,37.969381,-122.337377,True,1
113096,Cosumnes River College,Cosumnes River | CRC,cosumnes-river-college,Sacramento,CA,95823-5799,https://www.crc.losrios.edu/,38.45295,-121.423108,True,1
113111,Crafton Hills College,CHC--Crafton Hills College,crafton-hills-college,Yucaipa,CA,92339-1799,https://www.craftonhills.edu/,34.039178,-117.101173,True,1
113193,Cuesta College,,cuesta-college,San Luis Obispo,CA,93403-8106,https://www.cuesta.edu/,35.331276,-120.742235,True,1
113218,Cuyamaca College,,cuyamaca-college,El Cajon,CA,92019,https://www.cuyamaca.edu/,32.744305,-116.942854,True,1
113236,Cypress College,,cypress-college,Cypress,CA,90630-5897,https://www.cypresscollege.edu/,33.82833,-118.025143,True,1
113333,De Anza College,,de-anza-college,Cupertino,CA,95014,https://www.deanza.edu/,37.319914,-122.045783,True,1
113449,International School of Beauty Inc,International School of Beauty,international-school-of-beauty-inc,Palm Desert,CA,92260-2740,https://btyschool.com/,33.729555,-116.403928,True,1
113573,College of the Desert,Desert Community College District,college-of-the-desert,Palm Desert,CA,92260,https://www.collegeofthedesert.edu/,33.732108,-116.388271,True,1
113582,Design Institute of San Diego,,design-institute-of-san-diego,San Diego,CA,92121,https://www.disd.edu/,32.880926,-117.167374,True,1
113634,Diablo Valley College,"Diablo Valley, DVC",diablo-valley-college,Pleasant Hill,CA,94523,https://www.dvc.edu/,37.968516,-122.073142,True,1
113698,Dominican University of California,DUofC,dominican-university-of-california,San Rafael,CA,94901-2298,https://www.dominican.edu/,37.981279,-122.512051,True,1
113704,Dominican School of Philosophy & Theology,The Dominican School|DSPT|College of St. Albert the Great,dominican-school-of-philosophy-theology,Berkeley,CA,94708-1816,https://www.dspt.edu/,37.881099,-122.264612,True,1
113856,East Los Angeles College,,east-los-angeles-college,Monterey Park,CA,91754-6099,https://www.elac.edu/,34.040531,-118.148785,True,1
113980,El Camino Community College District,ECC,el-camino-community-college-district,Torrance,CA,90506,https://www.elcamino.edu/,33.885229,-118.329913,True,1
114266,Evergreen Valley College,,evergreen-valley-college,San Jose,CA,95135-1598,https://www.evc.edu/,37.30167,-121.76561,True,1
114433,Feather River Community College District,Feather River College,feather-river-community-college-district,Quincy,CA,95971-9124,https://www.frc.edu/,39.953101,-120.973067,True,1
114460,Federico Beauty Institute,,federico-beauty-institute,Sacramento,CA,95834,https://federico.edu/,38.64883,-121.497761,True,1
114549,Fielding Graduate University,Fielding|Fielding Institute|Fielding Graduate Institute,fielding-graduate-university,Santa Barbara,CA,93105-3538,https://www.fielding.edu/,34.42941,-119.717161,True,1
114585,Five Branches University,,five-branches-university,Santa Cruz,CA,95062,https://www.fivebranches.edu/,36.964348,-121.998245,True,2
114637,Redondo Beach Beauty College,,redondo-beach-beauty-college,Torrance,CA,90505,https://rbbeautycollege.com/,33.809096,-118.35009,True,1
114716,Foothill College,,foothill-college,Los Altos Hills,CA,94022,https://foothill.edu/,37.361655,-122.127964,True,1
114734,Franciscan School of Theology,FST,franciscan-school-of-theology,San Diego,CA,92110,https://www.fst.edu/,32.770816,-117.192073,True,1
114761,Fredrick and Charles Beauty College,,fredrick-and-charles-beauty-college,Eureka,CA,95501,https://www.fandcbeauty.com/,40.798885,-124.164986,True,1
114789,Fresno City College,,fresno-city-college,Fresno,CA,93741,https://www.fresnocitycollege.edu/,36.768164,-119.796096,True,1
114813,Fresno Pacific University,,fresno-pacific-university,Fresno,CA,93702-4709,https://www.fresno.edu/,36.726831,-119.735199,True,1
114840,Fuller Theological Seminary,,fuller-theological-seminary,Pasadena,CA,91182,https://www.fuller.edu/,34.14778,-118.140261,True,1
114859,Fullerton College,,fullerton-college,Fullerton,CA,92832-2095,https://www.fullcoll.edu/,33.875514,-117.918255,True,1
114938,Gavilan College,,gavilan-college,Gilroy,CA,95020,https://www.gavilan.edu/,36.972627,-121.569842,True,1
114947,Gemological Institute of America-Carlsbad,GIA,gemological-institute-of-america-carlsbad,Carlsbad,CA,92008,https://www.gia.edu/gem-education,33.131313,-117.318765,True,2
115001,Glendale Community College,GCC | Glendale College,glendale-community-college-2,Glendale,CA,91208-2894,https://www.glendale.edu/,34.16745,-118.227666,True,1
115010,Glendale Career College,dba Glendale Career College,glendale-career-college,Glendale,CA,91203,https://www.glendalecareer.com/,34.149771,-118.254719,True,7
115083,Golden Gate University,,golden-gate-university,San Francisco,CA,94105-2968,https://www.ggu.edu/,37.789374,-122.398969,True,1
115126,Golden West College,,golden-west-college,Huntington Beach,CA,92647-2710,https://www.goldenwestcollege.edu/,33.732531,-118.002568,True,1
115214,Graduate Theological Union,GTU,graduate-theological-union,Berkeley,CA,94709,https://www.gtu.edu/,37.87554,-122.261847,True,1
115296,Grossmont College,,grossmont-college,El Cajon,CA,92020-1799,https://www.grossmont.edu/,32.815246,-117.006277,True,1
115357,Salon Success Academy-Riverside,,salon-success-academy-riverside,Riverside,CA,92506,https://www.salonsuccessacademy.com/,33.943149,-117.391024,True,1
115393,Hartnell College,,hartnell-college,Salinas,CA,93901,https://www.hartnell.edu/,36.675091,-121.666054,True,1
115409,Harvey Mudd College,"Mudd, HMC",harvey-mudd-college,Claremont,CA,91711,https://www.hmc.edu/,34.106515,-117.709837,True,1
115658,Hilltop Beauty School,,hilltop-beauty-school,Daly City,CA,94014,https://www.hilltopbeautyschool.com/,37.705502,-122.461467,True,1
115746,Pacifica Graduate Institute,,pacifica-graduate-institute,Santa Barbara CA,CA,93108,https://www.pacifica.edu/,34.420881,-119.580414,True,1
115755,California State Polytechnic University-Humboldt,Cal Poly Humboldt,california-state-polytechnic-university-humboldt,Arcata,CA,95521-8299,https://www.humboldt.edu/,40.877481,-124.078293,True,1
115773,Humphreys University,Humphreys University-Stockton and Modesto Campuses,humphreys-university,Stockton,CA,95207,https://www.humphreys.edu/,38.011489,-121.316918,True,1
115861,Imperial Valley College,IVC,imperial-valley-college,Imperial,CA,92251-0158,https://www.imperial.edu/,32.827209,-115.503563,True,1
115931,Institute for Business and Technology,,institute-for-business-and-technology,San Jose,CA,95134-1620,https://ibt.edu/,37.411098,-121.943094,True,3
116226,Interior Designers Institute,,interior-designers-institute,Newport Beach,CA,92660,https://idi.edu/,33.641393,-117.865722,True,1
116439,Irvine Valley College,,irvine-valley-college,Irvine,CA,92618-0301,https://www.ivc.edu/,33.675381,-117.777539,True,2
116563,Bellus Academy-El Cajon,Bellus Academy,bellus-academy-el-cajon,El Cajon,CA,92021,https://bellusacademy.edu/,32.794072,-116.94627,True,1
116846,American Jewish University,AJU,american-jewish-university,Los Angeles,CA,90077-1519,https://www.aju.edu/,34.128153,-118.471706,True,1
117052,Reedley College,,reedley-college,Reedley,CA,93654,https://www.reedleycollege.edu/,36.605428,-119.458555,True,1
117104,Life Pacific University,LIFE Bible College,life-pacific-university,San Dimas,CA,91773-3298,https://lifepacific.edu/,34.098705,-117.829388,True,2
117140,University of La Verne,La Verne,university-of-la-verne,La Verne,CA,91750-4401,https://www.laverne.edu/,34.100855,-117.773262,True,1
117168,Laguna College of Art and Design,LCAD,laguna-college-of-art-and-design,Laguna Beach,CA,92651,https://www.lcad.edu/,33.561448,-117.772564,True,1
117195,Lake Tahoe Community College,LTCC,lake-tahoe-community-college,South Lake Tahoe,CA,96150,https://www.ltcc.edu/,38.926797,-119.972574,True,1
117238,Lancaster Beauty School,,lancaster-beauty-school,Lancaster,CA,93534,https://www.lancasterbeautyschool.com/,34.694914,-118.147547,True,1
117247,Laney College,,laney-college,Oakland,CA,94607,https://laney.edu/,37.797257,-122.26283,True,1
117274,Lassen Community College,,lassen-community-college,Susanville,CA,96130,https://www.lassencollege.edu/,40.432053,-120.633271,True,1
117283,Latin American Bible Institute,LABI College,latin-american-bible-institute,La Puente,CA,91746-3099,https://labi.edu/,34.030992,-117.989601,True,1
117520,Life Chiropractic College West,Life West,life-chiropractic-college-west,Hayward,CA,94545,https://www.lifewest.edu/,37.638099,-122.117619,True,2
117557,Lincoln University,,lincoln-university,Oakland,CA,94612-2801,https://lincolnuca.edu/,37.804788,-122.269745,True,1
117575,Southern California Seminary,,southern-california-seminary,El Cajon,CA,92019-1108,https://www.socalsem.edu/,32.799614,-116.905461,True,1
117627,La Sierra University,,la-sierra-university,Riverside,CA,92505-8247,https://lasierra.edu/,33.910704,-117.500054,True,1
117636,Loma Linda University,,loma-linda-university,Loma Linda,CA,92350,https://www.llu.edu/index.html,34.051241,-117.260605,True,1
117645,Long Beach City College,,long-beach-city-college,Long Beach,CA,90808-1706,https://www.lbcc.edu/,33.833593,-118.135633,True,1
117672,Southern California University of Health Sciences,Los Angeles College of Chiropractic,southern-california-university-of-health-sciences,Whittier,CA,90604,https://www.scuhs.edu/,33.922966,-117.983401,True,1
117690,Los Angeles Harbor College,Harbor College,los-angeles-harbor-college,Wilmington,CA,90744-2397,https://www.lahc.edu/,33.785825,-118.283549,True,1
117706,Los Angeles Pierce College,"Pierce College, LA Pierce College, LAPC",los-angeles-pierce-college,Woodland Hills,CA,91371-0002,https://www.lapc.edu/,34.183949,-118.575071,True,1
117715,Los Angeles Southwest College,,los-angeles-southwest-college,Los Angeles,CA,90047-4899,https://www.lasc.edu/,33.929586,-118.304674,True,1
117724,Los Angeles Trade Technical College,,los-angeles-trade-technical-college,Los Angeles,CA,90015-4181,https://www.lattc.edu/,34.031907,-118.269447,True,1
117733,Los Angeles Valley College,LA Valley College,los-angeles-valley-college,Valley Glen,CA,91401-4096,https://www.lavc.edu/,34.175165,-118.421734,True,1
117751,The Master's University and Seminary,,the-master-s-university-and-seminary,Santa Clarita,CA,91321-1200,https://www.masters.edu/,34.381755,-118.518193,True,1
117788,Los Angeles City College,,los-angeles-city-college,Los Angeles,CA,90029,https://www.lacc.edu/,34.087301,-118.292169,True,1
117803,Los Angeles County College of Nursing and Allied Health,L.A. County School of Nursing,los-angeles-county-college-of-nursing-and-allied-health,Los Angeles,CA,90033-1084,https://dhs.lacounty.gov/college-of-nursing-and-allied-health/,34.062647,-118.211852,True,1
117867,Los Angeles Mission College,,los-angeles-mission-college,Sylmar,CA,91342,https://www.lamission.edu/,34.314668,-118.4195,True,1
117894,Los Medanos College,"Los Medanos, LMC",los-medanos-college,Pittsburg,CA,94565,https://www.losmedanos.edu/,38.006474,-121.860967,True,1
117946,Loyola Marymount University,,loyola-marymount-university,Los Angeles,CA,90045-2659,https://www.lmu.edu/,33.97085,-118.415744,True,1
117955,Lu Ross Academy,,lu-ross-academy,Ventura,CA,93001-2729,https://www.lurossacademy.com/,34.278034,-119.293952,True,1
118134,Lyle's College of Beauty,,lyle-s-college-of-beauty,Bakersfield,CA,93301,https://lylescolleges.com/,35.386539,-119.02387,False,2
118143,Lyle's College of  Beauty,Lyles College of Beauty  Lyles College,lyle-s-college-of-beauty-2,Fresno,CA,93710,https://lylescolleges.com/,36.836265,-119.774167,True,2
118161,Lytles Redwood Empire Beauty College,Lytle's Beauty College,lytles-redwood-empire-beauty-college,Santa Rosa,CA,95403,https://www.lytlesrebc.edu/,38.508385,-122.75777,True,1
118198,MTI College,Campus,mti-college,Sacramento,CA,95841-9817,https://campus.edu/,38.661377,-121.342568,True,1
118347,College of Marin,,college-of-marin,Kentfield,CA,94904-2590,https://www.marin.edu/,37.951918,-122.548758,True,1
118684,Mendocino College,,mendocino-college,Ukiah,CA,95482,https://www.mendocino.edu/,39.188989,-123.228809,True,1
118693,Menlo College,Menlo,menlo-college,Atherton,CA,94027-4301,https://www.menlo.edu/,37.453475,-122.190797,True,1
118718,Merced College,Merced Community College District,merced-college,Merced,CA,95348-2806,https://www.mccd.edu/,37.3353,-120.476464,True,1
118772,Merritt College,,merritt-college,Oakland,CA,94619-3196,https://www.merritt.edu/,37.789088,-122.167335,True,1
118888,Northeastern University Oakland,,northeastern-university-oakland,Oakland,CA,94613,https://oakland.northeastern.edu/,37.781425,-122.182294,False,2
118912,MiraCosta College,,miracosta-college,Oceanside,CA,92056-3899,https://www.miracosta.edu/,33.190483,-117.302606,True,2
118930,Mission College,,mission-college,Santa Clara,CA,95054-1897,https://www.missioncollege.edu/,37.391935,-121.980783,True,1
118958,Modern Beauty Academy,,modern-beauty-academy,Oxnard,CA,93030,https://www.modernbeautyacademy.org/,34.195384,-119.181423,True,1
118976,Modesto Junior College,MJC,modesto-junior-college,Modesto,CA,95350-5800,https://www.mjc.edu/,37.651056,-121.009792,True,1
118994,Moler Barber College,"Quattro Barber Colleges, Corp.",moler-barber-college,Oakland,CA,94607,https://moler.org/,37.805501,-122.294723,True,1
119058,Middlebury Institute of International Studies at Monterey,MIIS,middlebury-institute-of-international-studies-at-monterey,Monterey,CA,93940,https://www.middlebury.edu/institute/,36.599736,-121.897325,False,2
119067,Monterey Peninsula College,,monterey-peninsula-college,Monterey,CA,93940-4799,https://www.mpc.edu/,36.590558,-121.884931,True,1
119137,Moorpark College,,moorpark-college,Moorpark,CA,93021-1695,https://www.moorparkcollege.edu/index.shtml,34.301146,-118.834528,True,1
119164,Mt San Antonio College,Mt. SAC,mt-san-antonio-college,Walnut,CA,91789-1399,https://www.mtsac.edu/,34.047764,-117.846629,True,1
119173,Mount Saint Mary's University,,mount-saint-mary-s-university,Los Angeles,CA,90049-1599,https://www.msmu.edu/,34.085315,-118.482879,True,2
119216,Mt San Jacinto Community College District,Mt. San Jacinto CCD,mt-san-jacinto-community-college-district,San Jacinto,CA,92583-2399,https://www.msjc.edu/,33.806748,-116.971169,True,1
119270,Musicians Institute,,musicians-institute,Hollywood,CA,90028,https://www.mi.edu/,34.101265,-118.337582,True,1
119331,Napa Valley College,,napa-valley-college,Napa,CA,94558-6236,https://www.napavalley.edu/,38.274081,-122.274381,True,1
119553,National Holistic Institute,Bauman College,national-holistic-institute,Emeryville,CA,94608-2008,https://www.nhi.edu/,37.841898,-122.287672,True,1
119605,National University,,national-university,San Diego,CA,92123,https://www.nu.edu/,32.829299,-117.127296,True,1
119678,Naval Postgraduate School,,naval-postgraduate-school,Monterey,CA,93943,https://www.nps.edu/,36.597159,-121.874248,True,1
119775,Newschool of Architecture and Design,,newschool-of-architecture-and-design,San Diego,CA,92101,https://www.newschoolarch.edu/,32.71331,-117.153305,True,1
119951,North Adrian's College of Beauty Inc,North Adrian's College of BeautyAdrian's Beauty College of Tracy,north-adrian-s-college-of-beauty-inc,Modesto,CA,95350-2381,https://www.adrians.edu/,37.677778,-120.992753,True,1
120069,North-West College-Pomona,,north-west-college-pomona,Pomona,CA,91768,https://www.nw.edu/,34.062043,-117.751227,True,4
120078,North-West College-West Covina,,north-west-college-west-covina,West Covina,CA,91790,https://www.nw.edu/locations/west-covina-campus/,34.072071,-117.949583,True,2
120087,North-West College-Van Nuys,North-West College - Pasadena,north-west-college-van-nuys,Van Nuys,CA,91411,https://www.nw.edu/,34.189497,-118.450184,True,1
120166,San Francisco Bay University,SFBU,san-francisco-bay-university,Fremont,CA,94539,https://www.sfbu.edu/,37.485056,-121.927899,False,1
120184,Notre Dame de Namur University,NDNU,notre-dame-de-namur-university,Belmont,CA,94002-1908,https://www.ndnu.edu/,37.517111,-122.284794,True,1
120254,Occidental College,Oxy,occidental-college,Los Angeles,CA,90041-3392,https://www.oxy.edu/,34.127124,-118.210908,True,1
120290,Ohlone College,,ohlone-college,Fremont,CA,94539-0390,https://www.ohlone.edu/,37.529931,-121.911795,True,1
120342,Orange Coast College,,orange-coast-college,Costa Mesa,CA,92626,https://orangecoastcollege.edu/,33.66927,-117.909086,True,1
120403,Otis College of Art and Design,"Otis Art Institute, Otis Parsons, Otis/Parsons",otis-college-of-art-and-design,Los Angeles,CA,90045-3505,https://www.otis.edu/,33.956607,-118.416615,True,1
120421,Oxnard College,,oxnard-college,Oxnard,CA,93033-6699,https://www.oxnardcollege.edu/,34.166104,-119.157604,True,1
120537,Hope International University,Hope|HIU|College of Arts and Sciences|College of Business and Management|College of Education|Pacific Christian of Ministry and Biblical Studies|College of Psychology and Counseling|Fullerton|Orange County|California|,hope-international-university,Fullerton,CA,92831-3199,https://www.hiu.edu/,33.87616,-117.88573,True,1
120661,Concorde Career College-San Diego,,concorde-career-college-san-diego,San Diego,CA,92113-1964,https://www.concorde.edu/campus/san-diego-california,32.702814,-117.102845,True,1
120698,Palo Alto University,Pacific Graduate School of Psychology,palo-alto-university,Palo Alto,CA,94304-1337,https://www.paloaltou.edu/,37.382216,-122.187437,True,1
120768,Pacific Oaks College,Pacific Oaks Education Corporation,pacific-oaks-college,Pasadena,CA,91103,https://www.pacificoaks.edu/,34.153382,-118.151323,True,1
120795,Pacific School of Religion,,pacific-school-of-religion,Berkeley,CA,94709,https://www.psr.edu/,37.87669,-122.263155,True,1
120865,Pacific Union College,PUC,pacific-union-college,Angwin,CA,94508-9707,https://www.puc.edu/,38.570585,-122.440308,True,1
120883,University of the Pacific,Pacific | UOP | University of Pacific | Pacific University | U. Pacific | Univ. of Pacific | U. of Pacific,university-of-the-pacific,Stockton,CA,95211-0197,https://www.pacific.edu/,37.981424,-121.312301,True,1
120953,Palo Verde College,,palo-verde-college,Blythe,CA,92225,https://www.paloverde.edu/,33.661538,-114.651698,True,1
120971,Palomar College,,palomar-college,San Marcos,CA,92069-1487,https://www2.palomar.edu/,33.149483,-117.183978,True,1
121044,Pasadena City College,,pasadena-city-college,Pasadena,CA,91106-2003,https://pasadena.edu/,34.144552,-118.118196,True,1
121150,Pepperdine University,Pepperdine University,pepperdine-university,Malibu,CA,90263,https://www.pepperdine.edu/,34.037786,-118.707077,True,1
121257,Pitzer College,Pitzer|PZ|PTZ|,pitzer-college,Claremont,CA,91711-6101,https://www.pitzer.edu/,34.104107,-117.706675,True,1
121309,Point Loma Nazarene University,PLNU,point-loma-nazarene-university,San Diego,CA,92106-2899,https://www.pointloma.edu/,32.718391,-117.250265,True,1
121345,Pomona College,,pomona-college,Claremont,CA,91711-4434,https://www.pomona.edu/,34.099027,-117.714556,True,1
121363,Porterville College,,porterville-college,Porterville,CA,93257,https://www.portervillecollege.edu/,36.049256,-119.014368,True,1
121433,Professional Institute of Beauty,,professional-institute-of-beauty,El Monte,CA,91731,https://www.pib.edu/,34.075561,-118.039028,True,1
121619,Santa Ana College,SAC,santa-ana-college,Santa Ana,CA,92706-3398,https://www.sac.edu/,33.759309,-117.887558,True,1
121628,RAND School of Public Policy,,rand-school-of-public-policy,Santa Monica,CA,90401-3208,https://www.rand.edu/,34.00973,-118.490655,True,2
121637,Shasta School of Cosmetology,,shasta-school-of-cosmetology,Redding,CA,96003,https://www.shastaschoolofcosmetology.com/,40.597114,-122.387248,True,1
121691,University of Redlands,,university-of-redlands,Redlands,CA,92373-0999,https://www.redlands.edu/,34.064218,-117.163218,True,1
121707,College of the Redwoods,,college-of-the-redwoods,Eureka,CA,95501-9300,https://www.redwoods.edu/,40.698427,-124.195293,True,1
121859,Salon Success Academy-Upland,,salon-success-academy-upland,Upland,CA,91786,https://www.salonsuccessacademy.com/,34.108247,-117.631783,True,2
121868,Salon Success Academy-Corona,,salon-success-academy-corona,Corona,CA,92881,https://www.salonsuccessacademy.com/,33.847649,-117.535638,True,3
121886,Rio Hondo College,RHCCD|RHC,rio-hondo-college,Whittier,CA,90601-1616,https://www.riohondo.edu/,34.019821,-118.033506,True,1
121901,Riverside City College,,riverside-city-college,Riverside,CA,92506,https://www.rcc.edu/,33.970918,-117.384323,True,1
122117,Dongguk University Los Angeles,,dongguk-university-los-angeles,Los Angeles,CA,90020-1704,https://www.dula.edu/,34.06597,-118.289523,True,1
122180,Sacramento City College,Sacramento City | Sac City | SCC,sacramento-city-college,Sacramento,CA,95822-1386,https://www.scc.losrios.edu/,38.541096,-121.491139,True,1
122205,Saddleback College,,saddleback-college,Mission Viejo,CA,92692-3635,https://www.saddleback.edu/,33.553346,-117.665584,True,1
122296,Samuel Merritt University,,samuel-merritt-university,Oakland,CA,94609,https://www.samuelmerritt.edu/,37.82029,-122.266331,True,1
122339,San Diego City College,,san-diego-city-college,San Diego,CA,92101-4787,https://www.sdcity.edu/,32.717403,-117.152733,True,1
122375,San Diego Mesa College,,san-diego-mesa-college,San Diego,CA,92111-4998,https://www.sdmesa.edu/,32.803825,-117.169165,True,1
122384,San Diego Miramar College,,san-diego-miramar-college,San Diego,CA,92126-2999,https://www.sdmiramar.edu/,32.909757,-117.120261,True,1
122409,San Diego State University,,san-diego-state-university,San Diego,CA,92182-0001,https://www.sdsu.edu/,32.77525,-117.071228,True,2
122436,University of San Diego,USD,university-of-san-diego,San Diego,CA,92110-2492,https://www.sandiego.edu/,32.770816,-117.192073,True,1
122506,San Francisco Conservatory of Music,SFCM,san-francisco-conservatory-of-music,San Francisco,CA,94102-6011,https://sfcm.edu/,37.775543,-122.420292,True,1
122597,San Francisco State University,,san-francisco-state-university,San Francisco,CA,94132,https://www.sfsu.edu/,37.721224,-122.476799,True,1
122612,University of San Francisco,,university-of-san-francisco,San Francisco,CA,94117-1080,https://www.usfca.edu/,37.776618,-122.450477,True,1
122649,San Joaquin College of Law,SJCL,san-joaquin-college-of-law,Clovis,CA,93612-1312,https://www.sjcl.edu/,36.82448,-119.697657,True,1
122658,San Joaquin Delta College,Delta|Delta College|San Joaquin|San Joaquin Delta|San Joaquin Delta Community College District,san-joaquin-delta-college,Stockton,CA,95207,https://www.deltacollege.edu/,37.995562,-121.317597,True,2
122685,San Joaquin Valley College-Visalia,,san-joaquin-valley-college-visalia,Visalia,CA,93291-9283,https://www.sjvc.edu/,36.328049,-119.384981,True,17
122694,San Joaquin Valley College-Bakersfield,,san-joaquin-valley-college-bakersfield,Bakersfield,CA,93309-2659,https://www.sjvc.edu/,35.352848,-119.062071,False,17
122728,William Jessup University,Jessup University,william-jessup-university,Rocklin,CA,95765-3707,https://www.jessup.edu/,38.819728,-121.292312,True,1
122746,San Jose City College,,san-jose-city-college,San Jose,CA,95128-2798,https://www.sjcc.edu/,37.315827,-121.926185,True,1
122755,San Jose State University,,san-jose-state-university,San Jose,CA,95192-0186,https://www.sjsu.edu/,37.336569,-121.880621,True,1
122791,College of San Mateo,CSM,college-of-san-mateo,San Mateo,CA,94402-3784,https://www.collegeofsanmateo.edu/,37.535698,-122.334801,True,1
122889,Santa Barbara City College,SBCC,santa-barbara-city-college,Santa Barbara,CA,93109-2394,https://www.sbcc.edu/,34.406788,-119.698045,True,1
122931,Santa Clara University,SCU,santa-clara-university,Santa Clara,CA,95053,https://www.scu.edu/,37.348362,-121.93784,True,2
122977,Santa Monica College,SMC,santa-monica-college,Santa Monica,CA,90405-1628,https://www.smc.edu/,34.017022,-118.469765,True,1
123013,Santa Rosa Junior College,SRJC,santa-rosa-junior-college,Santa Rosa,CA,95401-4395,https://www.santarosa.edu/,38.45709,-122.718974,True,1
123095,Saybrook University,,saybrook-university,Pasadena,CA,91103,https://www.saybrook.edu/,34.153103,-118.152155,True,1
123165,Scripps College,,scripps-college,Claremont,CA,91711,https://www.scrippscollege.edu/,34.104147,-117.711294,True,1
123217,College of the Sequoias,,college-of-the-sequoias,Visalia,CA,93277-2214,https://www.cos.edu/,36.323877,-119.315182,True,1
123280,Shasta Bible College and Graduate School,,shasta-bible-college-and-graduate-school,Redding,CA,96002,https://www.shasta.edu/,40.566034,-122.314419,True,1
123299,Shasta College,,shasta-college,Redding,CA,96003,https://www.shastacollege.edu/,40.625731,-122.317982,True,1
123341,Sierra College,Sierra Joint Community College District,sierra-college,Rocklin,CA,95677-3397,https://www.sierracollege.edu/,38.790773,-121.211688,True,1
123350,Sierra College of Beauty,Sierra Beauty College,sierra-college-of-beauty,Merced,CA,95340,https://sierrabeautycollege.net/blog3/,37.306975,-120.495874,True,1
123448,Trinity Law School,Trinity Law School,trinity-law-school,Santa Ana,CA,92705,https://www.tiu.edu/law,33.766071,-117.852059,False,2
123457,Simpson University,Simpson College,simpson-university,Redding,CA,96003-8606,https://www.simpsonu.edu/,40.61334,-122.332981,True,1
123484,College of the Siskiyous,,college-of-the-siskiyous,Weed,CA,96094-2899,https://www.siskiyous.edu/,41.413005,-122.38909,True,1
123493,Charles A Jones Career and Education Center,Skills Center,charles-a-jones-career-and-education-center,Sacramento,CA,95824-1529,https://caj.scusd.edu/,38.516233,-121.440796,True,1
123509,Skyline College,,skyline-college,San Bruno,CA,94066-1698,https://skylinecollege.edu/,37.63042,-122.467335,True,1
123527,San Bernardino Valley College,,san-bernardino-valley-college,San Bernardino,CA,92410-2798,https://www.valleycollege.edu/,34.086353,-117.313248,True,1
123554,Saint Mary's College of California,St. Marys College of California | St Marys College of California,saint-mary-s-college-of-california,Moraga,CA,94575,https://www.stmarys-ca.edu/,37.840731,-122.109031,True,1
123563,Solano Community College,Solano College,solano-community-college,Fairfield,CA,94534-3197,https://welcome.solano.edu/,38.235881,-122.122368,True,1
123572,Sonoma State University,,sonoma-state-university,Rohnert Park,CA,94928-3609,https://sonoma.edu/,38.340274,-122.677066,True,1
123633,South Baylo University,,south-baylo-university,Anaheim,CA,92801-1701,https://southbaylo.edu/web,33.848291,-117.958416,True,1
123642,South Coast College,,south-coast-college,Orange,CA,92868-2609,https://www.southcoastcollege.edu/,33.78818,-117.874031,True,1
123651,Vanguard University of Southern California,Vanguard University,vanguard-university-of-southern-california,Costa Mesa,CA,92626,https://www.vanguard.edu/,33.662686,-117.900911,True,1
123679,Concorde Career College-Garden Grove,,concorde-career-college-garden-grove,Garden Grove,CA,92840-9201,https://www.concorde.edu/campus/garden-grove-california,33.774741,-117.938395,True,1
123800,Southwestern College,Southwestern Community College District,southwestern-college,Chula Vista,CA,91910-7297,https://www.swccd.edu/,32.640281,-116.996803,True,1
123916,Starr King School for the Ministry,,starr-king-school-for-the-ministry,Oakland,CA,94612,https://www.sksm.edu/,37.803526,-122.270721,True,1
123943,Marshall B Ketchum University,formerly Southern California College of Optometry,marshall-b-ketchum-university,Fullerton,CA,92831-1699,https://www.ketchum.edu/,33.889348,-117.886229,True,1
123952,Southern California Institute of Architecture,SCI-Arc,southern-california-institute-of-architecture,Los Angeles,CA,90013-1822,https://www.sciarc.edu/,34.044215,-118.232799,True,1
123961,University of Southern California,USC,university-of-southern-california,Los Angeles,CA,90089,https://www.usc.edu/,34.021281,-118.284169,True,1
123970,Southwestern Law School,,southwestern-law-school,Los Angeles,CA,90010-1106,https://www.swlaw.edu/,34.061558,-118.288375,True,1
124113,Taft College,,taft-college,Taft,CA,93268,https://www.taftcollege.edu/,35.149343,-119.459751,True,1
124283,Claremont School of Theology,,claremont-school-of-theology,Los Angeles,CA,90024,https://www.cst.edu/,34.064918,-118.432495,True,1
124292,Thomas Aquinas College,,thomas-aquinas-college,Santa Paula,CA,93060,https://thomasaquinas.edu/,34.429009,-119.087141,True,2
124487,Epic Bible College & Graduate School,Trinity Life Bible College,epic-bible-college-graduate-school,Sacramento,CA,95841,https://epic.edu/,38.645152,-121.362642,True,1
124681,UEI College-Huntington Park,UEI College - Huntington Park Campus,uei-college-huntington-park,Huntington Park,CA,90255-2933,https://www.uei.edu/,33.986057,-118.226206,True,12
124706,Concorde Career College-San Bernardino,,concorde-career-college-san-bernardino,San Bernardino,CA,92408-3403,https://www.concorde.edu/campus/san-bernardino-california,34.066823,-117.283995,True,1
124937,Concorde Career College-North Hollywood,,concorde-career-college-north-hollywood,North Hollywood,CA,91606-3134,https://www.concorde.edu/campus/north-hollywood-california,34.186407,-118.403627,True,1
125028,Ventura College,,ventura-college,Ventura,CA,93003-3872,https://www.venturacollege.edu/,34.277393,-119.230604,True,1
125037,The Colleges of Law at Ventura,,the-colleges-of-law-at-ventura,Ventura,CA,93003,https://www.collegesoflaw.edu/,34.25747,-119.232988,True,2
125082,Bridges Beauty College,,bridges-beauty-college,Victorville,CA,92395-3821,https://www.bridgesbeautycollege.com/,34.528602,-117.303933,True,1
125091,Victor Valley College,,victor-valley-college,Victorville,CA,92395-5850,https://www.vvc.edu/,34.472231,-117.261456,True,2
125170,Berkeley City College,,berkeley-city-college,Berkeley,CA,94704,https://www.berkeleycitycollege.edu/,37.869769,-122.269877,True,1
125231,Walden University,,walden-university,Minneapolis,MN,55401,https://www.waldenu.edu/,44.98125,-93.265738,True,1
125310,Waynes College of Beauty,,waynes-college-of-beauty,Salinas,CA,93906-2830,https://www.waynescollegeofbeautyinc.com/,36.700635,-121.652672,True,1
125462,Coalinga College,,coalinga-college,Coalinga,CA,93210,https://coalingacollege.edu/,36.147891,-120.356747,True,1
125471,West Los Angeles College,"West LA College, West L.A. College, West LA, West L.A., WLAC, WestLA",west-los-angeles-college,Culver City,CA,90230-3519,https://www.wlac.edu/,34.004512,-118.386664,True,1
125499,West Valley College,,west-valley-college,Saratoga,CA,95070,https://www.westvalley.edu/,37.26398,-122.008324,True,1
125532,Carrington College-Sacramento,Carrington College formerly Western Career College-Sacramento,carrington-college-sacramento,Sacramento,CA,95826,https://carrington.edu/,38.556104,-121.371383,True,16
125718,Westminster Theological Seminary in California,Westminster Seminary California,westminster-theological-seminary-in-california,Escondido,CA,92027,https://www.wscal.edu/,33.121447,-117.046371,True,1
125727,Westmont College,,westmont-college,Santa Barbara,CA,93108-1089,https://www.westmont.edu/,34.450151,-119.662517,True,1
125763,Whittier College,,whittier-college,Whittier,CA,90601,https://www.whittier.edu/,33.978773,-118.032299,True,1
125897,Woodbury University,,woodbury-university,Burbank,CA,91504-1052,https://woodbury.edu/,34.208011,-118.341147,True,1
126012,The Wright Institute,,the-wright-institute,Berkeley,CA,94704-1796,https://www.wi.edu/,37.868221,-122.253168,True,2
126049,Thomas Jefferson School of Law,,thomas-jefferson-school-of-law,San Diego,CA,92101,https://www.tjsl.edu/,32.717595,-117.157862,True,1
126076,Yeshiva Ohr Elchonon Chabad West Coast Talmudical Seminary,,yeshiva-ohr-elchonon-chabad-west-coast-talmudical-seminary,Los Angeles,CA,90046-7660,https://www.yoec.edu/,34.085465,-118.346613,True,1
126119,Yuba College,,yuba-college,Marysville,CA,95901,https://yc.yccd.edu/,39.126536,-121.53964,True,1
126182,Adams State University,,adams-state-university,Alamosa,CO,81101,https://www.adams.edu/,37.473636,-105.879642,True,1
126207,Aims Community College,,aims-community-college,Greeley,CO,80634,https://www.aims.edu/,40.409559,-104.763415,True,1
126289,Arapahoe Community College,,arapahoe-community-college,Littleton,CO,80160-9002,https://www.arapahoe.edu/,39.607505,-105.018631,True,1
126359,Bel-Rea Institute of Animal Technology,Bel-Rea Intitute  Bel-Rea,bel-rea-institute-of-animal-technology,Denver,CO,80247,https://www.belrea.edu/,39.686194,-104.876207,True,1
126562,University of Colorado Denver/Anschutz Medical Campus,University of Colorado Denver University of Colorado Anschutz Medical Campus (UCD),university-of-colorado-denver-anschutz-medical-campus,Denver,CO,80217-3364,https://www.ucdenver.edu/,39.745149,-104.837722,True,1
126580,University of Colorado Colorado Springs,UCCS,university-of-colorado-colorado-springs,Colorado Springs,CO,80918,https://www.uccs.edu/,38.892735,-104.800296,True,1
126605,Spartan College of Aeronautics and Technology,Spartan College-Denver (Broomfield),spartan-college-of-aeronautics-and-technology,Broomfield,CO,80021-3465,https://www.spartan.edu/,39.914822,-105.119096,True,1
126614,University of Colorado Boulder,U of Colorado|Univ of Colorado|University of Colorado|U of CO|Univ of CO|University of CO|Boulder|CU|CU-Boulder|UCB|CUB|Colorado|Colorado University|U of Colo|Univ of Colo|University of Colo|Colo|Buffs|Buffalos|Buffaloes|CU at Boulder|Golden Buffs|University of Colorado at Boulder,university-of-colorado-boulder,Boulder,CO,80309-0017,https://www.colorado.edu/,40.008781,-105.270823,True,1
126669,Colorado Christian University,CCU,colorado-christian-university,Lakewood,CO,80226,https://www.ccu.edu/,39.71388,-105.09456,True,1
126678,Colorado College,,colorado-college,Colorado Springs,CO,80903,https://www.coloradocollege.edu/,38.84886,-104.822697,True,1
126687,Concorde Career College-Aurora,,concorde-career-college-aurora,Aurora,CO,80010-4314,https://www.concorde.edu/campus/aurora-colorado,39.718699,-104.867089,True,2
126711,Colorado Mountain College,,colorado-mountain-college,Glenwood Springs,CO,81601-0233,https://coloradomtn.edu/,39.54636,-107.324441,True,1
126748,Colorado Northwestern Community College,CNCC,colorado-northwestern-community-college,Rangely,CO,81648-3598,https://cncc.edu/,40.081112,-108.790048,True,1
126775,Colorado School of Mines,Mines,colorado-school-of-mines,Golden,CO,80401,https://www.mines.edu/,39.751443,-105.223364,True,1
126784,Colorado School of Trades,,colorado-school-of-trades,Lakewood,CO,80215-2996,https://schooloftrades.edu/,39.74181,-105.104174,True,1
126818,Colorado State University-Fort Collins,,colorado-state-university-fort-collins,Fort Collins,CO,80523-0100,https://colostate.edu/,40.574805,-105.080732,True,1
126827,Colorado Technical University-Colorado Springs,Colorado Tech CTU,colorado-technical-university-colorado-springs,Colorado Springs,CO,80907-3812,https://www.coloradotech.edu/Colorado-Springs,38.895069,-104.85716,True,1
126863,Community College of Aurora,,community-college-of-aurora,Aurora,CO,80011-9036,https://www.ccaurora.edu/,39.71788,-104.802673,True,1
126915,Technical College of the Rockies,,technical-college-of-the-rockies,Delta,CO,81416,https://www.tcr.edu/,38.702524,-108.031072,True,1
126942,Community College of Denver,CCD,community-college-of-denver,Denver,CO,80204-2026,https://www.ccd.edu/,39.741413,-105.001044,True,1
126951,Lincoln College of Technology-Denver,,lincoln-college-of-technology-denver,Denver,CO,80239,https://www.lincolntech.edu/campus/denver-co,39.77651,-104.856171,False,9
126979,Denver Seminary,,denver-seminary,Littleton,CO,80120,https://www.denverseminary.edu/,39.600595,-105.022363,True,2
127060,University of Denver,"DU, Colorado Seminary",university-of-denver,Denver,CO,80208,https://www.du.edu/,39.678005,-104.963259,True,1
127158,Emily Griffith Technical College,Emily Griffith  EGTC  EGOS  Opportunity School  Opp School  Denver Public Schools-Emily Griffith Opportunity School,emily-griffith-technical-college,Denver,CO,80203,https://www.emilygriffith.edu/,39.74575,-104.985751,True,1
127185,Fort Lewis College,FLC,fort-lewis-college,Durango,CO,81301-3999,https://fortlewis.edu/,37.275939,-107.867422,True,1
127200,Front Range Community College,FRCC,front-range-community-college,Westminster,CO,80031,https://www.frontrange.edu/,39.901452,-105.038068,True,1
127273,Iliff School of Theology,,iliff-school-of-theology,Denver,CO,80210-4798,https://www.iliff.edu/,39.675927,-104.960657,True,1
127316,International Salon and Spa Academy,,international-salon-and-spa-academy,Colorado Springs,CO,80918-3684,https://www.csbeautyschools.com/,38.913621,-104.786252,True,1
127389,Lamar Community College,LCC,lamar-community-college,Lamar,CO,81052-3999,https://www.lamarcc.edu/,38.068886,-102.616144,True,1
127556,Colorado Mesa University,Colorado Mesa,colorado-mesa-university,Grand Junction,CO,81501-3122,https://www.coloradomesa.edu/,39.080643,-108.553275,True,1
127565,Metropolitan State University of Denver,MSU Denver,metropolitan-state-university-of-denver,Denver,CO,80204,https://www.msudenver.edu/,39.744202,-105.00504,True,1
127617,Morgan Community College,,morgan-community-college,Fort  Morgan,CO,80701,https://www.morgancc.edu/,40.258792,-103.771822,True,1
127653,Naropa University,,naropa-university,Boulder,CO,80302-6697,https://www.naropa.edu/,40.014235,-105.266987,True,1
127714,Nazarene Bible College,,nazarene-bible-college,Colorado Springs,CO,80909,https://www.nbc.edu/,38.862354,-104.758064,True,1
127732,Northeastern Junior College,NJC|Northeastern|Northeastern Jr College|NE Jr College|Northeastern Colorado|Northeastern Jr Co|Northeastern Community College|Northeast Jr College|Northeast|NE|NEJC|NE JC|NEJUCO|NE JU CO|NEJRCO|Northeastern Sterling|Northeastern JC|Sterling Junior College|North Eastern|,northeastern-junior-college,Sterling,CO,80751-2944,https://www.njc.edu/,40.637215,-103.197329,True,1
127741,University of Northern Colorado,,university-of-northern-colorado,Greeley,CO,80639,https://www.unco.edu/,40.410855,-104.692777,True,1
127778,Otero College,Otero Junior College,otero-college,La Junta,CO,81050,https://www.otero.edu/,37.969984,-103.544874,True,1
127820,Pikes Peak State College,PPSC,pikes-peak-state-college,Colorado Springs,CO,80906-5498,https://www.pikespeak.edu/,38.764287,-104.787261,True,1
127884,Pueblo Community College,,pueblo-community-college,Pueblo,CO,81004-1499,https://www.pueblocc.edu/,38.262124,-104.636258,True,1
127909,Red Rocks Community College,,red-rocks-community-college,Lakewood,CO,80228-1255,https://www.rrcc.edu/,39.720277,-105.150094,True,1
127918,Regis University,Regis/Regis College/RU/Jesuit/Jesuit Denver Colorado/Regis Nursing/LHSON/College of Computer & Information Science/College of Business & Economics/College of Contemporary Liberal Studies/RHCHP/Rangers/Regis U/Regis in Colorado/Rueckert-Hartman College for Health Professions/College of Computer & Information Sciences/College of Business & Economics/Anderson College of Business,regis-university,Denver,CO,80221-1099,https://www.regis.edu/,39.788175,-105.030756,True,1
127945,Rocky Mountain College of Art and Design,RMCAD,rocky-mountain-college-of-art-and-design,Lakewood,CO,80214,https://www.rmcad.edu/,39.74332,-105.069911,True,1
127954,Montessori Education Center of the Rockies,Rocky Mountain Montessori Teacher Training Center,montessori-education-center-of-the-rockies,Denver,CO,80205,https://www.mecr.edu/,39.762942,-104.943415,True,1
128106,Colorado State University Pueblo,CSU Pueblo,colorado-state-university-pueblo,Pueblo,CO,81001-4901,https://www.csupueblo.edu/,38.30859,-104.579033,True,1
128151,Pickens Technical College,T.H.Pickens Technical Center,pickens-technical-college,Aurora,CO,80011-9307,https://www.pickenstech.org/,39.723705,-104.789683,True,1
128179,Intellitec College-Colorado Springs,,intellitec-college-colorado-springs,Colorado Springs,CO,80909-6096,https://intellitec.edu/,38.832183,-104.78721,True,2
128188,Intellitec College-Grand Junction,,intellitec-college-grand-junction,Grand Junction,CO,81506,https://intellitec.edu/,39.116346,-108.53062,True,1
128258,Trinidad State College,TSC,trinidad-state-college,Trinidad,CO,81082,https://www.trinidadstate.edu/,37.172059,-104.513451,True,1
128328,United States Air Force Academy,,united-states-air-force-academy,USAF Academy,CO,80840-5002,https://www.usafa.edu/,39.010957,-104.891358,True,1
128337,Empire Beauty School-Thornton,,empire-beauty-school-thornton,Thornton,CO,80233,https://www.empire.edu/,39.915253,-104.94357,False,8
128391,Western Colorado University,Western,western-colorado-university,Gunnison,CO,81231,https://www.western.edu/,38.549936,-106.919132,True,1
128498,Albertus Magnus College,,albertus-magnus-college,New Haven,CT,06511-1189,https://www.albertus.edu/,41.332519,-72.923848,True,1
128586,Bais Binyomin Academy,,bais-binyomin-academy,Monsey,NY,10952,https://baisbinyominacademy.com/,41.123013,-74.078802,True,1
128744,University of Bridgeport,,university-of-bridgeport,Bridgeport,CT,06604-5620,https://www.bridgeport.edu/,41.164741,-73.190166,True,1
128771,Central Connecticut State University,CCSU,central-connecticut-state-university,New Britain,CT,06050,https://www.ccsu.edu/,41.692502,-72.765991,True,1
128780,Charter Oak State College,,charter-oak-state-college,New Britain,CT,06051,https://www.charteroak.edu/,41.666848,-72.781239,True,1
128896,Cortiva Institute,,cortiva-institute,Cromwell,CT,06416,https://www.cortiva.edu/,41.604041,-72.678562,True,1
128902,Connecticut College,,connecticut-college,New London,CT,06320-4196,https://www.conncoll.edu/,41.379833,-72.107321,True,1
129002,Porter & Chester Institute of Hamden,,porter-chester-institute-of-hamden,Hamden,CT,06514,https://www.porterchester.edu/,41.346568,-72.931908,True,1
129020,University of Connecticut,,university-of-connecticut,Storrs,CT,06269,https://uconn.edu/,41.809098,-72.249948,True,5
129154,Goodwin University,Goodwin,goodwin-university,East Hartford,CT,06118,https://www.goodwin.edu/,41.742977,-72.64032,True,2
129181,Lincoln Technical Institute-East Windsor,,lincoln-technical-institute-east-windsor,East Windsor,CT,06088,https://www.lincolntech.edu/campus/east-windsor-ct,41.924248,-72.596915,False,8
129215,Eastern Connecticut State University,Eastern|ECSU,eastern-connecticut-state-university,Willimantic,CT,06226,https://www.easternct.edu/,41.721673,-72.218753,True,1
129242,Fairfield University,,fairfield-university,Fairfield,CT,06824-5195,https://fairfield.edu/,41.157673,-73.255903,True,1
129349,Paul Mitchell the School-North Haven,Paul Mitchell the School North Haven,paul-mitchell-the-school-north-haven,North Haven,CT,06473,https://paulmitchell.edu/northhaven,41.394495,-72.85745,True,1
129367,Connecticut State Community College,CT State,connecticut-state-community-college,New Britain,CT,06051,https://ctstate.edu/,41.768397,-72.672734,True,1
129482,American Institute-West Hartford,American Institute,american-institute-west-hartford,West Hartford,CT,06110-1922,https://americaninstitute.edu/,41.727016,-72.725762,True,6
129491,Hartford International University for Religion and Peace,,hartford-international-university-for-religion-and-peace,Hartford,CT,06105-2260,https://www.hartfordinternational.edu/,41.769861,-72.707766,True,1
129525,University of Hartford,"UHart, UHA, Hartford",university-of-hartford,West Hartford,CT,06117-1599,https://www.hartford.edu/,41.798591,-72.715213,True,1
129534,Holy Apostles College and Seminary,HACS,holy-apostles-college-and-seminary,Cromwell,CT,06416-2005,https://www.holyapostles.edu/,41.60682,-72.647853,True,1
129774,Mitchell College,,mitchell-college,New London,CT,06320,https://www.mitchell.edu/,41.328013,-72.09523,True,1
129923,Lincoln Technical Institute-New Britain,,lincoln-technical-institute-new-britain,New Britain,CT,06051,https://www.lincolntech.edu/campus/new-britain-ct,41.659236,-72.754498,True,8
129932,New England Tractor Trailer Training School of Connecticut,,new-england-tractor-trailer-training-school-of-connecticut,Somers,CT,06071,https://www.nettts.com/,41.979699,-72.450218,True,2
129941,University of New Haven,UNH,university-of-new-haven,West Haven,CT,06516-1916,https://www.newhaven.edu/,41.291314,-72.961472,True,1
130174,Porter & Chester Institute,Porter and Chester Institute - Bridgeport,porter-chester-institute,Bridgeport,CT,06610,https://www.porterchester.edu/,41.200813,-73.187731,True,6
130183,Post University,,post-university,Waterbury,CT,06723,https://www.post.edu/,41.535549,-73.081497,True,1
130226,Quinnipiac University,,quinnipiac-university,Hamden,CT,06518,https://www.qu.edu/,41.418915,-72.894117,True,1
130253,Sacred Heart University,SHU,sacred-heart-university,Fairfield,CT,06825-1000,https://www.sacredheart.edu/,41.220893,-73.243332,True,1
130314,University of Saint Joseph,USJ,university-of-saint-joseph,West Hartford,CT,06117,https://www.usj.edu/,41.781041,-72.72965,True,1
130493,Southern Connecticut State University,SCSU,southern-connecticut-state-university,New Haven,CT,06515-1355,https://www.southernct.edu/,41.333225,-72.947897,True,1
130590,Trinity College,"Trinity College, Hartford, Connecticut",trinity-college,Hartford,CT,06106-3100,https://www.trincoll.edu/,41.747451,-72.690882,True,1
130624,United States Coast Guard Academy,,united-states-coast-guard-academy,New London,CT,06320,https://www.uscga.edu/,41.375823,-72.101583,True,1
130697,Wesleyan University,,wesleyan-university,Middletown,CT,06459,https://www.wesleyan.edu/,41.554665,-72.657146,True,1
130776,Western Connecticut State University,"Western, WCSU",western-connecticut-state-university,Danbury,CT,06810-6826,https://www.wcsu.edu/,41.400365,-73.444264,True,1
130794,Yale University,,yale-university,New Haven,CT,06520,https://www.yale.edu/,41.311158,-72.926688,True,1
130837,Margaret H Rollins School of Nursing at Beebe Medical Center,Beebe School of Nursing,margaret-h-rollins-school-of-nursing-at-beebe-medical-center,Lewes,DE,19958,https://www.beebehealthcare.org/school-nursing,38.771565,-75.142864,True,1
130873,Dawn Career Institute LLC,Dawn Career Institute,dawn-career-institute-llc,Newark,DE,19702,https://www.dawncareerinstitute.edu/,39.668605,-75.677768,True,1
130907,Delaware Technical Community College-Terry,Delaware Tech,delaware-technical-community-college-terry,Dover,DE,19901,https://www.dtcc.edu/,39.198371,-75.56012,True,3
130934,Delaware State University,,delaware-state-university,Dover,DE,19901,https://www.desu.edu/,39.187173,-75.54053,True,1
130943,University of Delaware,UD,university-of-delaware,Newark,DE,19716,https://www.udel.edu/,39.679577,-75.752822,True,1
130989,Goldey-Beacom College,,goldey-beacom-college,Wilmington,DE,19808,https://www.gbc.edu/,39.741501,-75.689624,True,1
131061,Schilling-Douglas School of Hair Design,,schilling-douglas-school-of-hair-design,Newark,DE,19711,https://schillingdouglas.edu/,39.711442,-75.74178,True,1
131113,Wilmington University,,wilmington-university,New Castle,DE,19720,https://www.wilmu.edu/,39.682299,-75.586998,True,1
131159,American University,AU,american-university,Washington,DC,20016-8001,https://www.american.edu/,38.936005,-77.088875,True,1
131283,The Catholic University of America,,the-catholic-university-of-america,Washington,DC,20064,https://www.catholic.edu/,38.933651,-76.997909,True,1
131399,University of the District of Columbia,,university-of-the-district-of-columbia,Washington,DC,20008,https://www.udc.edu/,38.943819,-77.066247,True,1
131405,Pontifical Faculty of the Immaculate Conception at the Dominican House of Studies,DHS | Pontifical Faculty of the Immaculate Conception | College of the Immaculate Conception,pontifical-faculty-of-the-immaculate-conception-at-the-dominican-house-of-studies,Washington,DC,20017-1585,https://www.dhs.edu/,38.931652,-76.998724,True,1
131450,Gallaudet University,Gallaudet University,gallaudet-university,Washington,DC,20002-3695,https://gallaudet.edu/,38.907371,-76.993675,True,1
131469,George Washington University,GWU|GW,george-washington-university,Washington,DC,20052,https://www.gwu.edu/,38.89923,-77.048363,True,1
131496,Georgetown University,Georgetown|GU,georgetown-university,Washington,DC,20057-0001,https://www.georgetown.edu/,38.908809,-77.073463,True,1
131520,Howard University,HU,howard-university,Washington,DC,20059,https://www.howard.edu/,38.922392,-77.018966,True,1
131803,Strayer University-District of Columbia,,strayer-university-district-of-columbia,Washington,DC,20005,https://www.strayer.edu/campus-locations/district-columbia/washington,38.904881,-77.034133,True,22
131830,National Conservatory of Dramatic Arts,,national-conservatory-of-dramatic-arts,Washington,DC,20007,https://www.theconservatory.org/,38.910024,-77.065095,True,1
131876,Trinity Washington University,"Trinity College, Washington, D.C.",trinity-washington-university,Washington,DC,20017-1094,https://www2.trinitydc.edu/,38.927398,-77.004261,True,1
131973,Wesley Theological Seminary,,wesley-theological-seminary,Washington,DC,20016-5690,https://www.wesleyseminary.edu/,38.939606,-77.08996,True,1
132374,Atlantic Technical College,,atlantic-technical-college,Coconut Creek,FL,33063-3902,https://www.atlantictechnicalcollege.edu/,26.24278,-80.192271,True,1
132408,Baptist University of Florida,BUF,baptist-university-of-florida,Graceville,FL,32440,https://www.buf.edu/,30.962708,-85.503931,True,1
132471,Barry University,,barry-university,Miami,FL,33161-6695,https://www.barry.edu/,25.878908,-80.198925,True,2
132602,Bethune-Cookman University,Bethune-Cookman  Bethune-Cookman College  Bethune  Cookman  BCC  B-CC  B-CU,bethune-cookman-university,Daytona Beach,FL,32114-3099,https://www.cookman.edu/,29.207195,-81.032946,True,1
132657,Lynn University,Lynn University,lynn-university,Boca Raton,FL,33431-5598,https://www.lynn.edu/,26.385985,-80.122806,True,1
132675,North Florida Technical College,NFTC,north-florida-technical-college,Starke,FL,32091,https://www.nftc.edu/,29.952308,-82.117224,True,1
132693,Eastern Florida State College,EFSC,eastern-florida-state-college,Melbourne,FL,32935,https://www.easternflorida.edu/,28.170002,-80.670781,True,1
132709,Broward College,BC,broward-college,Fort Lauderdale,FL,33301,https://www.broward.edu/,26.119422,-80.14183,True,1
132842,Albizu University-Miami,Albizu University-Miami,albizu-university-miami,Miami,FL,33172-2209,https://www.albizu.edu/,25.795181,-80.354942,False,2
132851,College of Central Florida,"CF, CCF, Central Florida, Central FL College, Central Fla Coll, Central Fla College",college-of-central-florida,Ocala,FL,34474,https://www.cf.edu/,29.166079,-82.175692,True,1
132903,University of Central Florida,UCF,university-of-central-florida,Orlando,FL,32816,https://www.ucf.edu/,28.602159,-81.200889,True,1
132976,Charlotte Technical College,CTC,charlotte-technical-college,Port Charlotte,FL,33948-3399,https://ctc.yourcharlotteschools.net/,27.005558,-82.147238,True,1
133021,Chipola College,Chipola|CJC|Chipola Junior College|Chipola Jr. College,chipola-college,Marianna,FL,32446-2053,https://www.chipola.edu/,30.789228,-85.23139,True,1
133155,Lorenzo Walker Technical College,,lorenzo-walker-technical-college,Naples,FL,34104-4405,https://lwtc.edu/,26.141141,-81.763568,True,1
133386,Daytona State College,DSC,daytona-state-college,Daytona Beach,FL,32114,https://www.daytonastate.edu/,29.20278,-81.049513,True,1
133465,South University-West Palm Beach,,south-university-west-palm-beach,Royal Palm Beach,FL,33411,"https://www.southuniversity.edu/west-palm-beach#location=West Palm Beach, FL",26.69215,-80.200219,False,9
133492,Eckerd College,,eckerd-college,Saint Petersburg,FL,33711-4700,https://www.eckerd.edu/,27.715798,-82.687043,True,1
133508,Florida SouthWestern State College,,florida-southwestern-state-college,Fort Myers,FL,33919,https://www.fsw.edu/,26.552403,-81.887102,True,1
133526,Edward Waters University,,edward-waters-university,Jacksonville,FL,32209,https://www.ew.edu/,30.34479,-81.684879,True,1
133553,Embry-Riddle Aeronautical University-Daytona Beach,Embry Riddle Aeronautical University-Daytona Beach,embry-riddle-aeronautical-university-daytona-beach,Daytona Beach,FL,32114-3900,https://daytonabeach.erau.edu/,29.189903,-81.048367,True,2
133650,Florida Agricultural and Mechanical University,FAMU|Florida A&M University|Florida A&M University |Rattlers|FAMU Rattlers,florida-agricultural-and-mechanical-university,Tallahassee,FL,32307,https://www.famu.edu/,30.428504,-84.290226,True,1
133669,Florida Atlantic University,FAU,florida-atlantic-university,Boca Raton,FL,33431-0991,https://www.fau.edu/,26.372421,-80.102978,True,1
133702,Florida State College at Jacksonville,FSCJ,florida-state-college-at-jacksonville,Jacksonville,FL,32202,https://www.fscj.edu/,30.334918,-81.659901,True,1
133711,Flagler College,Flagler,flagler-college,Saint Augustine,FL,32084,https://www.flagler.edu/,29.892733,-81.314887,True,1
133809,Florida College,,florida-college,Temple Terrace,FL,33617,https://www.floridacollege.edu/,28.034936,-82.383289,True,1
133845,Concorde Career Institute-Jacksonville,,concorde-career-institute-jacksonville,Jacksonville,FL,32256-6905,https://www.concorde.edu/campus/jacksonville-florida,30.23886,-81.581748,True,2
133854,Concorde Career Institute-Miramar,,concorde-career-institute-miramar,Miramar,FL,33025,https://www.concorde.edu/campus/miramar-florida,25.977088,-80.291516,True,1
133863,Concorde Career Institute-Tampa,,concorde-career-institute-tampa,Tampa,FL,33607-4127,https://www.concorde.edu/campus/tampa-florida,27.959148,-82.514341,True,1
133872,AdventHealth University,Florida Hospital College,adventhealth-university,Orlando,FL,32803,https://www.ahu.edu/,28.576142,-81.367687,True,1
133881,Florida Institute of Technology,Florida Tech,florida-institute-of-technology,Melbourne,FL,32901-6975,https://www.fit.edu/,28.065773,-80.623123,True,1
133951,Florida International University,FIU,florida-international-university,Miami,FL,33199,https://www.fiu.edu/,25.75732,-80.373928,True,1
133960,The College of the Florida Keys,Key West Community College,the-college-of-the-florida-keys,Key West,FL,33040,https://www.cfk.edu/,24.582748,-81.74446,True,1
133979,Florida Memorial University,,florida-memorial-university,Miami Gardens,FL,33054-6199,https://www.fmuniv.edu/,25.918278,-80.270753,True,1
134024,Florida School of Massage,,florida-school-of-massage,Gainesville,FL,32608-5419,https://floridaschoolofmassage.com/,29.593428,-82.338273,True,1
134079,Florida Southern College,Florida Southern|FSC,florida-southern-college,Lakeland,FL,33801-5698,https://www.flsouthern.edu/,28.032443,-81.948203,True,1
134097,Florida State University,Florida State|F.S.U.|FSU|F. S. U.|Fla. State University|Fla. State|Fl State University|Fl State|FL State University|FL State|Seminoles|Noles|Florida State Seminoles|Florida State University Seminoles|Fl. State|Fl. State University|The Florida State University|Floridia State University|Florda State University|Florida State Univerisity|Flordia State University|Florida State Unversity|,florida-state-university,Tallahassee,FL,32306-1037,https://www.fsu.edu/,30.443147,-84.295064,True,1
134130,University of Florida,,university-of-florida,Gainesville,FL,32611,https://www.ufl.edu/,29.64629,-82.347911,True,1
134228,Fort Pierce Beauty Academy,,fort-pierce-beauty-academy,Fort Pierce,FL,34982-6333,https://fpbeauty.com/,27.411962,-80.325377,True,1
134237,Full Sail University,,full-sail-university,Winter Park,FL,32792-7429,https://www.fullsail.edu/,28.596546,-81.301286,True,1
134291,George Stone Technical College,George Stone Technical Center,george-stone-technical-college,Pensacola,FL,32526-8922,https://gstc.escambiaschools.org/,30.487547,-87.290659,True,1
134307,George T Baker Aviation Technical College,,george-t-baker-aviation-technical-college,Miami,FL,33142,https://www.bakeraviationtechcollege.com/,25.804092,-80.263591,True,1
134343,Gulf Coast State College,GCSC,gulf-coast-state-college,Panama City,FL,32401,https://gulfcoast.edu/,30.185542,-85.727918,True,1
134495,Hillsborough College,HCC,hillsborough-college,Tampa,FL,33614-7824,https://www.hccfl.edu/,27.934888,-82.456253,True,1
134510,Hobe Sound Bible College,,hobe-sound-bible-college,Hobe Sound,FL,33455,https://hsbc.edu/,27.066304,-80.13184,True,1
134529,Hollywood Institute of Beauty Careers,,hollywood-institute-of-beauty-careers,Hollywood,FL,33023,https://www.hi.edu/,26.007139,-80.209125,True,3
134574,Cortiva Institute,,cortiva-institute-2,St. Petersburg,FL,33713,https://www.cortiva.com/,27.793547,-82.680031,True,2
134608,Indian River State College,,indian-river-state-college,Fort Pierce,FL,34981-5596,https://www.irsc.edu/,27.42416,-80.358682,True,1
134714,International Academy,,international-academy,South Daytona,FL,32119,https://intl-academy.com/,29.162159,-80.997811,True,1
134945,Jacksonville University,JU,jacksonville-university,Jacksonville,FL,32211-3394,https://www.ju.edu/index.php,30.353227,-81.60458,True,1
135081,Keiser University-Ft Lauderdale,,keiser-university-ft-lauderdale,Fort Lauderdale,FL,33309,https://www.keiseruniversity.edu/,26.185869,-80.163959,True,17
135142,La Belle Beauty School,,la-belle-beauty-school,Hialeah,FL,33012,https://labellebeauty.net/,25.86695,-80.312711,True,1
135160,Florida Gateway College,FGC,florida-gateway-college,Lake City,FL,32025-2007,https://www.fgc.edu/,30.175298,-82.5679,True,1
135179,Lake Technical College,,lake-technical-college,Eustis,FL,32726,https://www.laketech.org/,28.833446,-81.690874,True,1
135188,Lake-Sumter State College,LSSC,lake-sumter-state-college,Leesburg,FL,34788-8751,https://www.lssc.edu/,28.828649,-81.797193,True,1
135267,Fort Myers Technical College,Fort Myers Technical College,fort-myers-technical-college,Fort Myers,FL,33916-2204,https://www.fortmyerstech.edu/,26.647517,-81.836596,True,1
135276,Lively Technical College,,lively-technical-college,Tallahassee,FL,32304-2895,https://www.livelytech.com/,30.448534,-84.339057,True,1
135294,Lindsey Hopkins Technical College,,lindsey-hopkins-technical-college,Miami,FL,33127,https://www.lindseyhopkins.edu/,25.794676,-80.208154,True,1
135337,Loraines Academy & Spa,Loraines Academy,loraines-academy-spa,Saint Petersburg,FL,33710,https://www.genesiscareer.edu/loraines-academy-spa-st-petersburg-fl/,27.783077,-82.713964,True,1
135364,Luther Rice College & Seminary,,luther-rice-college-seminary,Lithonia,GA,30038-9869,https://www.lutherrice.edu/,33.698126,-84.123179,True,1
135391,State College of Florida-Manatee-Sarasota,SCF,state-college-of-florida-manatee-sarasota,Bradenton,FL,34207,https://www.scf.edu/,27.43804,-82.590887,True,1
135407,Manatee Technical College,MTC,manatee-technical-college,Bradenton,FL,34203,https://www.manateetech.edu/,27.447894,-82.481088,True,1
135522,Traviss Technical College,,traviss-technical-college,Lakeland,FL,33803,https://techcolleges.polkschoolsfl.com/,27.995822,-81.892381,True,3
135559,Merryfield Academy,D/B/A Merryfield Academy,merryfield-academy,Oakland Park,FL,33334-4925,https://www.merryfield.edu/,26.19044,-80.129991,True,1
135647,Miami Lakes Educational Center and Technical College,,miami-lakes-educational-center-and-technical-college,Miami Lakes,FL,33014,https://miamilakes.edu/,25.915514,-80.294424,True,1
135717,Miami Dade College,MDC Miami Dade College,miami-dade-college,Miami,FL,33132-2204,https://www.mdc.edu/,25.777717,-80.190856,True,1
135726,University of Miami,,university-of-miami,Coral Gables,FL,33146,https://www.miami.edu/,25.72126,-80.278662,True,1
135735,Orange Technical College-South Campus,Mid-Florida Tech | O-TEC Mid Florida Tech | O-TEC Mid-Florida Tech | Mid-Florida Technical Institute,orange-technical-college-south-campus,Orlando,FL,32809,https://www.orangetechcollege.net/,28.471695,-81.415996,True,1
136109,Paul Mitchell the School-Jacksonville,,paul-mitchell-the-school-jacksonville,Jacksonville,FL,32246,https://paulmitchell.edu/jacksonville,30.259433,-81.527515,True,1
136145,North Florida College,,north-florida-college,Madison,FL,32340,https://www.nfc.edu/,30.473841,-83.420732,True,1
136172,University of North Florida,UNF,university-of-north-florida,Jacksonville,FL,32224-7699,https://www.unf.edu/,30.27194,-81.509144,True,1
136215,Nova Southeastern University,,nova-southeastern-university,Fort Lauderdale,FL,33328-2004,https://www.nova.edu/,26.082288,-80.249891,True,1
136233,Northwest Florida State College,NWFSC,northwest-florida-state-college,Niceville,FL,32578-1295,https://www.nwfsc.edu/,30.540017,-86.47456,True,1
136303,Orange Technical College,,orange-technical-college,Orlando,FL,32801-1197,https://www.orangetechcollege.net/,28.550422,-81.383783,True,2
136330,Palm Beach Atlantic University,PBA,palm-beach-atlantic-university,West Palm Beach,FL,33401,https://www.pba.edu/,26.7044,-80.05247,True,1
136358,Palm Beach State College,,palm-beach-state-college,Lake Worth,FL,33461-4796,https://www.pbsc.edu/,26.61256,-80.08653,True,1
136400,Pasco-Hernando State College,,pasco-hernando-state-college,New Port Richey,FL,34654-5199,https://www.phsc.edu/,28.2751,-82.646727,True,1
136455,PENSACOLA CHRISTIAN COLLEGE,PCC,pensacola-christian-college,Pensacola,FL,32503-0000,https://www.pcci.edu/,,,True,1
136473,Pensacola State College,Pensacola State,pensacola-state-college,Pensacola,FL,32504-8998,https://www.pensacolastate.edu/,30.479267,-87.200265,True,1
136491,Pinellas Technical College-Clearwater,Pinellas Technical Education Center-Clearwater,pinellas-technical-college-clearwater,Clearwater,FL,33760-2140,https://www.myptc.edu/,27.911922,-82.719064,True,1
136516,Polk State College,Polk State,polk-state-college,Winter Haven,FL,33881-4299,https://www.polk.edu/,28.032411,-81.711873,True,1
136659,Radford M Locklin Technical College,Locklin Tech,radford-m-locklin-technical-college,Milton,FL,32570-8188,https://www.locklintech.com/,30.648077,-87.09971,True,1
136701,Saint Vincent de Paul Regional Seminary,St. Vincent de Paul Regional Seminary | St. Vincent de Paul Regional Seminary,saint-vincent-de-paul-regional-seminary,Boynton Beach,FL,33436-4899,https://www.svdp.edu/,26.516538,-80.125185,True,1
136765,Ridge Technical College,,ridge-technical-college,Winter Haven,FL,33881-9518,https://www.ridge.edu/,28.076632,-81.654463,True,1
136774,Ringling College of Art and Design,Ringling College,ringling-college-of-art-and-design,Sarasota,FL,34234-5895,https://www.ringling.edu/,27.360931,-82.547803,True,1
136826,Robert Morgan Educational Center and Technical College,,robert-morgan-educational-center-and-technical-college,Miami,FL,33177-2427,https://www.robertmorgantech.edu/,25.599247,-80.390054,True,2
136950,Rollins College,Rollins,rollins-college,Winter Park,FL,32789-4499,https://www.rollins.edu/,28.592787,-81.349239,True,1
137023,First Coast Technical College,,first-coast-technical-college,Saint Augustine,FL,32084-1919,https://fctc.edu/,29.924377,-81.345829,True,1
137032,Saint Leo University,St. Leo University   St Leo University,saint-leo-university,Saint Leo,FL,33574-6665,https://www.saintleo.edu/,28.336776,-82.257801,True,1
137078,St Petersburg College,"SPC, Saint Petersburg College, St. Petersburg College",st-petersburg-college,St. Petersburg,FL,33701,https://www.spcollege.edu/,27.773264,-82.636587,True,1
137087,Pinellas Technical College-St. Petersburg,Pinellas Technical College -St. Petersburg,pinellas-technical-college-st-petersburg,Saint Petersburg,FL,33711-2209,https://stpete.myptc.edu/,27.761183,-82.681534,True,1
137096,Santa Fe College,,santa-fe-college,Gainesville,FL,32606-6210,https://www.sfcollege.edu/,29.681037,-82.433143,True,1
137120,Suncoast Technical College,Suncoast Technical College,suncoast-technical-college,Sarasota,FL,34233-1798,https://www.sarasotacountyschools.net/o/stcsmc,27.285486,-82.500827,True,1
137209,Seminole State College of Florida,Seminole State,seminole-state-college-of-florida,Sanford,FL,32773-6199,https://www.seminolestate.edu/,28.745482,-81.308003,True,1
137245,Sheridan Technical College,,sheridan-technical-college,Hollywood,FL,33021,https://www.sheridantechnicalcollege.edu/,26.031736,-80.198024,True,1
137272,St. John Vianney College Seminary,St. John Vianney College Seminary   St John Vianney College Seminary,st-john-vianney-college-seminary,Miami,FL,33165-3244,https://www.sjvcs.edu/,25.742579,-80.337411,True,1
137281,Saint Johns River State College,St. Johns River Community College SJRCC St Johns River Community College St Johns River State College St. Johns River State College SJRSC,saint-johns-river-state-college,Palatka,FL,32177,https://www.sjrstate.edu/,29.647516,-81.681387,True,1
137315,South Florida State College,,south-florida-state-college,Avon Park,FL,33825-9356,https://www.southflorida.edu/,27.56974,-81.508667,True,1
137351,University of South Florida,University of South Florida USF,university-of-south-florida,Tampa,FL,33620-9951,https://www.usf.edu/,28.061458,-82.413232,True,1
137476,St. Thomas University,St Thomas University Saint Thomas University Miami Catholic University,st-thomas-university,Miami Gardens,FL,33054-6459,https://www.stu.edu/,25.922071,-80.253273,True,1
137546,Stetson University,,stetson-university,DeLand,FL,32723,https://www.stetson.edu/,29.035475,-81.300746,True,1
137564,Southeastern University,SEU,southeastern-university,Lakeland,FL,33801-6034,https://www.seu.edu/,28.029733,-81.918382,True,1
137591,Bene's Career Academy,,bene-s-career-academy,New Port Richey,FL,34652,https://www.benes.edu/,28.259612,-82.728584,True,1
137713,Riveroak Technical College,RTC,riveroak-technical-college,Live Oak,FL,32064,https://rtc.suwannee.k12.fl.us/o/rtc,30.281999,-82.992512,True,1
137759,Tallahassee State College,,tallahassee-state-college,Tallahassee,FL,32304-2895,https://www.tsc.fl.edu/,30.443866,-84.339,True,1
137777,Talmudic College of Florida,Talmudic University of Florida,talmudic-college-of-florida,Miami Beach,FL,33140-3854,https://www.talmudicu.edu/,25.811996,-80.136293,True,1
137847,The University of Tampa,,the-university-of-tampa,Tampa,FL,33606-1490,https://www.ut.edu/,27.948455,-82.46483,True,1
137856,Big Bend Technical College,BBTC,big-bend-technical-college,Perry,FL,32348,https://www.bbtc.edu/,30.077954,-83.565783,True,1
137865,Tom P. Haney Technical College,Haney Technical College,tom-p-haney-technical-college,Panama City,FL,32405,https://www.haney.edu/,30.203363,-85.646585,True,1
137953,Trinity College of Jacksonville,,trinity-college-of-jacksonville,Jacksonville,FL,32221,https://www.tcj.edu/,30.311171,-81.79626,True,1
137962,Trinity College of Florida,,trinity-college-of-florida,Trinity,FL,34655-4401,https://trinitycollege.edu/,28.194732,-82.678318,True,1
138187,Valencia College,,valencia-college,Orlando,FL,32811,https://valenciacollege.edu/,28.520783,-81.464275,True,1
138275,Warner University,,warner-university,Lake Wales,FL,33859-8797,https://www.warner.edu/,27.825751,-81.599972,True,1
138284,Florida Panhandle Technical College,/fka/ Washington-Holmes Technical College,florida-panhandle-technical-college,Chipley,FL,32428-1618,https://fptc.edu/,30.77449,-85.553345,True,1
138293,Webber International University,,webber-international-university,Babson Park,FL,33827-0096,https://www.webber.edu/,27.838778,-81.532315,True,1
138309,Rasmussen University-Florida,Parent is Ocala,rasmussen-university-florida,Ocala,FL,34471,https://rasmussen.edu/,29.175319,-82.15319,False,19
138354,University of West Florida,University of West Florida,university-of-west-florida,Pensacola,FL,32514-5750,https://uwf.edu/,30.549076,-87.218511,True,1
138372,Orange Technical College-West Campus,Westside Tech,orange-technical-college-west-campus,Ocoee,FL,34761,https://www.orangetechcollege.net/west-campus,28.597903,-81.555585,True,1
138479,William T McFatter Technical College,,william-t-mcfatter-technical-college,Davie,FL,33317,https://www.mcfattertechnicalcollege.edu/,26.085022,-80.232201,True,1
138497,Withlacoochee Technical College,WTC,withlacoochee-technical-college,Inverness,FL,34450-4301,https://www.wtcollege.org/,28.834861,-82.345563,True,1
138558,Abraham Baldwin Agricultural College,ABAC,abraham-baldwin-agricultural-college,Tifton,GA,31793-2601,https://www.abac.edu/,31.481889,-83.528281,True,1
138600,Agnes Scott College,,agnes-scott-college,Decatur,GA,30030-3770,https://www.agnesscott.edu/,33.769268,-84.295459,True,1
138655,Interactive College of Technology-Chamblee,,interactive-college-of-technology-chamblee,Chamblee,GA,30341,https://www.ict.edu/,33.886966,-84.304381,True,4
138664,Interactive College of Technology-Morrow,,interactive-college-of-technology-morrow,Morrow,GA,30260,https://ict.edu/,33.57125,-84.331192,False,4
138682,Albany Technical College,,albany-technical-college,Albany,GA,31701,https://www.albanytech.edu/,31.55434,-84.174284,True,1
138716,Albany State University,,albany-state-university,Albany,GA,31705,https://www.asurams.edu/,31.56928,-84.141825,True,1
138761,Andrew College,,andrew-college,Cuthbert,GA,39840-5550,https://www.andrewcollege.edu/,31.772321,-84.795021,True,1
138822,Georgia Career Institute,,georgia-career-institute,Conyers,GA,30094,https://gci.edu/,33.64336,-84.018321,True,1
138840,Atlanta Technical College,Atlanta Area Tech or Atlanta Technical Institute,atlanta-technical-college,Atlanta,GA,30310-4446,https://atlantatech.edu/,33.712009,-84.404995,True,1
138868,Point University,Point U,point-university,West Point,GA,31833,https://point.edu/,32.87912,-85.184931,True,1
138901,Atlanta Metropolitan State College,AMSC,atlanta-metropolitan-state-college,Atlanta,GA,30310-4448,https://www.atlm.edu/,33.70893,-84.404659,True,1
138929,Atlanta's John Marshall Law School,,atlanta-s-john-marshall-law-school,Atlanta,GA,30303,https://www.johnmarshall.edu/,33.76128,-84.385603,True,1
138947,Clark Atlanta University,CAU,clark-atlanta-university,Atlanta,GA,30314,https://www.cau.edu/,33.747628,-84.412584,True,1
138956,Augusta Technical College,,augusta-technical-college,Augusta,GA,30906,https://www.augustatech.edu/,33.418992,-82.048439,True,1
139144,Berry College,,berry-college,Mount Berry,GA,30149,https://www.berry.edu/,34.290414,-85.189202,True,1
139153,Beulah Heights University,BHU,beulah-heights-university,Atlanta,GA,30316,https://www.beulah.edu/,33.736993,-84.35768,True,1
139199,Brenau University,,brenau-university,Gainesville,GA,30501-3668,https://www.brenau.edu/,34.303117,-83.821513,True,1
139205,Brewton-Parker Christian University,BPCU,brewton-parker-christian-university,Mount Vernon,GA,30445,https://www.bpc.edu/,32.185718,-82.586136,True,1
139250,College of Coastal Georgia,CCGA,college-of-coastal-georgia,Brunswick,GA,31520-3644,https://www.ccga.edu/,31.181983,-81.486169,True,1
139278,West Georgia Technical College,,west-georgia-technical-college,Waco,GA,30182,https://www.westgatech.edu/,33.691657,-85.183666,True,1
139311,Clayton  State University,,clayton-state-university,Morrow,GA,30260-0285,https://www.clayton.edu/,33.594079,-84.328174,True,1
139348,Columbia Theological Seminary,,columbia-theological-seminary,Decatur,GA,30030-4118,https://www.ctsnet.edu/,33.764292,-84.281695,True,1
139357,Columbus Technical College,,columbus-technical-college,Columbus,GA,31904-6572,https://www.columbustech.edu/,32.508076,-84.978551,True,1
139366,Columbus State University,"CSU, Columbus State",columbus-state-university,Columbus,GA,31907-5645,https://www.columbusstate.edu/,32.50096,-84.94106,True,1
139384,Georgia Northwestern Technical College,,georgia-northwestern-technical-college,Rome,GA,30161,https://www.gntc.edu/,34.224673,-85.171361,True,1
139393,Covenant College,,covenant-college,Lookout Mountain,GA,30750-4164,https://www.covenant.edu/,34.965161,-85.375066,True,1
139463,Dalton State College,"DSC, Dalton State",dalton-state-college,Dalton,GA,30720-3797,https://www.daltonstate.edu/,34.774221,-85.002775,True,1
139506,Pro Way Hair School,,pro-way-hair-school,Stone Mountain,GA,30083-3254,https://www.prowayhairschool.com/,33.801802,-84.205183,True,1
139579,South University-Savannah,,south-university-savannah,Savannah,GA,31406,"https://www.southuniversity.edu/savannah#location=Savannah, GA",31.999481,-81.105531,True,9
139621,East Georgia State College,EGSC,east-georgia-state-college,Swainsboro,GA,30401,https://www.ega.edu/,32.594944,-82.309021,True,3
139630,Emmanuel University,,emmanuel-university,Franklin Springs,GA,30639,https://eu.edu/,34.283641,-83.14822,True,1
139658,Emory University,,emory-university,Atlanta,GA,30322,https://www.emory.edu/,33.790183,-84.325512,True,2
139700,Georgia Highlands College,GHC,georgia-highlands-college,Rome,GA,30161-3897,https://www.highlands.edu/,34.169791,-85.207356,True,1
139719,Fort Valley State University,,fort-valley-state-university,Fort Valley,GA,31030-4313,https://www.fvsu.edu/,32.537595,-83.89537,True,1
139746,Grady Health System Professional Schools,,grady-health-system-professional-schools,Atlanta,GA,30303-3050,https://www.gradyhealth.org/,33.751852,-84.381561,True,1
139755,Georgia Institute of Technology-Main Campus,Georgia Tech,georgia-institute-of-technology-main-campus,Atlanta,GA,30332-0530,https://www.gatech.edu/,33.77242,-84.394832,True,1
139764,Georgia Southwestern State University,"GSW, Georgia Southwestern",georgia-southwestern-state-university,Americus,GA,31709-4693,https://gsw.edu/,32.054662,-84.217738,True,1
139861,Georgia College & State University,Georgia College,georgia-college-state-university,Milledgeville,GA,31061,https://www.gcsu.edu/,33.082787,-83.231962,True,1
139931,Georgia Southern University,,georgia-southern-university,Statesboro,GA,30460-8126,https://www.georgiasouthern.edu/,32.426153,-81.784045,True,1
139940,Georgia State University,,georgia-state-university,Atlanta,GA,30303-3083,https://www.gsu.edu/,33.7527,-84.38667,True,2
139959,University of Georgia,,university-of-georgia,Athens,GA,30602,https://www.uga.edu/,33.956262,-83.374039,True,1
139968,Gordon State College,Gordon,gordon-state-college,Barnesville,GA,30204,https://www.gordonstate.edu/,33.04571,-84.154508,True,1
139986,Southern Crescent Technical College,,southern-crescent-technical-college,Griffin,GA,30223-2042,https://www.sctech.edu/,33.255438,-84.291662,True,1
139995,Gupton Jones College of Funeral Service,,gupton-jones-college-of-funeral-service,Decatur,GA,30035-4022,https://www.gupton-jones.edu/,33.710709,-84.179775,True,1
140003,Gwinnett College-Lilburn,Gwinnett College,gwinnett-college-lilburn,Lilburn,GA,30047-3447,https://www.gwinnettcollege.edu/,33.901271,-84.121874,True,1
140012,Gwinnett Technical College,Gwinnett Tech,gwinnett-technical-college,Lawrenceville,GA,30043-5702,https://www.gwinnetttech.edu/,33.962763,-84.066224,True,1
140146,Interdenominational Theological Center,,interdenominational-theological-center,Atlanta,GA,30314-4143,https://www.itc.edu/,33.752338,-84.409207,True,1
140234,LaGrange College,,lagrange-college,Lagrange,GA,30240-2999,https://www.lagrange.edu/,33.038564,-85.043113,True,1
140243,Lanier Technical College,,lanier-technical-college,Gainesville,GA,30507,https://www.laniertech.edu/,34.330323,-83.778107,True,1
140252,Life University,LifeU,life-university,Marietta,GA,30060,https://www.life.edu/,33.932781,-84.514729,True,1
140331,Chattahoochee Technical College,,chattahoochee-technical-college,Marietta,GA,30060,https://www.chattahoocheetech.edu/,33.929092,-84.553722,True,1
140340,Herzing University-Atlanta,,herzing-university-atlanta,Atlanta,GA,30303,https://www.herzing.edu/,33.754218,-84.387251,False,12
140447,Mercer University,,mercer-university,Macon,GA,31207,https://www.mercer.edu/,32.829134,-83.649392,True,1
140553,Morehouse College,,morehouse-college,Atlanta,GA,30314,https://www.morehouse.edu/,33.745982,-84.414917,True,1
140562,Morehouse School of Medicine,MSM,morehouse-school-of-medicine,Atlanta,GA,30310,https://www.msm.edu/,33.742888,-84.41186,True,1
140571,Morris Brown College,,morris-brown-college,Atlanta,GA,30314-4140,https://www.morrisbrown.edu/,33.753707,-84.407668,True,1
140678,North Georgia Technical College,,north-georgia-technical-college,Clarkesville,GA,30523,https://northgatech.edu/,34.639721,-83.530118,True,1
140696,Oglethorpe University,Oglethorpe,oglethorpe-university,Atlanta,GA,30319-2797,https://oglethorpe.edu/,33.875441,-84.333687,True,1
140720,Paine College,,paine-college,Augusta,GA,30901-3182,https://www.paine.edu/,33.469545,-81.993225,True,1
140818,Piedmont University,,piedmont-university,Demorest,GA,30535-0010,https://www.piedmont.edu/,34.566042,-83.542126,True,1
140827,Miami Ad School-Atlanta,,miami-ad-school-atlanta,Atlanta,GA,30309,https://miamiadschool.com/locations/atlanta/,33.790763,-84.384562,False,3
140872,Reinhardt University,Reinhardt,reinhardt-university,Waleska,GA,30183-2981,https://www.reinhardt.edu/,34.319756,-84.554264,True,1
140942,Savannah Technical College,Savannah Tech,savannah-technical-college,Savannah,GA,31405-5594,https://www.savannahtech.edu/,32.023211,-81.114753,True,1
140951,Savannah College of Art and Design,SCAD,savannah-college-of-art-and-design,Savannah,GA,31402-3146,https://www.scad.edu/,32.072964,-81.09395,True,1
140960,Savannah State University,,savannah-state-university,Savannah,GA,31404-5310,https://www.savannahstate.edu/,32.024781,-81.063377,True,1
140988,Shorter University,Shorter,shorter-university,Rome,GA,30165,https://www.shorter.edu/,34.257543,-85.196529,True,1
141006,South Georgia Technical College,,south-georgia-technical-college,Americus,GA,31709,https://www.southgatech.edu/,32.116663,-84.188321,True,1
141060,Spelman College,,spelman-college,Atlanta,GA,30314-4399,https://www.spelman.edu/,33.745279,-84.411527,True,1
141167,Thomas University,TU,thomas-university,Thomasville,GA,31792,https://www.thomasu.edu/,30.815576,-83.963587,True,1
141185,Toccoa Falls College,,toccoa-falls-college,Toccoa Falls,GA,30598,https://tfc.edu/,34.593414,-83.357617,True,1
141237,Truett McConnell University,,truett-mcconnell-university,Cleveland,GA,30528,https://truett.edu/,34.596306,-83.748911,True,1
141255,Wiregrass Georgia Technical College,,wiregrass-georgia-technical-college,Valdosta,GA,31602-0929,https://www.wiregrass.edu/,30.889221,-83.35381,True,1
141264,Valdosta State University,VSU; Valdosta State; Valdosta State College; V-State,valdosta-state-university,Valdosta,GA,31698,https://www.valdosta.edu/,30.847402,-83.289282,True,1
141325,Wesleyan College,,wesleyan-college,Macon,GA,31210-4462,https://www.wesleyancollege.edu/,32.876037,-83.715417,True,1
141334,University of West Georgia,,university-of-west-georgia,Carrollton,GA,30118-0001,https://www.westga.edu/,33.573621,-85.097762,True,1
141361,Young Harris College,YHC Young Harris,young-harris-college,Young Harris,GA,30582,https://www.yhc.edu/,34.933523,-83.84587,True,1
141486,Chaminade University of Honolulu,,chaminade-university-of-honolulu,Honolulu,HI,96816-1578,https://www.chaminade.edu/,21.28995,-157.807851,True,1
141565,University of Hawaii at Hilo,UH Hilo / UHH,university-of-hawaii-at-hilo,Hilo,HI,96720-4091,https://hilo.hawaii.edu/,19.701189,-155.080847,True,1
141574,University of Hawaii at Manoa,UH Manoa / UHM,university-of-hawaii-at-manoa,Honolulu,HI,96822-2217,https://manoa.hawaii.edu/,21.298598,-157.818979,True,1
141608,Hawaii Institute of Hair Design,,hawaii-institute-of-hair-design,Honolulu,HI,96817-5195,https://www.hihd.edu/,21.31146,-157.861609,True,1
141644,Hawaii Pacific University,,hawaii-pacific-university,Honolulu,HI,96813,https://www.hpu.edu/,21.310306,-157.859645,True,1
141680,Honolulu Community College,Honolulu CC / HonCC,honolulu-community-college,Honolulu,HI,96817-4505,https://www.honolulu.hawaii.edu/,21.321785,-157.87,True,1
141796,Kapiolani Community College,Kapiolani CC / KapCC,kapiolani-community-college,Honolulu,HI,96816-4421,https://www.kapiolani.hawaii.edu/,21.27148,-157.800213,True,1
141802,Kauai Community College,Kauai CC / KauCC,kauai-community-college,Lihue,HI,96766-9500,https://www.kauai.hawaii.edu/,21.968887,-159.395883,True,1
141811,Leeward Community College,Leeward CC / LeeCC,leeward-community-college,Pearl City,HI,96782-3366,https://www.leeward.hawaii.edu/,21.39267,-157.983771,True,1
141839,University of Hawaii Maui College,UH Maui College / Maui College,university-of-hawaii-maui-college,Kahului,HI,96732-1617,https://maui.hawaii.edu/,20.88956,-156.477252,True,1
141981,University of Hawaii-West Oahu,UH West Oahu / UHWO,university-of-hawaii-west-oahu,Kapolei,HI,96707-4507,https://westoahu.hawaii.edu/,21.35531,-158.056403,True,1
141990,Windward Community College,Windward CC / WinCC,windward-community-college,Kaneohe,HI,96744-3528,https://windward.hawaii.edu/,21.407051,-157.813307,True,1
142054,Carrington College-Boise,Carrington College-Boise formerly Apollo College-Boise,carrington-college-boise,Boise,ID,83706,https://carrington.edu/,43.615923,-116.243919,True,2
142090,Boise Bible College,,boise-bible-college,Boise,ID,83714-1220,https://www.boisebible.edu/,43.658651,-116.291321,True,1
142115,Boise State University,Boise State,boise-state-university,Boise,ID,83725,https://www.boisestate.edu/,43.604284,-116.203301,True,1
142179,College of Eastern Idaho,CEI,college-of-eastern-idaho,Idaho Falls,ID,83404-5788,https://www.cei.edu/,43.486041,-111.985519,True,1
142276,Idaho State University,ISU,idaho-state-university,Pocatello,ID,83209,https://www.isu.edu/,42.863832,-112.432312,True,1
142285,University of Idaho,UIdaho,university-of-idaho,Moscow,ID,83844-2282,https://www.uidaho.edu/,46.727406,-117.014167,True,1
142294,The College of Idaho,C of I,the-college-of-idaho,Caldwell,ID,83605-4432,https://www.collegeofidaho.edu/,43.652284,-116.677992,True,1
142328,Lewis-Clark State College,LC State,lewis-clark-state-college,Lewiston,ID,83501-2698,https://www.lcsc.edu/,46.412199,-117.024875,True,1
142407,Aveda Institute-Twin Falls,Mr. Juan's College of Hair Design,aveda-institute-twin-falls,Twin Falls,ID,83301,https://www.avedaidaho.com/,42.593567,-114.461545,True,1
142443,North Idaho College,NIC,north-idaho-college,Coeur d'Alene,ID,83814-2199,https://www.nic.edu/,47.67569,-116.798905,True,1
142461,Northwest Nazarene University,Northwest Nazarene University/Northwest Nazarene College/NNU/NNC,northwest-nazarene-university,Nampa,ID,83686-5897,https://www.nnu.edu/,43.562411,-116.565783,True,1
142489,Nathan Layne Institute of Cosmetology,Nathan Layne Institute,nathan-layne-institute-of-cosmetology,Chubbuck,ID,83202,https://www.nathanlayneinstitute.com/,42.919964,-112.464554,True,1
142522,Brigham Young University-Idaho,BYU-I,brigham-young-university-idaho,Rexburg,ID,83460-1690,https://www.byui.edu/,43.818408,-111.782431,True,1
142559,College of Southern Idaho,,college-of-southern-idaho,Twin Falls,ID,83301,https://www.csi.edu/,42.579837,-114.473901,True,1
142832,Adler University,,adler-university,Chicago,IL,60602,https://www.adler.edu/,41.882414,-87.629156,True,1
142957,American Islamic College,,american-islamic-college,Chicago,IL,60613,https://aicusa.edu/,41.954969,-87.646898,True,1
143048,School of the Art Institute of Chicago,,school-of-the-art-institute-of-chicago,Chicago,IL,60603,https://www.saic.edu/,41.88105,-87.625758,True,1
143084,Augustana College,,augustana-college,Rock Island,IL,61201-2296,https://www.augustana.edu/,41.502365,-90.55057,True,1
143118,Aurora University,,aurora-university,Aurora,IL,60506-4892,https://aurora.edu/,41.753631,-88.349023,True,1
143215,Southwestern Illinois College,"SWIC, Belleville Area College, BAC",southwestern-illinois-college,Belleville,IL,62221-5899,https://www.swic.edu/,38.516406,-89.924466,True,1
143233,Bethany Theological Seminary,,bethany-theological-seminary,Richmond,IN,47374-4019,https://www.bethanyseminary.edu/,39.826244,-84.910689,True,1
143279,Black Hawk College,BHC,black-hawk-college,Moline,IL,61265-5899,https://www.bhc.edu/,41.477283,-90.447799,True,1
143288,Blackburn College,,blackburn-college,Carlinville,IL,62626,https://www.blackburn.edu/,39.287896,-89.870241,True,1
143297,Blessing Rieman College of Nursing and Health Sciences,BRCN/B-RCN/Blessing-Rieman,blessing-rieman-college-of-nursing-and-health-sciences,Quincy,IL,62305-7005,https://www.brcn.edu/,39.949641,-91.357497,True,1
143358,Bradley University,,bradley-university,Peoria,IL,61625-0001,https://www.bradley.edu/,40.696896,-89.616786,True,1
143376,Paul Mitchell the School-Tinley Park,Paul Mitchell the school,paul-mitchell-the-school-tinley-park,Tinley Park,IL,60477-6273,https://paulmitchell.edu/tinleypark,41.556477,-87.801816,True,1
143464,Cameo Beauty Academy,,cameo-beauty-academy,Oak Lawn,IL,60453,https://www.cameobeautyacademy.com/,41.716051,-87.740894,True,1
143473,Cannella School of Hair Design-Villa Park,,cannella-school-of-hair-design-villa-park,Villa Park,IL,60181,https://cannellaschool.com/,41.90417,-87.994628,True,1
143491,Cannella School of Hair Design-Chicago,,cannella-school-of-hair-design-chicago,Chicago,IL,60632-2549,https://cannellaschool.com/,41.815763,-87.701198,True,1
143552,Capri Beauty College,Capri Beauty College,capri-beauty-college,Oak Forest,IL,60452,https://capri.edu/,41.603863,-87.771567,False,2
143613,Carl Sandburg College,,carl-sandburg-college,Galesburg,IL,61401,https://www.sandburg.edu/,40.98128,-90.408203,True,1
143659,Catholic Theological Union at Chicago,CTU,catholic-theological-union-at-chicago,Chicago,IL,60615-5698,https://www.ctu.edu/,41.797895,-87.585989,True,1
143853,Midwestern University-Downers Grove,,midwestern-university-downers-grove,Downers Grove,IL,60515-5514,https://www.midwestern.edu/,41.828115,-87.998342,True,2
143978,The Chicago School at Chicago,The Chicago School of Professional Psychology at Chicago,the-chicago-school-at-chicago,Chicago,IL,60654,https://www.thechicagoschool.edu/in-the-community/locations/,41.888293,-87.63379,False,8
144005,Chicago State University,CSU,chicago-state-university,Chicago,IL,60628-1598,https://www.csu.edu/,41.718446,-87.609384,True,1
144014,Chicago Theological Seminary,,chicago-theological-seminary,Chicago,IL,60637,https://www.ctschicago.edu/,41.785701,-87.591178,True,1
144050,University of Chicago,,university-of-chicago,Chicago,IL,60637,https://www.uchicago.edu/,41.787994,-87.599539,True,1
144157,City Colleges of Chicago-Kennedy-King College,,city-colleges-of-chicago-kennedy-king-college,Chicago,IL,60621-2709,https://www.ccc.edu/colleges/kennedy/pages/default.aspx,41.780253,-87.643425,True,1
144166,City Colleges of Chicago-Malcolm X College,,city-colleges-of-chicago-malcolm-x-college,Chicago,IL,60612-3197,https://www.ccc.edu/colleges/malcolm-x/pages/default.aspx,41.878092,-87.675321,True,1
144175,City Colleges of Chicago-Olive-Harvey College,,city-colleges-of-chicago-olive-harvey-college,Chicago,IL,60628-1696,https://www.ccc.edu/colleges/olive-harvey/pages/default.aspx,41.709997,-87.589249,True,1
144184,City Colleges of Chicago-Harry S Truman College,,city-colleges-of-chicago-harry-s-truman-college,Chicago,IL,60640-6063,https://www.ccc.edu/colleges/truman/Pages/default.aspx,41.964502,-87.659107,True,1
144193,City Colleges of Chicago-Richard J Daley College,,city-colleges-of-chicago-richard-j-daley-college,Chicago,IL,60652-1299,https://www.ccc.edu/colleges/daley/pages/default.aspx,41.755955,-87.723981,True,1
144209,City Colleges of Chicago-Harold Washington College,,city-colleges-of-chicago-harold-washington-college,Chicago,IL,60601-2449,https://www.ccc.edu/colleges/washington/Pages/default.aspx,41.886067,-87.626596,True,1
144218,City Colleges of Chicago-Wilbur Wright College,,city-colleges-of-chicago-wilbur-wright-college,Chicago,IL,60634-1500,https://www.ccc.edu/colleges/wright/pages/default.aspx,41.958774,-87.787868,True,1
144281,Columbia College Chicago,,columbia-college-chicago,Chicago,IL,60605-1996,https://www.colum.edu/,41.874261,-87.624667,True,1
144351,Concordia University-Chicago,Concordia University Chicago,concordia-university-chicago,River Forest,IL,60305-1499,https://www.cuchicago.edu/,41.898696,-87.809482,True,1
144564,Danville Area Community College,DACC/Danville Community College/Danville Junior College,danville-area-community-college,Danville,IL,61832-5118,https://dacc.edu/,40.127539,-87.587884,True,1
144573,Tricoci University of Beauty Culture,Urbana,tricoci-university-of-beauty-culture,Urbana,IL,61801,https://www.tricociuniversity.edu/,40.117724,-88.205972,True,1
144740,DePaul University,,depaul-university,Chicago,IL,60604,https://www.depaul.edu/,41.877618,-87.62724,True,1
144795,Cosmetology & Spa Academy,,cosmetology-spa-academy,Crystal Lake,IL,60014,https://www.cosmetologyandspaacademy.edu/,42.24918,-88.294087,True,1
144865,College of DuPage,COD,college-of-dupage,Glen Ellyn,IL,60137-6599,https://www.cod.edu/,41.841577,-88.071635,True,1
144883,East-West University,,east-west-university,Chicago,IL,60605,https://www.eastwest.edu/,41.871309,-87.624793,True,1
144892,Eastern Illinois University,EIU|E.I.U.|Eastern Illinois,eastern-illinois-university,Charleston,IL,61920,https://www.eiu.edu/,39.479843,-88.175658,True,1
144944,Elgin Community College,ECC,elgin-community-college,Elgin,IL,60123-7193,https://www.elgin.edu/,42.018066,-88.32194,True,1
144962,Elmhurst University,,elmhurst-university,Elmhurst,IL,60126-3296,https://www.elmhurst.edu/,41.897164,-87.945369,True,1
144971,Eureka College,EC,eureka-college,Eureka,IL,61530,https://www.eureka.edu/,40.71482,-89.269624,True,1
145099,First Institute of Travel Inc.,First Institute,first-institute-of-travel-inc,Crystal Lake,IL,60014,https://www.firstinstitute.edu/,42.21926,-88.339468,True,1
145239,Fox College,,fox-college,Tinley Park,IL,60477,https://www.foxcollege.edu/,41.563842,-87.785169,True,1
145275,Garrett-Evangelical Theological Seminary,,garrett-evangelical-theological-seminary,Evanston,IL,60201-3298,https://www.garrett.edu/,42.056221,-87.675497,True,1
145309,Gem City College,,gem-city-college,Quincy,IL,62301,https://www.gemcitycollege.com/,39.926394,-91.404218,True,1
145336,Governors State University,GSU,governors-state-university,University Park,IL,60484,https://www.govst.edu/,41.449103,-87.716441,True,1
145354,Graham Hospital School of Nursing,,graham-hospital-school-of-nursing,Canton,IL,61520-2497,https://www.grahamschoolofnursing.org/,40.552962,-90.038776,True,1
145372,Greenville University,,greenville-university,Greenville,IL,62246,https://www.greenville.edu/,38.894162,-89.40824,True,1
145406,G Skin & Beauty Institute,G Skin and Beauty Institute,g-skin-beauty-institute,Schaumburg,IL,60195,https://gskinbeautyinstitute.edu/,42.061983,-88.083218,True,1
145424,Hair Professionals Career College,,hair-professionals-career-college,Sycamore,IL,60178,https://hairpros.edu/,41.962221,-88.718145,True,1
145433,Hair Professionals School of Cosmetology,,hair-professionals-school-of-cosmetology,Oswego,IL,60543,https://hairpros.edu/,41.682591,-88.364727,True,1
145497,Hebrew Theological College,"HTC, TI, Teacher's Institute, Skokie Yeshiva, Sarah Hartman Women's College of Touro at HTC, Machon Torani L'Banot, Beis HaMidrash L'Torah",hebrew-theological-college,Skokie,IL,60077,https://www.htc.edu/,42.010103,-87.760874,True,1
145521,Highland Community College,,highland-community-college,Freeport,IL,61032-9341,https://www.highland.edu/,42.283344,-89.67342,True,1
145558,Rosalind Franklin University of Medicine and Science,RFUMS,rosalind-franklin-university-of-medicine-and-science,North Chicago,IL,60064-3095,https://www.rosalindfranklin.edu/,42.300069,-87.859632,True,1
145600,University of Illinois Chicago,UIC|U of I-Chicago|Illinois-Chicago|U of I-Medical Center|University of Illinois-Medical Center|,university-of-illinois-chicago,Chicago,IL,60607,https://www.uic.edu/,41.871837,-87.650503,True,1
145619,Benedictine University,,benedictine-university,Lisle,IL,60532-0900,https://ben.edu/,41.777569,-88.097307,True,1
145628,Illinois College of Optometry,,illinois-college-of-optometry,Chicago,IL,60616-3878,https://www.ico.edu/,41.835447,-87.623016,True,1
145637,University of Illinois Urbana-Champaign,Illinois|Illinios|Ilinois|Ilinios|Urbana|Champaign|Champagne|Champaign-Urbana|Champagne-Urbana|Urbana-Champaign|Urbana-Champagne|University of Illinois at Urbana|University of Illinois at Champaign|University of Illinois at Champagne|University of Illinois at Champaign-Urbana|University of Illinois at Champagne-Urbana|UIUC|UICU|University of Illinois at UC|University of Illinois at CU,university-of-illinois-urbana-champaign,Champaign,IL,61820-5711,https://www.illinois.edu/,40.104718,-88.229114,True,1
145646,Illinois Wesleyan University,IWU|Wesleyan,illinois-wesleyan-university,Bloomington,IL,61702-2900,https://www.iwu.edu/,40.489901,-88.992014,True,1
145682,Illinois Central College,ICC,illinois-central-college,East Peoria,IL,61635-0001,https://icc.edu/,40.707235,-89.52485,True,1
145691,Illinois College,,illinois-college,Jacksonville,IL,62650-2299,https://www.ic.edu/,39.7313,-90.246171,True,1
145707,Illinois Eastern Community Colleges,Olney Central College,illinois-eastern-community-colleges,Olney,IL,62450,https://www.iecc.edu/,38.729684,-88.081976,True,5
145725,Illinois Institute of Technology,Illinois Tech,illinois-institute-of-technology,Chicago,IL,60616,https://www.iit.edu/,41.8313,-87.627321,True,1
145813,Illinois State University,,illinois-state-university,Normal,IL,61790-1000,https://illinoisstate.edu/,40.509403,-88.990058,True,1
145831,Illinois Valley Community College,IVCC,illinois-valley-community-college,Oglesby,IL,61348-9692,https://www.ivcc.edu/,41.30744,-89.100887,True,1
145886,Institute for Clinical Social Work,,institute-for-clinical-social-work,Chicago,IL,60640-1229,https://www.icsw.edu/,41.972414,-87.662806,True,1
146205,John A Logan College,,john-a-logan-college,Carterville,IL,62918-2500,https://www.jalc.edu/,37.747453,-89.09021,True,1
146278,John Wood Community College,,john-wood-community-college,Quincy,IL,62305-8736,https://www.jwcc.edu/,39.913741,-91.335828,True,1
146296,Joliet Junior College,,joliet-junior-college,Joliet,IL,60431-8938,https://www.jjc.edu/,41.500535,-88.180985,True,1
146339,Judson University,,judson-university,Elgin,IL,60123-1498,https://www.judsonu.edu/,42.061754,-88.291336,True,1
146348,Kankakee Community College,,kankakee-community-college,Kankakee,IL,60901,https://www.kcc.edu/,41.098178,-87.851047,True,1
146366,Kaskaskia College,,kaskaskia-college,Centralia,IL,62801,https://www.kaskaskia.edu/,38.562112,-89.191974,True,1
146418,Kishwaukee College,,kishwaukee-college,Malta,IL,60150-9699,https://www.kish.edu/,41.938234,-88.880524,True,1
146427,Knox College,,knox-college,Galesburg,IL,61401,https://www.knox.edu/,40.943064,-90.373165,True,1
146454,Educators of Beauty College of Cosmetology-Peru,"STERLING SCHOOL OF BEAUTY CULTURE, INC.",educators-of-beauty-college-of-cosmetology-peru,PERU,IL,61354-1450,https://www.educatorsofbeauty.com/,41.354338,-89.118454,True,1
146472,College of Lake County,,college-of-lake-county,Grayslake,IL,60030-1198,https://www.clcillinois.edu/,42.354164,-88.012291,True,1
146481,Lake Forest College,,lake-forest-college,Lake Forest,IL,60045-2338,https://www.lakeforest.edu/,42.249574,-87.827454,True,1
146490,Lake Forest Graduate School of Management,LFGSM,lake-forest-graduate-school-of-management,Lake Forest,IL,60045,https://lfgsm.edu/,42.243432,-87.893204,True,1
146506,Lake Land College,,lake-land-college,Mattoon,IL,61938,https://www.lakelandcollege.edu/,39.416969,-88.380835,True,1
146533,Lakeview College of Nursing,,lakeview-college-of-nursing,Danville,IL,61832,https://lcn.edu/,40.13855,-87.644379,True,1
146603,Lewis and Clark Community College,,lewis-and-clark-community-college,Godfrey,IL,62035,https://www.lc.edu/,38.951624,-90.194405,True,1
146612,Lewis University,Lewis College  Lewis College of Science and Technology  Lewis School of Aeronautics  Lewis Holy Name School of Aeronautics  Lewis Holy Name Technical School  Holy Name Technical School,lewis-university,Romeoville,IL,60446-2200,https://www.lewisu.edu/,41.605432,-88.079032,True,1
146685,Lincoln Land Community College,LLCC | Lincoln Land,lincoln-land-community-college,Springfield,IL,62794-9256,https://www.llcc.edu/,39.721211,-89.611249,True,1
146700,Lincoln College of Technology-Melrose Park,,lincoln-college-of-technology-melrose-park,Melrose Park,IL,60160-1605,https://www.lincolntech.edu/campus/melrose-park-il,41.905577,-87.832162,False,8
146719,Loyola University Chicago,,loyola-university-chicago,Chicago,IL,60660,https://www.luc.edu/,42.000765,-87.656872,True,1
146728,Lutheran School of Theology at Chicago,LSTC,lutheran-school-of-theology-at-chicago,Chicago,IL,60615,https://www.lstc.edu/,41.797895,-87.585989,True,1
146755,Trinity College of Nursing & Health Sciences,Trinity College|Trinity College of Nursing and Health Sciences|Trinity College of Nursing,trinity-college-of-nursing-health-sciences,Rock Island,IL,61201-5317,https://www.trinitycollegeqc.edu/,41.484924,-90.568862,True,1
146807,Steven Papageorge Hair Academy,steven papageorge hair academy,steven-papageorge-hair-academy,Chicago,IL,60625,https://stevenpapageorgehairacademy.com/,41.968291,-87.713577,True,1
146816,Generations College,Generations College,generations-college,Chicago,IL,60602-4405,https://www.generations.edu/,41.881773,-87.626675,True,1
146977,McCormick Theological Seminary,,mccormick-theological-seminary,Chicago,IL,60615,https://www.mccormick.edu/,41.797895,-87.585989,True,1
147004,McHenry County College,"MCC, McHenry, McHenrey",mchenry-county-college,Crystal Lake,IL,60012-2761,https://www.mchenry.edu/,42.259111,-88.368956,True,1
147013,McKendree University,,mckendree-university,Lebanon,IL,62254-1291,https://www.mckendree.edu/,38.608154,-89.816822,True,1
147031,Meadville Theological School of Lombard College,Meadville Lombard Theological School,meadville-theological-school-of-lombard-college,Chicago,IL,60601,https://www.meadville.edu/,41.885452,-87.62671,True,1
147129,Methodist College,,methodist-college,Peoria,IL,61615,https://www.methodistcol.edu/,40.7804,-89.682864,True,1
147244,Millikin University,,millikin-university,Decatur,IL,62522-2084,https://millikin.edu/,39.842612,-88.976298,True,1
147341,Monmouth College,,monmouth-college,Monmouth,IL,61462-1998,https://www.monmouthcollege.edu/,40.914824,-90.63731,True,1
147369,Moody Bible Institute,Moody Theological Seminary and Graduate School; Moody Theological Seminary and Graduate School--Michigan; Moody Bible Institute Aviation--Spokane,moody-bible-institute,Chicago,IL,60610-3284,https://www.moody.edu/,41.897822,-87.633459,True,3
147378,Moraine Valley Community College,MVCC/Moraine/Moraine Valley/Moraine Valley CC,moraine-valley-community-college,Palos Hills,IL,60465-0937,https://www.morainevalley.edu/,41.694613,-87.836915,True,1
147396,Morrison Institute of Technology,Morrison Tech,morrison-institute-of-technology,Morrison,IL,61270-2959,https://www.morrisontech.edu/,41.7971,-89.965963,True,1
147411,Morton College,,morton-college,Cicero,IL,60804-4398,https://www.morton.edu/,41.824303,-87.762306,True,1
147536,National Louis University,,national-louis-university,Chicago,IL,60603,https://www.nl.edu/,41.880093,-87.624699,True,1
147590,National University of Health Sciences,National College of Chiropractic,national-university-of-health-sciences,Lombard,IL,60148-4583,https://www.nuhs.edu/,41.861697,-88.013171,True,1
147642,Cosmetology Concepts Niles,John Amico School of Hair Design 2,cosmetology-concepts-niles,Niles,IL,60714,https://johnamicoschoolofhairdesign.com/,42.027601,-87.815113,True,1
147660,North Central College,NCC|North Central|Cardinals|North Central University|University of Naperville|Naperville University,north-central-college,Naperville,IL,60540,https://northcentralcollege.edu/,41.77576,-88.14279,True,1
147679,North Park University,,north-park-university,Chicago,IL,60625-4895,https://www.northpark.edu/,41.975268,-87.709948,True,1
147697,Northern Baptist Theological Seminary,Northern Seminary,northern-baptist-theological-seminary,Lisle,IL,60532-1348,https://www.seminary.edu/,41.809104,-88.056162,True,1
147703,Northern Illinois University,,northern-illinois-university,Dekalb,IL,60115-2828,https://www.niu.edu/,41.933869,-88.766428,True,1
147767,Northwestern University,,northwestern-university,Evanston,IL,60208,https://www.northwestern.edu/,42.050356,-87.679858,True,1
147776,Northeastern Illinois University,NEIU,northeastern-illinois-university,Chicago,IL,60625-4699,https://www.neiu.edu/,41.980399,-87.718983,True,1
147800,Oakton College,,oakton-college,Des Plaines,IL,60016-1268,https://www.oakton.edu/,42.061893,-87.880644,True,1
147819,Oehrlein School of Cosmetology,,oehrlein-school-of-cosmetology,East Peoria,IL,61611,https://oehrleinschool.com/,40.665832,-89.55712,True,1
147828,Olivet Nazarene University,,olivet-nazarene-university,Bourbonnais,IL,60914-2271,https://www.olivet.edu/,41.155237,-87.875165,True,1
147916,Parkland College,,parkland-college,Champaign,IL,61821-1899,https://www.parkland.edu/,40.131963,-88.290359,True,1
148007,Prairie State College,,prairie-state-college,Chicago Heights,IL,60411-8226,https://prairiestate.edu/,41.525316,-87.638943,True,1
148016,Principia College,,principia-college,Elsah,IL,62028-9799,https://www.principiacollege.edu/,38.948835,-90.350285,True,1
148098,Professional's Choice Hair Design Academy,,professional-s-choice-hair-design-academy,Joliet,IL,60435,https://www.pchairdesign.com/,41.523122,-88.148846,True,1
148131,Quincy University,,quincy-university,Quincy,IL,62301-2699,https://www.quincy.edu/,39.938898,-91.385975,True,1
148256,Rend Lake College,,rend-lake-college,Ina,IL,62846,https://rlc.edu/,38.131481,-88.918283,True,1
148292,Richland Community College,,richland-community-college,Decatur,IL,62521-8513,https://www.richland.edu/,39.883887,-88.894125,True,1
148380,Rock Valley College,,rock-valley-college,Rockford,IL,61114-5699,https://www.rockvalleycollege.edu/,42.306174,-88.993544,True,1
148405,Rockford University,Rockford University,rockford-university,Rockford,IL,61108-2311,https://www.rockford.edu/,42.270639,-89.019536,True,1
148487,Roosevelt University,,roosevelt-university,Chicago,IL,60605-1394,https://www.roosevelt.edu/,41.876055,-87.624952,True,1
148496,Dominican University,Dominican,dominican-university,River Forest,IL,60305,https://www.dom.edu/,41.902678,-87.823003,True,1
148511,Rush University,Rush University Medical Center,rush-university,Chicago,IL,60612,https://www.rushu.rush.edu/,41.874742,-87.668581,True,1
148575,Saint Francis Medical Center College of Nursing,St. Francis Medical Center College of Nursing SFMCCoN,saint-francis-medical-center-college-of-nursing,Peoria,IL,61603-3783,https://www.sfmccon.edu/,40.701241,-89.590322,True,1
148584,University of St Francis,,university-of-st-francis,Joliet,IL,60435-6188,https://www.stfrancis.edu/,41.532225,-88.096057,True,1
148593,St. John's College,St Johns School of Nursing; St John's College of Nursing,st-john-s-college,Springfield,IL,62702,https://www.hshs.org/stjohnscollege/,39.807602,-89.64532,True,1
148627,Saint Xavier University,St. Xavier University   St Xavier University,saint-xavier-university,Chicago,IL,60655,https://www.sxu.edu/,41.707199,-87.714749,True,1
148654,University of Illinois Springfield,UIS,university-of-illinois-springfield,Springfield,IL,62703-5407,https://www.uis.edu/,39.729524,-89.616796,True,1
148672,Sauk Valley Community College,,sauk-valley-community-college,Dixon,IL,61021-9112,https://www.svcc.edu/,41.817659,-89.596483,True,1
148821,Shawnee Community College,,shawnee-community-college,Ullin,IL,62992,https://shawneecc.edu/,37.270198,-89.03352,True,1
148885,University of Saint Mary of the Lake,University of St. Mary of the Lake University,university-of-saint-mary-of-the-lake,Mundelein,IL,60060-1174,https://usml.edu/,42.280702,-88.000262,True,1
148937,Southeastern Illinois College,SIC,southeastern-illinois-college,Harrisburg,IL,62946,https://www.sic.edu/,37.75174,-88.436631,True,1
148982,Spertus College,Spertus Institute of Jewish Studies  Spertus Institute for Jewish Learning and Leadership,spertus-college,Chicago,IL,60605,https://www.spertus.edu/,41.873881,-87.624785,True,1
148991,Spoon River College,SRC|Spoon|Spoon River,spoon-river-college,Canton,IL,61520-8622,https://www.src.edu/,40.527991,-90.07233,True,1
149028,Saint Anthony College of Nursing,"SACN, St. Anthony College of Nursing",saint-anthony-college-of-nursing,Rockford,IL,61114,https://www.sacn.edu/,42.310147,-88.991968,True,1
149204,Educators of Beauty College of Cosmetology-Sterling,"STERLING SCHOOL OF BEAUTY CULTURE, INC.",educators-of-beauty-college-of-cosmetology-sterling,Sterling,IL,61081-3611,https://www.educatorsofbeauty.com/,41.788581,-89.692522,True,2
149222,Southern Illinois University-Carbondale,,southern-illinois-university-carbondale,Carbondale,IL,62901-4512,https://siu.edu/,37.714193,-89.217273,True,1
149231,Southern Illinois University Edwardsville,SIUE,southern-illinois-university-edwardsville,Edwardsville,IL,62026-1259,https://www.siue.edu/,38.793949,-89.997779,True,1
149310,Taylor Business Institute,,taylor-business-institute,Chicago,IL,60602,https://www.tbiil.edu/,41.881773,-87.626675,True,1
149329,Telshe Yeshiva-Chicago,,telshe-yeshiva-chicago,Chicago,IL,60625,https://telsheyeshivachicago.com/,41.975536,-87.71755,True,1
149365,South Suburban College,SSC Thornton Junior College|Thornton Community College,south-suburban-college,South Holland,IL,60473-1200,https://www.ssc.edu/,41.606427,-87.619123,True,1
149505,Trinity Christian College,,trinity-christian-college,Palos Heights,IL,60463-0929,https://www.trnty.edu/,41.667687,-87.783973,True,1
149514,Trinity International University-Illinois,,trinity-international-university-illinois,Deerfield,IL,60015-1283,https://www.tiu.edu/,42.197945,-87.880851,True,2
149532,Triton College,,triton-college,River Grove,IL,60171-1995,https://www.triton.edu/,41.916082,-87.841056,True,2
149550,University of Spa & Cosmetology Arts,,university-of-spa-cosmetology-arts,Springfield,IL,62704,https://uscart.com/,39.76672,-89.710839,True,1
149639,VanderCook College of Music,VCM,vandercook-college-of-music,Chicago,IL,60616-3731,https://www.vandercook.edu/,41.836833,-87.629138,True,1
149727,Waubonsee Community College,Waubonsee,waubonsee-community-college,Sugar Grove,IL,60554-9454,https://www.waubonsee.edu/,41.795955,-88.459925,True,1
149772,Western Illinois University,,western-illinois-university,Macomb,IL,61455,https://www.wiu.edu/,40.468086,-90.686899,True,1
149781,Wheaton College,,wheaton-college,Wheaton,IL,60187-5593,https://www.wheaton.edu/,41.870176,-88.099643,True,1
149842,William Rainey Harper College,Harper College,william-rainey-harper-college,Palatine,IL,60067-7398,https://www.harpercollege.edu/index.php,42.081829,-88.072811,True,1
150066,Anderson University,AU,anderson-university,Anderson,IN,46012-3495,https://anderson.edu/,40.112768,-85.664315,True,1
150136,Ball State University,BSU|Ball U,ball-state-university,Muncie,IN,47306,https://www.bsu.edu/,40.203431,-85.409043,True,1
150145,Bethel University,,bethel-university,Mishawaka,IN,46545-5591,https://betheluniversity.edu/,41.678399,-86.194686,True,1
150163,Butler University,,butler-university,Indianapolis,IN,46208,https://www.butler.edu/,39.8374,-86.172167,True,1
150172,Calumet College of Saint Joseph,"CCSJ, CAL COLLEGE, CALUMET COLLEGE;  Calumet College of St. Joseph   Calumet College of St Joseph",calumet-college-of-saint-joseph,Whiting,IN,46394,https://www.ccsj.edu/,41.671008,-87.494123,True,1
150215,Christian Theological Seminary,,christian-theological-seminary,Indianapolis,IN,46208-3301,https://www.cts.edu/,39.832673,-86.178551,True,1
150251,College of Court Reporting Inc,College of Court Reporting,college-of-court-reporting-inc,Valparaiso,IN,46385,https://www.ccr.edu/,41.467574,-87.066331,True,1
150288,Concordia Theological Seminary,,concordia-theological-seminary,Fort Wayne,IN,46825-4996,https://ctsfw.edu/,41.139321,-85.10994,True,1
150303,Tricoci University of Beauty Culture-Highland,HLD,tricoci-university-of-beauty-culture-highland,Highland,IN,46322,https://www.tricociuniversity.edu/,41.555885,-87.467018,True,1
150400,DePauw University,DePauw,depauw-university,Greencastle,IN,46135-1772,https://www.depauw.edu/,39.640904,-86.860363,True,1
150428,Don Roberts School of Hair Design,,don-roberts-school-of-hair-design,Schererville,IN,46375,https://www.donrobertsspaschool.com/,41.485532,-87.447089,True,1
150455,Earlham College,Earlham,earlham-college,Richmond,IN,47374-4095,https://earlham.edu/,39.823431,-84.915037,True,1
150534,University of Evansville,UE | Aces | Evansville | Purple Aces,university-of-evansville,Evansville,IN,47722,https://www.evansville.edu/,37.971549,-87.531644,True,1
150604,Franklin College,Franklin College of Indiana,franklin-college,Franklin,IN,46131-2623,https://www.franklincollege.edu/,39.478298,-86.047182,True,1
150668,Goshen College,,goshen-college,Goshen,IN,46526-4794,https://www.goshen.edu/,41.563582,-85.827795,True,1
150677,Grace College and Theological Seminary,,grace-college-and-theological-seminary,Winona Lake,IN,46590-1274,https://www.grace.edu/,41.22595,-85.814228,True,1
150756,Hanover College,,hanover-college,Hanover,IN,47243,https://www.hanover.edu/,38.715642,-85.460051,True,1
150765,J Michael Harrold Beauty Academy,Harrold Beauty Academy,j-michael-harrold-beauty-academy,Terre Haute,IN,47807,https://harroldbeautyacademy.com/,39.470359,-87.383391,True,1
150774,Holy Cross College,,holy-cross-college,Notre Dame,IN,46556-0308,https://www.hcc-nd.edu/,41.698996,-86.253822,True,1
150853,PJ's College of Cosmetology-Clarksville,,pj-s-college-of-cosmetology-clarksville,Clarksville,IN,47129,https://www.gotopjs.com/,38.3121,-85.768914,True,3
150941,Huntington University,,huntington-university,Huntington,IN,46750,https://www.huntington.edu/,40.898152,-85.497317,True,1
150987,Ivy Tech Community College,,ivy-tech-community-college,Indianapolis,IN,46208-5752,https://www.ivytech.edu/,39.803753,-86.158213,True,19
151102,Purdue University Fort Wayne,IPFW|IUPUFW|Purdue University-Fort Wayne|Purdue-Fort Wayne|Purdue Fort Wayne,purdue-university-fort-wayne,Fort Wayne,IN,46805-1499,https://www.pfw.edu/,41.117278,-85.108962,True,1
151111,Indiana University-Indianapolis,IU Indianapolis,indiana-university-indianapolis,Indianapolis,IN,46202-5143,https://indianapolis.iu.edu/,39.772948,-86.172217,True,3
151263,University of Indianapolis,UIndy,university-of-indianapolis,Indianapolis,IN,46227-3697,https://uindy.edu/,39.709571,-86.133969,True,1
151290,Indiana Institute of Technology,"Indiana Tech, IIT",indiana-institute-of-technology,Fort Wayne,IN,46803-1228,https://www.indianatech.edu/,41.078365,-85.116479,True,1
151306,University of Southern Indiana,USI,university-of-southern-indiana,Evansville,IN,47712,https://www.usi.edu/,37.962374,-87.677214,True,1
151324,Indiana State University,Indiana State ISU,indiana-state-university,Terre Haute,IN,47809,https://indianastate.edu/,39.469073,-87.407846,True,1
151333,Indiana University-Kokomo,IU Kokomo | IUK | IU KO,indiana-university-kokomo,Kokomo,IN,46902-9003,https://kokomo.iu.edu/,40.460062,-86.132048,True,1
151342,Indiana University-South Bend,IUSB | IU SB | IU South Bend,indiana-university-south-bend,South Bend,IN,46615-7111,https://southbend.iu.edu/,41.665324,-86.221991,True,1
151351,Indiana University-Bloomington,IUB | IU Bloomington,indiana-university-bloomington,Bloomington,IN,47405-7000,https://bloomington.iu.edu/,39.16609,-86.526559,True,1
151360,Indiana University-Northwest,IUN | IU Northwest,indiana-university-northwest,Gary,IN,46408-1197,https://northwest.iu.edu/,41.557324,-87.337249,True,1
151379,Indiana University-Southeast,IUSE | IU SE | IU Southeast,indiana-university-southeast,New Albany,IN,47150,https://southeast.iu.edu/,38.345191,-85.819985,True,1
151388,Indiana University-East,IUE | IU East,indiana-university-east,Richmond,IN,47374-1289,https://east.iu.edu/,39.868707,-84.881923,True,1
151467,Vet Tech Institute of Indiana,,vet-tech-institute-of-indiana,Indianapolis,IN,46256-3954,https://www.vettechinstitute.edu/,39.885628,-86.041648,True,1
151564,Taylor Institute of Cosmetology II,dba Knox Beauty College,taylor-institute-of-cosmetology-ii,Knox,IN,46534,https://www.kbc.edu/,41.287712,-86.618158,True,1
151607,Tricoci University of Beauty Culture-Lafayette,LAF,tricoci-university-of-beauty-culture-lafayette,Lafayette,IN,47901,https://www.tricociuniversity.edu/,40.419818,-86.887007,False,2
151661,Lincoln College of Technology-Indianapolis,LTI; Lincoln Tech; Lincoln Educational Services; LCT,lincoln-college-of-technology-indianapolis,Indianapolis,IN,46268,https://www.lincolntech.edu/campus/indianapolis-in,39.884503,-86.246276,True,9
151777,Manchester University,,manchester-university,North Manchester,IN,46962,https://www.manchester.edu/,41.01154,-85.762249,True,1
151786,Marian University,Marian,marian-university,Indianapolis,IN,46222-1997,https://www.marian.edu/,39.813233,-86.202643,True,2
151801,Indiana Wesleyan University-Marion,IWU,indiana-wesleyan-university-marion,Marion,IN,46953-4974,https://www.indwes.edu/,40.517937,-85.667503,True,2
151865,Anabaptist Mennonite Biblical Seminary,AMBS | Mennonite Biblical Seminary | Mennonite Seminary,anabaptist-mennonite-biblical-seminary,Elkhart,IN,46517-1999,https://www.ambs.edu/,41.656013,-85.972165,True,1
151962,Mid-America College of Funeral Service,,mid-america-college-of-funeral-service,Jeffersonville,IN,47130,https://www.mid-america.edu/,38.31209,-85.744696,True,1
152080,University of Notre Dame,Notre Dame | Fighting Irish | ND,university-of-notre-dame,Notre Dame,IN,46556,https://www.nd.edu/,41.703058,-86.238959,True,2
152099,Oakland City University,,oakland-city-university,Oakland City,IN,47660-1099,https://www.oak.edu/,38.340891,-87.35144,True,1
152150,PJ's College of Cosmetology-Richmond,,pj-s-college-of-cosmetology-richmond,Richmond,IN,47374,https://www.gotopjs.com/,39.83227,-84.842601,True,1
152275,Ravenscroft Beauty College,,ravenscroft-beauty-college,Fort Wayne,IN,46835,https://ravenscroftcollege.com/,41.121802,-85.046078,True,1
152309,Rogers Academy of Hair Design,Roger's Academy,rogers-academy-of-hair-design,Evansville,IN,47708,https://rogershair.com/,37.970675,-87.572366,True,1
152318,Rose-Hulman Institute of Technology,R-HIT|RHIT|Rose Polytechnic|Rose Polytechnic Institute|RP|RPI|Rose-Hulman|Rose Hulman|Rose-Hulman Institute|Rose Hulman Institute|Rose,rose-hulman-institute-of-technology,Terre Haute,IN,47803-3920,https://www.rose-hulman.edu/,39.483602,-87.326749,True,1
152336,University of Saint Francis-Fort Wayne,"University of Saint Francis of Fort Wayne, Indiana  University of Saint Francis  Saint Francis College  University of St. Francis-Fort Wayne   University of St Francis-Fort Wayne  USF",university-of-saint-francis-fort-wayne,Fort Wayne,IN,46808-3994,https://www.sf.edu/,41.087205,-85.177246,True,1
152381,Saint Mary-of-the-Woods College,St. Mary-of-the-Woods College   St Mary-of-the-Woods College,saint-mary-of-the-woods-college,Saint Mary of the Woods,IN,47876-1099,https://www.smwc.edu/,39.508546,-87.463791,True,1
152390,Saint Mary's College,St. Mary's College   St Mary's College,saint-mary-s-college,Notre Dame,IN,46556,https://www.saintmarys.edu/,41.707274,-86.256947,True,1
152451,Saint Meinrad School of Theology,Saint Meinrad Seminary and School of Theology,saint-meinrad-school-of-theology,St. Meinrad,IN,47577,https://www.saintmeinrad.edu/,38.165546,-86.810388,True,1
152497,Saint Elizabeth School of Nursing,St. Elizabeth School of Nursing and University of Saint Francis Cooperative Nursing Program,saint-elizabeth-school-of-nursing,Lafayette,IN,47904-9988,https://www.steson.org/,40.427401,-86.88083,True,1
152530,Taylor University,,taylor-university,Upland,IN,46989-1001,https://www.taylor.edu/,40.456246,-85.497034,True,1
152567,Trine University,,trine-university,Angola,IN,46703-1764,https://www.trine.edu/,41.632502,-85.008009,True,2
152600,Valparaiso University,Valpo|VU,valparaiso-university,Valparaiso,IN,46383,https://www.valpo.edu/,41.462239,-87.040172,True,1
152628,Vincennes Beauty College,,vincennes-beauty-college,Vincennes,IN,47591,https://vincennesbeautycollege.com/,38.679739,-87.53241,True,1
152637,Vincennes University,,vincennes-university,Vincennes,IN,47591,https://www.vinu.edu/,38.686318,-87.523407,True,1
152673,Wabash College,,wabash-college,Crawfordsville,IN,47933-0352,https://www.wabash.edu/,40.037588,-86.906,True,1
152798,Allen College,,allen-college,Waterloo,IA,50703-1999,https://www.allencollege.edu/,42.530084,-92.340148,True,1
152992,Briar Cliff University,,briar-cliff-university,Sioux City,IA,51104,https://www.briarcliff.edu/,42.526443,-96.428444,True,1
153001,Buena Vista University,,buena-vista-university,Storm Lake,IA,50588,https://www.bvu.edu/,42.642255,-95.208529,True,1
153074,Capri College-Dubuque,,capri-college-dubuque,Dubuque,IA,52001,https://www.capricollege.edu/,42.497357,-90.665565,True,1
153083,Capri College-Cedar Rapids,,capri-college-cedar-rapids,Cedar Rapids,IA,52404,https://www.capricollege.edu/,41.960734,-91.710201,True,1
153108,Central College,,central-college,Pella,IA,50219,https://www.central.edu/,41.401539,-92.922199,True,1
153126,Clarke University,,clarke-university,Dubuque,IA,52001-3198,https://www.clarke.edu/,42.509475,-90.690487,True,1
153144,Coe College,,coe-college,Cedar Rapids,IA,52402-5092,https://www.coe.edu/,41.988263,-91.658192,True,1
153162,Cornell College,,cornell-college,Mount Vernon,IA,52314,https://www.cornellcollege.edu/,41.924554,-91.423741,True,1
153214,Des Moines Area Community College,DMACC,des-moines-area-community-college,Ankeny,IA,50023-3993,https://www.dmacc.edu/,41.707348,-93.611597,True,1
153241,Divine Word College,,divine-word-college,Epworth,IA,52045,https://www.dwci.edu/,42.441721,-90.934578,True,1
153250,Dordt University,Dort,dordt-university,Sioux Center,IA,51250-1606,https://www.dordt.edu/,43.082527,-96.166562,True,1
153269,Drake University,Drake,drake-university,Des Moines,IA,50311-4505,https://www.drake.edu/,41.60129,-93.652163,True,1
153278,University of Dubuque,,university-of-dubuque,Dubuque,IA,52001,https://www.dbq.edu/,42.49726,-90.693428,True,1
153296,Ellsworth Community College,Iowa Valley Community College District,ellsworth-community-college,Iowa Falls,IA,50126,https://ecc.iavalley.edu/,42.527524,-93.265853,True,1
153302,Emmaus Bible College,Emmaus University,emmaus-bible-college,Dubuque,IA,52001-3096,https://www.emmaus.edu/,42.508307,-90.706011,True,1
153311,Eastern Iowa Community College District,Eastern Iowa Community Colleges,eastern-iowa-community-college-district,Davenport,IA,52801-1221,https://www.eicc.edu/,41.522179,-90.574459,True,1
153320,Faith Baptist Bible College and Theological Seminary,"FBBC&TS, FBBC",faith-baptist-bible-college-and-theological-seminary,Ankeny,IA,50023-2152,https://faith.edu/,41.737082,-93.624422,True,1
153366,Graceland University-Lamoni,,graceland-university-lamoni,Lamoni,IA,50140,https://www.graceland.edu/,40.615966,-93.924893,True,2
153375,Grand View University,GVC,grand-view-university,Des Moines,IA,50316,https://www.grandview.edu/,41.620039,-93.600954,True,1
153384,Grinnell College,Grinnell,grinnell-college,Grinnell,IA,50112-1690,https://www.grinnell.edu/,41.747952,-92.722094,True,1
153427,Orion Technical College,,orion-technical-college,Davenport,IA,52807,https://orion.edu/,41.56056,-90.528333,True,1
153445,Hawkeye Community College,,hawkeye-community-college,Waterloo,IA,50701,https://www.hawkeyecollege.edu/,42.430003,-92.330633,True,1
153463,American Hair Academy,,american-hair-academy,Mt. Pleasant,IA,52641,https://americanhairacademy.com/,40.962643,-91.524949,True,1
153472,Indian Hills Community College,IHCC|Indian Hills College|The Hills,indian-hills-community-college,Ottumwa,IA,52501,https://www.indianhills.edu/,41.045105,-92.394736,True,1
153524,Iowa Central Community College,,iowa-central-community-college,Fort Dodge,IA,50501,https://www.iowacentral.edu/,42.490067,-94.20299,True,1
153533,Iowa Lakes Community College,,iowa-lakes-community-college,Estherville,IA,51334-2295,https://www.iowalakes.edu/,43.401376,-94.835661,True,1
153542,UnityPoint Health-Des Moines School of Radiologic Technology,,unitypoint-health-des-moines-school-of-radiologic-technology,Des Moines,IA,50309-1453,https://www.unitypoint.org/join-our-team/medical-education-and-career-growth/school-of-radiologic-technology---des-moines-area-hospitals,41.590094,-93.635129,True,1
153597,Iowa School of Beauty-Des Moines,ISB,iowa-school-of-beauty-des-moines,Des Moines,IA,50322-3203,https://iowaschoolofbeauty.com/,41.624684,-93.711628,True,1
153603,Iowa State University,ISU,iowa-state-university,Ames,IA,50011-2103,https://www.iastate.edu/,42.026212,-93.648504,True,1
153630,Iowa Western Community College,,iowa-western-community-college,Council Bluffs,IA,51503-1057,https://www.iwcc.edu/,41.272168,-95.797975,True,1
153658,University of Iowa,Iowa,university-of-iowa,Iowa City,IA,52242-1316,https://uiowa.edu/,41.661935,-91.536425,True,1
153737,Kirkwood Community College,,kirkwood-community-college,Cedar Rapids,IA,52406-2068,https://www.kirkwood.edu/,41.911268,-91.651172,True,1
153746,La James International College-Cedar Falls,,la-james-international-college-cedar-falls,Cedar Falls,IA,50613,https://ljic.edu/,42.515026,-92.434496,True,1
153764,La James International College-Johnston,,la-james-international-college-johnston,Johnston,IA,50131,https://ljic.edu/,41.661015,-93.738577,True,1
153773,La James College of Hairstyling and Cosmetology,LaJames College  The Original LaJames College,la-james-college-of-hairstyling-and-cosmetology,Mason City,IA,50401-3308,https://www.lajames.edu/services/,43.153786,-93.199881,True,1
153782,La James International College-Ft Dodge,,la-james-international-college-ft-dodge,Fort Dodge,IA,50501,https://ljic.edu/,42.5005,-94.163856,True,1
153825,Loras College,,loras-college,Dubuque,IA,52004-0178,https://www.loras.edu/,42.503908,-90.679023,True,1
153834,Luther College,Luther Norse,luther-college,Decorah,IA,52101-1045,https://www.luther.edu/,43.312304,-91.802809,True,1
153861,Maharishi International University,,maharishi-international-university,Fairfield,IA,52557,https://www.miu.edu/,41.017781,-91.967306,True,1
153922,Marshalltown Community College,Iowa Valley Community College District,marshalltown-community-college,Marshalltown,IA,50158,https://mcc.iavalley.edu/,42.00065,-92.909411,True,1
153977,Mercy College of Health Sciences,,mercy-college-of-health-sciences,Des Moines,IA,50309-1239,https://www.mchs.edu/,41.594559,-93.626238,True,1
154004,Morningside University,,morningside-university,Sioux City,IA,51106-1751,https://www.morningside.edu/,42.473891,-96.359464,True,1
154013,Mount Mercy University,Mount Mercy College,mount-mercy-university,Cedar Rapids,IA,52402-4797,https://www.mtmercy.edu/,42.001931,-91.650991,True,1
154022,The University of Arizona Global Campus,,the-university-of-arizona-global-campus,Chandler,AZ,85225,https://www.uagc.edu/,32.8273,-117.141961,True,1
154059,North Iowa Area Community College,,north-iowa-area-community-college,Mason City,IA,50401,https://www.niacc.edu/,43.157169,-93.13126,True,1
154095,University of Northern Iowa,UNI Panthers Northern Iowa,university-of-northern-iowa,Cedar Falls,IA,50614-0005,https://www.uni.edu/,42.514923,-92.459703,True,1
154101,Northwestern College,,northwestern-college,Orange City,IA,51041,https://www.nwciowa.edu/,42.999007,-96.058772,True,1
154110,Northeast Iowa Community College,NICC,northeast-iowa-community-college,Calmar,IA,52132-0400,https://www.nicc.edu/,43.17523,-91.867105,True,1
154129,Northwest Iowa Community College,,northwest-iowa-community-college,Sheldon,IA,51201,https://www.nwicc.edu/,43.184701,-95.880639,True,1
154156,Des Moines University-Osteopathic Medical Center,Des Moines University,des-moines-university-osteopathic-medical-center,West Des Moines,IA,50266,https://www.dmu.edu/,41.54124,-93.81733,True,1
154174,Palmer College of Chiropractic,,palmer-college-of-chiropractic,Davenport,IA,52803-5287,https://www.palmer.edu/,41.529021,-90.574607,True,1
154208,PCI Academy-Ames,TSPA,pci-academy-ames,Ames,IA,50010,https://www.pci-academy.com/,41.99767,-93.613611,True,3
154235,Saint Ambrose University,St. Ambrose University,saint-ambrose-university,Davenport,IA,52803-2898,https://www.sau.edu/,41.54065,-90.579854,True,1
154262,St Luke's College,,st-luke-s-college,Sioux City,IA,51104-0263,https://www.stlukescollege.edu/,42.520081,-96.404724,True,1
154332,La James International College-Davenport,,la-james-international-college-davenport,Davenport,IA,52806,https://ljic.edu/,41.572861,-90.5682,True,1
154350,Simpson College,,simpson-college,Indianola,IA,50125,https://simpson.edu/,41.365503,-93.563471,True,1
154378,Southeastern Community College,,southeastern-community-college,West Burlington,IA,52655-0180,https://www.scciowa.edu/,40.814496,-91.171881,True,1
154396,Southwestern Community College,SWCC,southwestern-community-college,Creston,IA,50801,https://www.swcciowa.edu/,41.073437,-94.380906,True,1
154448,Capri College-Davenport,,capri-college-davenport,Davenport,IA,52807-3003,https://capricollege.edu/consumer-information/,41.575211,-90.538828,True,1
154457,Iowa School of Beauty-Sioux City,ISB,iowa-school-of-beauty-sioux-city,Sioux City,IA,51106,https://iowaschoolofbeauty.com/,42.441812,-96.365842,True,1
154466,SOHO Hair Academy,SOHO Academy,soho-hair-academy,Council Bluffs,IA,51501,https://www.sohohairacademy.com/,41.235617,-95.858073,True,1
154493,Upper Iowa University,UIU,upper-iowa-university,Fayette,IA,52142-1857,https://www.uiu.edu/,42.838283,-91.799543,True,1
154518,Waldorf University,,waldorf-university,Forest City,IA,50436-1713,https://www.waldorf.edu/,43.262923,-93.641714,True,1
154527,Wartburg College,,wartburg-college,Waverly,IA,50677-0903,https://www.wartburg.edu/,42.7277,-92.483387,True,1
154536,Wartburg Theological Seminary,Wartburg Seminary,wartburg-theological-seminary,Dubuque,IA,52003-7769,https://www.wartburgseminary.edu/,42.485761,-90.691225,True,1
154545,The Salon Professional Academy-Cedar Falls,,the-salon-professional-academy-cedar-falls,Cedar Falls,IA,50613,https://tspacedarfalls.com/,42.511022,-92.433262,True,1
154572,Western Iowa Tech Community College,,western-iowa-tech-community-college,Sioux City,IA,51102-5199,https://www.witcc.edu/,42.482953,-96.348874,True,1
154590,William Penn University,,william-penn-university,Oskaloosa,IA,52577,https://www.wmpenn.edu/,41.310111,-92.647095,True,1
154642,Allen County Community College,Allen Community College,allen-county-community-college,Iola,KS,66749,https://www.allencc.edu/,37.938038,-95.396377,True,1
154688,Baker University,Baker|BU|Baker U,baker-university,Baldwin City,KS,66006-0065,https://www.bakeru.edu/,38.778712,-95.187346,True,2
154697,Barton County Community College,Barton Community College,barton-county-community-college,Great Bend,KS,67530,https://www.bartonccc.edu/,38.403529,-98.731648,True,1
154712,Benedictine College,,benedictine-college,Atchison,KS,66002-1499,https://www.benedictine.edu/,39.573079,-95.113858,True,1
154721,Bethany College,,bethany-college,Lindsborg,KS,67456-1897,https://www.bethanylb.edu/,38.580598,-97.67367,True,1
154749,Bethel College-North Newton,,bethel-college-north-newton,North Newton,KS,67117-1716,https://www.bethelks.edu/,38.075169,-97.343256,True,1
154800,Butler Community College,Butler CC,butler-community-college,El Dorado,KS,67042-3280,https://www.butlercc.edu/,37.806699,-96.882987,True,1
154855,Central Christian College of Kansas,Central Christian College,central-christian-college-of-kansas,McPherson,KS,67460-5740,https://www.centralchristian.edu/,38.357978,-97.668597,True,1
154907,Cloud County Community College,,cloud-county-community-college,Concordia,KS,66901-3108,https://www.cloud.edu/,39.554199,-97.664147,True,1
154925,Coffeyville Community College,,coffeyville-community-college,Coffeyville,KS,67337,https://www.coffeyville.edu/,37.033814,-95.621374,True,4
154934,Colby Community College,,colby-community-college,Colby,KS,67701,https://www.colbycc.edu/,39.377601,-101.052744,True,1
154952,Cowley County Community College,Cowley College,cowley-county-community-college,Arkansas City,KS,67005,https://www.cowley.edu/,37.061668,-97.043075,True,1
154998,Dodge City Community College,,dodge-city-community-college,Dodge City,KS,67801-2399,https://dc3.edu/,37.776891,-100.037481,True,1
155007,Donnelly College,,donnelly-college,Kansas City,KS,66102,https://www.donnelly.edu/,39.112346,-94.649827,True,1
155025,Emporia State University,ESU E-State,emporia-state-university,Emporia,KS,66801-5415,https://www.emporia.edu/,38.414784,-96.179021,True,1
155052,Flint Hills Technical College,,flint-hills-technical-college,Emporia,KS,66801-5957,https://fhtc.edu/,38.41888,-96.224141,True,1
155061,Fort Hays State University,FHSU,fort-hays-state-university,Hays,KS,67601-4099,https://www.fhsu.edu/,38.872156,-99.342503,True,1
155070,Barclay College,,barclay-college,Haviland,KS,67059-0288,https://www.barclaycollege.edu/,37.62012,-99.105351,True,1
155089,Friends University,,friends-university,Wichita,KS,67213,https://www.friends.edu/,37.678459,-97.367048,True,1
155098,Fort Scott Community College,FSCC|Fort Scott JuCo|Ft. Scott Community College|Fort Scott Junior College|Ft. Scott Jr. College|Ft. Scott Junior College|FSJC,fort-scott-community-college,Fort Scott,KS,66701,https://www.fortscott.edu/,37.816206,-94.715334,True,1
155104,Garden City Community College,,garden-city-community-college,Garden City,KS,67846-6333,https://www.gcccks.edu/,37.970514,-100.84916,True,1
155140,Haskell Indian Nations University,Haskell,haskell-indian-nations-university,Lawrence,KS,66046-4800,https://www.haskell.edu/,38.938834,-95.232879,True,1
155159,Hays Academy of Hair Design,"Hays Academy of Hair Design, Hays Campus",hays-academy-of-hair-design,Hays,KS,67601,https://www.haysacademy.edu/,38.884873,-99.310623,True,2
155177,Hesston College,Hesston,hesston-college,Hesston,KS,67062-2093,https://www.hesston.edu/,38.134558,-97.433883,True,1
155186,Highland Community College,,highland-community-college-2,Highland,KS,66035-4165,https://www.highlandcc.edu/,39.859987,-95.271539,True,1
155195,Hutchinson Community College,,hutchinson-community-college,Hutchinson,KS,67501,https://www.hutchcc.edu/,38.068035,-97.92135,True,1
155201,Independence Community College,,independence-community-college,Independence,KS,67301-0708,https://www.indycc.edu/,37.195614,-95.720518,True,1
155210,Johnson County Community College,JCCC,johnson-county-community-college,Overland Park,KS,66210-1299,https://www.jccc.edu/,38.924125,-94.727798,True,1
155283,Concorde Career College-Kansas City,,concorde-career-college-kansas-city,Kansas City,MO,64114,https://www.concorde.edu/campus/kansas-city-missouri,38.936103,-94.602584,True,3
155292,Kansas City Kansas Community College,,kansas-city-kansas-community-college,Kansas City,KS,66112,https://www.kckcc.edu/,39.121911,-94.748061,True,1
155308,Kansas Christian College,,kansas-christian-college,Overland Park,KS,66204-1975,https://www.kansaschristian.edu/,38.994848,-94.666878,True,1
155317,University of Kansas,"University of Kansas | Univ of Kansas | Kansas University | KU | Kansas Jayhawks | Univ of KS |University of KS | Kansas Univ | Kansas U, KUMC, University of Kansas Medical Center, KU Medical Center, Kansas University Medical Center",university-of-kansas,Lawrence,KS,66045,https://ku.edu/,38.958549,-95.247567,True,1
155335,Newman University,,newman-university,Wichita,KS,67213-2097,https://www.newmanu.edu/,37.672643,-97.37768,True,1
155353,Old Town Barber College,Kansas School of Barbering,old-town-barber-college,Wichita,KS,67211-1605,https://www.otbcollege.com/,37.68586,-97.323179,True,2
155399,Kansas State University,K-State,kansas-state-university,Manhattan,KS,66506,https://www.k-state.edu/,39.188648,-96.581077,True,1
155414,Kansas Wesleyan University,,kansas-wesleyan-university,Salina,KS,67401-6146,https://www.kwu.edu/,38.813795,-97.607973,True,1
155423,Washburn Institute of Technology,Washburn Tech,washburn-institute-of-technology,Topeka,KS,66604,https://www.washburntech.edu/,39.04497,-95.751158,False,2
155450,Labette Community College,,labette-community-college,Parsons,KS,67357-4201,https://www.labette.edu/,37.339062,-95.255368,True,1
155487,Manhattan Area Technical College,MATC,manhattan-area-technical-college,Manhattan,KS,66503-2499,https://manhattantech.edu/,39.197774,-96.615672,True,1
155496,Manhattan Christian College,MCC,manhattan-christian-college,Manhattan,KS,66502-4801,https://www.mccks.edu/,39.184806,-96.579383,True,1
155511,McPherson College,,mcpherson-college,McPherson,KS,67460-1402,https://www.mcpherson.edu/,38.371422,-97.642996,True,1
155520,MidAmerica Nazarene University,MidAmerica Nazarene College,midamerica-nazarene-university,Olathe,KS,66062-1899,https://www.mnu.edu/,38.875244,-94.781526,True,1
155566,Neosho County Community College,,neosho-county-community-college,Chanute,KS,66720,https://www.neosho.edu/,37.670672,-95.464976,True,1
155593,Fort Hays Tech North Central,,fort-hays-tech-north-central,Beloit,KS,67420,https://www.fhtechnc.edu/,39.482419,-98.110826,True,1
155618,Fort Hays State University-Northwest Kansas Technical College,Fort Hays Tech | Northwest or Northwest Kansas Technical College or NWKTC or Northwest Tech,fort-hays-state-university-northwest-kansas-technical-college,Goodland,KS,67735,https://www.fhnw.edu/,39.346424,-101.70022,True,1
155627,Ottawa University-Ottawa,OUKS - Ottawa,ottawa-university-ottawa,Ottawa,KS,66067-3399,https://www.ottawa.edu/,38.603173,-95.264187,True,4
155636,Ottawa University-Kansas City,Ottawa University - Overland Park,ottawa-university-kansas-city,Overland Park,KS,66211,https://www.ottawa.edu/,38.932055,-94.635461,False,4
155681,Pittsburg State University,Pitt State,pittsburg-state-university,Pittsburg,KS,66762,https://www.pittstate.edu/,37.392071,-94.702473,True,1
155715,Pratt Community College,,pratt-community-college,Pratt,KS,67124,https://www.prattcc.edu/,37.654451,-98.714538,True,1
155812,University of Saint Mary,"University of St. Mary, University of St Mary",university-of-saint-mary,Leavenworth,KS,66048-5082,https://www.stmary.edu/,39.279396,-94.906743,True,1
155830,Salina Area Technical College,Salina Tech,salina-area-technical-college,Salina,KS,67401,https://www.salinatech.edu/,38.793582,-97.636892,True,1
155858,Seward County Community College,SCCC,seward-county-community-college,Liberal,KS,67901,https://sccc.edu/,37.059807,-100.917695,True,1
155900,Southwestern College,SC,southwestern-college-2,Winfield,KS,67156-2499,https://www.sckans.edu/,37.248608,-96.975405,True,1
155937,Sterling College,SC,sterling-college,Sterling,KS,67579,https://www.sterling.edu/,38.219937,-98.208644,True,1
155973,Tabor College,Tabor|TC,tabor-college,Hillsboro,KS,67063-1799,https://tabor.edu/,38.34858,-97.199773,True,1
156082,Washburn University,,washburn-university,Topeka,KS,66621,https://www.washburn.edu/,39.033778,-95.702222,True,2
156107,Wichita State University-Campus of Applied Sciences and Technology,WSU Tech,wichita-state-university-campus-of-applied-sciences-and-technology,Wichita,KS,67226,https://www.wsutech.edu/,37.75764,-97.224151,True,1
156125,Wichita State University,WSU,wichita-state-university,Wichita,KS,67260-0124,https://www.wichita.edu/,37.718882,-97.292361,True,1
156134,Wichita Technical Institute,W.T.I.,wichita-technical-institute,Wichita,KS,67213-1927,https://www.wti.edu/,37.656976,-97.371819,True,1
156189,Alice Lloyd College,"Caney Creek Community Center, Inc. |dba Alice Lloyd College",alice-lloyd-college,Pippa Passes,KY,41844,https://www.alc.edu/,37.335087,-82.875068,True,1
156213,Asbury University,Asbury College,asbury-university,Wilmore,KY,40390-1198,https://www.asbury.edu/,37.862029,-84.662606,True,1
156222,Asbury Theological Seminary,,asbury-theological-seminary,Wilmore,KY,40390-1199,https://www.asburyseminary.edu/,37.861561,-84.660127,True,1
156231,Ashland Community and Technical College,ACTC,ashland-community-and-technical-college,Ashland,KY,41101-3683,https://ashland.kctcs.edu/,38.469201,-82.650664,True,1
156286,Bellarmine University,,bellarmine-university,Louisville,KY,40205-0671,https://www.bellarmine.edu/,38.219279,-85.704997,True,1
156295,Berea College,,berea-college,Berea,KY,40404-2182,https://www.berea.edu/,37.57202,-84.292893,True,1
156310,PJ's College of Cosmetology-Bowling Green,,pj-s-college-of-cosmetology-bowling-green,Bowling Green,KY,42101,https://www.gotopjs.com/,36.979195,-86.469756,True,6
156338,Southcentral Kentucky Community and Technical College,,southcentral-kentucky-community-and-technical-college,Bowling Green,KY,42101-3601,https://southcentral.kctcs.edu/,36.984827,-86.476717,True,1
156356,Brescia University,,brescia-university,Owensboro,KY,42301-3023,https://www.brescia.edu/,37.769041,-87.111639,True,1
156365,Campbellsville University,,campbellsville-university,Campbellsville,KY,42718-2799,https://www.campbellsville.edu/,37.343342,-85.348943,True,1
156392,Bluegrass Community and Technical College,,bluegrass-community-and-technical-college,Lexington,KY,40508,https://bluegrass.kctcs.edu/,38.061375,-84.499928,True,1
156408,Centre College,Centre College of Kentucky,centre-college,Danville,KY,40422-1394,https://www.centre.edu/,37.645709,-84.779392,True,1
156417,Clear Creek Baptist Bible College,Clear Creek Springs|Clear Creek Mountain Preachers Bible School|Clear Creek Baptist School|CCBBC,clear-creek-baptist-bible-college,Pineville,KY,40977-9752,https://ccbbc.edu/,36.725236,-83.727702,True,1
156426,Paul Mitchell the School-Lexington,,paul-mitchell-the-school-lexington,Lexington,KY,40514,https://paulmitchell.edu/lexington,37.980361,-84.548281,True,1
156471,Galen College of Nursing-Louisville,,galen-college-of-nursing-louisville,Louisville,KY,40245,https://www.galencollege.edu/louisville,38.281333,-85.499039,True,23
156541,University of the Cumberlands,Cumberland College,university-of-the-cumberlands,Williamsburg,KY,40769,https://www.ucumberlands.edu/,36.737048,-84.161646,True,1
156620,Eastern Kentucky University,Eastern EKU,eastern-kentucky-university,Richmond,KY,40475-3102,https://www.eku.edu/,37.740845,-84.300796,True,1
156648,Elizabethtown Community and Technical College,ECTC,elizabethtown-community-and-technical-college,Elizabethtown,KY,42701-3081,https://elizabethtown.kctcs.edu/,37.692858,-85.879927,True,1
156727,Frontier Nursing University,,frontier-nursing-university,Versailles,KY,40383,https://www.frontier.edu/,38.051018,-84.692791,True,1
156745,Georgetown College,,georgetown-college,Georgetown,KY,40324-1696,https://www.georgetowncollege.edu/,38.207615,-84.553767,True,1
156754,PJ's College of Cosmetology-Glasgow,,pj-s-college-of-cosmetology-glasgow,Glasgow,KY,42141,https://www.gotopjs.com/,37.012713,-85.922275,True,1
156790,Hazard Community and Technical College,,hazard-community-and-technical-college,Hazard,KY,41701-2402,https://hazard.kctcs.edu/,37.234897,-83.175644,True,1
156842,Paul Mitchell the School-Louisville,,paul-mitchell-the-school-louisville,Louisville,KY,40222,https://paulmitchell.edu/louisville,38.24897,-85.578849,True,1
156851,Henderson Community College,,henderson-community-college,Henderson,KY,42420-4699,https://henderson.kctcs.edu/,37.797687,-87.650091,True,1
156860,Hopkinsville Community College,,hopkinsville-community-college,Hopkinsville,KY,42240,https://hopkinsville.kctcs.edu/index.aspx,36.882654,-87.488297,True,1
156921,Jefferson Community and Technical College,JCTC,jefferson-community-and-technical-college,Louisville,KY,40202,https://jefferson.kctcs.edu/,38.246027,-85.753615,True,1
156967,Summit Salon Academy-Lexington,,summit-salon-academy-lexington,Lexington,KY,40505,https://www.summitsalonacademy.org/,38.028451,-84.453521,True,1
157021,American National University-Louisville,,american-national-university-louisville,Louisville,KY,40223-1520,https://www.an.edu/locations/,37.472423,-82.528212,True,1
157030,Kentucky Mountain Bible College,KMBC,kentucky-mountain-bible-college,Jackson,KY,41339,https://www.kmbc.edu/,37.603443,-83.438765,True,1
157058,Kentucky State University,K-State,kentucky-state-university,Frankfort,KY,40601-2355,https://www.kysu.edu/,38.201427,-84.855402,True,1
157076,Kentucky Wesleyan College,Wesleyan,kentucky-wesleyan-college,Owensboro,KY,42301,https://kwc.edu/,37.744489,-87.119658,True,1
157085,University of Kentucky,,university-of-kentucky,Lexington,KY,40506-0032,https://www.uky.edu/,38.038911,-84.504747,True,1
157100,Kentucky Christian University,,kentucky-christian-university,Grayson,KY,41143-1199,https://www.kcu.edu/,38.338805,-82.945561,True,1
157207,Lexington Theological Seminary,,lexington-theological-seminary,Lexington,KY,40503,https://www.lextheo.edu/,37.996332,-84.526079,True,1
157216,Lindsey Wilson University,,lindsey-wilson-university,Columbia,KY,42728-1223,https://www.lindsey.edu/,37.101502,-85.299997,True,1
157289,University of Louisville,,university-of-louisville,Louisville,KY,40292-0001,https://www.louisville.edu/,38.216862,-85.760412,True,1
157298,Louisville Presbyterian Theological Seminary,Louisville Seminary | Louisville Presbyterian Seminary,louisville-presbyterian-theological-seminary,Louisville,KY,40205-1798,https://www.lpts.edu/,38.237056,-85.686411,True,1
157304,Madisonville Community College,,madisonville-community-college,Madisonville,KY,42431,https://madisonville.kctcs.edu/,37.362661,-87.512137,True,1
157331,Maysville Community and Technical College,,maysville-community-and-technical-college,Maysville,KY,41056,https://maysville.kctcs.edu/,38.626607,-83.806786,True,1
157377,Midway University,,midway-university,Midway,KY,40347-1120,https://www.midway.edu/,38.146126,-84.678142,True,1
157386,Morehead State University,,morehead-state-university,Morehead,KY,40351,https://www.moreheadstate.edu/,38.186768,-83.434021,True,1
157401,Murray State University,,murray-state-university,Murray,KY,42071-3318,https://www.murraystate.edu/,36.612419,-88.323629,True,1
157438,Gateway Community and Technical College,Northern Kentucky State Vocational Technical School  Northern Kentucky Tech  Northern Kentucky Technical College  Northern Kentucky Health Occupational Center  Northern Campbell Tech  Northern Kentucky Health Technology Center,gateway-community-and-technical-college,Florence,KY,41042,https://gateway.kctcs.edu/index.aspx,38.960638,-84.633478,True,1
157447,Northern Kentucky University,NKU,northern-kentucky-university,Highland Heights,KY,41099,https://www.nku.edu/,39.029714,-84.463483,True,1
157483,West Kentucky Community and Technical College,WKCTC,west-kentucky-community-and-technical-college,Paducah,KY,42001,https://westkentucky.kctcs.edu/,37.054081,-88.658762,True,1
157535,University of Pikeville,UPIKE,university-of-pikeville,Pikeville,KY,41501,https://www.upike.edu/,37.479232,-82.521063,True,1
157553,Big Sandy Community and Technical College,,big-sandy-community-and-technical-college,Prestonsburg,KY,41653,https://bigsandy.kctcs.edu/,37.688248,-82.778847,True,1
157614,Empire Beauty School-Chenoweth,,empire-beauty-school-chenoweth,Louisville,KY,40207,https://www.empire.edu/,38.255764,-85.65752,False,13
157650,Empire Beauty School-Elizabethtown,,empire-beauty-school-elizabethtown,Elizabethtown,KY,42701,https://www.empire.edu/,37.697453,-85.878557,False,7
157669,Empire Beauty School-Dixie,,empire-beauty-school-dixie,Louisville,KY,40216,https://www.empire.edu/,38.167059,-85.830866,False,8
157678,Empire Beauty School-Florence,,empire-beauty-school-florence,Florence,KY,41042,https://www.empire.edu/,39.009553,-84.628998,False,7
157711,Somerset Community College,SCC|Somerset Technical College|Laurel Technical College,somerset-community-college,Somerset,KY,42501-2973,https://somerset.kctcs.edu/,37.059599,-84.617546,True,1
157739,Southeast Kentucky Community & Technical College,Southeast,southeast-kentucky-community-technical-college,Cumberland,KY,40823,https://southeast.kctcs.edu/,36.966051,-82.997661,True,1
157748,The Southern Baptist Theological Seminary,"SBTS, Southern Seminary, Boyce College",the-southern-baptist-theological-seminary,Louisville,KY,40280-0001,https://www.sbts.edu/,38.248216,-85.687649,True,1
157757,Spalding University,Spalding,spalding-university,Louisville,KY,40203-2188,https://www.spalding.edu/,38.242407,-85.757725,True,1
157793,Sullivan University,,sullivan-university,Louisville,KY,40205,https://www.sullivan.edu/,38.212824,-85.670489,True,1
157809,Thomas More University,Thomas More,thomas-more-university,Crestview Hills,KY,41017-3495,https://www.thomasmore.edu/,39.022963,-84.568923,True,1
157818,Transylvania University,,transylvania-university,Lexington,KY,40508-1797,https://www.transy.edu/,38.052983,-84.493202,True,1
157863,Union Commonwealth University,,union-commonwealth-university,Barbourville,KY,40906-1499,https://www.unionky.edu/,36.870875,-83.888477,True,1
157951,Western Kentucky University,"WKU, HILLTOPPERS",western-kentucky-university,Bowling Green,KY,42101-1000,https://www.wku.edu/,36.985035,-86.456828,True,1
158088,Central Louisiana Technical Community College,,central-louisiana-technical-community-college,Alexandria,LA,71301,https://www.cltcc.edu/,31.310461,-92.446693,True,1
158246,Ayers Career College,,ayers-career-college,Shreveport,LA,71118,https://www.ayers.edu/,32.418291,-93.798229,True,1
158325,Baton Rouge General Medical Center School of Nursing & School of Radiologic Technology,Baton Rouge General School of Nursing  BRG School of Nursing,baton-rouge-general-medical-center-school-of-nursing-school-of-radiologic-technology,Baton Rouge,LA,70806,https://www.brgeneral.org/medical-education/school-of-nursing/ OR school of radiologic technology,30.447919,-91.152502,True,1
158431,Bossier Parish Community College,,bossier-parish-community-college,Bossier City,LA,71111-6922,https://www.bpcc.edu/,32.539551,-93.646881,True,1
158477,Centenary College of Louisiana,,centenary-college-of-louisiana,Shreveport,LA,71104,https://www.centenary.edu/,32.483335,-93.730834,True,1
158538,Cloyd's Beauty School 1 Inc,,cloyd-s-beauty-school-1-inc,West Monroe,LA,71291-0603,https://cloydsbeautyschools.edu/,32.499976,-92.126506,True,1
158617,Crescent City Bartending School,Crescent Schools,crescent-city-bartending-school,New Orleans,LA,70119,https://crescent.edu/,29.966842,-90.086679,True,1
158662,Delgado Community College,,delgado-community-college,New Orleans,LA,70119,https://www.dcc.edu/,29.985149,-90.103962,True,1
158778,Delta College West,Avery James,delta-college-west,Lake Charles,LA,70601,https://averyjamesschool.com/,30.202601,-93.219712,True,1
158787,Denham Springs Beauty School,,denham-springs-beauty-school,Denham Springs,LA,70726,https://www.dsbc.edu/,30.484636,-90.944774,True,1
158802,Dillard University,,dillard-university,New Orleans,LA,70122,https://www.dillard.edu/,29.996587,-90.06464,True,1
158884,Nunez Community College,,nunez-community-college,Chalmette,LA,70043,https://www.nunez.edu/,29.95419,-89.95888,True,1
159009,Grambling State University,"GSU, Grambling",grambling-state-university,Grambling,LA,71245,https://www.gram.edu/,32.523797,-92.713245,True,1
159027,Belbo Beauty Institute,"Guy's Academy Hair, Skin & Nails",belbo-beauty-institute,Shreveport,LA,71105,https://www.belbobeautyinstitute.edu/,32.485759,-93.706628,True,1
159197,ITI Technical College,,iti-technical-college,Baton Rouge,LA,70817,https://www.iticollege.edu/,30.369764,-91.030485,True,1
159328,John Jay Beauty College,,john-jay-beauty-college,Kenner,LA,70062,https://www.johnjaybeautycollege.com/,30.007684,-90.230259,True,1
159373,Louisiana State University Health Sciences Center-New Orleans,LSUHSC; LSUHSC-NO; LSUMC; LSU Medical Center; LSU Health Sciences Center; LSU Health Sciences Center at New Orleans,louisiana-state-university-health-sciences-center-new-orleans,New Orleans,LA,70112-2223,https://www.lsuhsc.edu/,29.957272,-90.083145,True,1
159382,Louisiana State University at Alexandria,LSUA,louisiana-state-university-at-alexandria,Alexandria,LA,71302-9121,https://www.lsua.edu/,31.178616,-92.414409,True,1
159391,Louisiana State University and Agricultural & Mechanical College,Louisiana State University|LSU,louisiana-state-university-and-agricultural-mechanical-college,Baton Rouge,LA,70803-2750,https://www.lsu.edu/,30.414986,-91.178921,True,1
159407,Louisiana State University-Eunice,LSU Eunice,louisiana-state-university-eunice,Eunice,LA,70535,https://www.lsue.edu/,30.473292,-92.434523,True,1
159416,Louisiana State University-Shreveport,LSUS,louisiana-state-university-shreveport,Shreveport,LA,71115-2399,https://www.lsus.edu/,32.428465,-93.70561,True,1
159513,Aveda Arts & Sciences Institute-Baton Rouge,,aveda-arts-sciences-institute-baton-rouge,Baton Rouge,LA,70816-2246,https://avedaarts.edu/,30.425932,-91.054583,True,1
159522,Aveda Arts & Sciences Institute-Lafayette,,aveda-arts-sciences-institute-lafayette,Lafayette,LA,70503-3246,https://avedaarts.edu/,30.206168,-92.042092,True,2
159568,Louisiana Christian University,,louisiana-christian-university,Pineville,LA,71359,https://www.lcuniversity.edu/,31.324528,-92.425973,True,1
159601,Opelousas School of Cosmetology,,opelousas-school-of-cosmetology,Opelousas,LA,70570,https://www.opelousascosmetology.com/,30.53165,-92.077854,True,1
159647,Louisiana Tech University,"LA Tech, Louisiana Tech, Tech",louisiana-tech-university,Ruston,LA,71272,https://www.latech.edu/,32.528297,-92.649963,True,1
159656,Loyola University New Orleans,,loyola-university-new-orleans,New Orleans,LA,70118-6143,https://www.loyno.edu/,29.936141,-90.120417,True,1
159717,McNeese State University,McNeese,mcneese-state-university,Lake Charles,LA,70605,https://www.mcneese.edu/,30.178187,-93.217222,True,1
159939,University of New Orleans,UNO,university-of-new-orleans,New Orleans,LA,70148,https://new.uno.edu/,30.027704,-90.067142,True,1
159948,New Orleans Baptist Theological Seminary,NOBTS,new-orleans-baptist-theological-seminary,New Orleans,LA,70126,https://www.nobts.edu/,30.004336,-90.043439,True,1
159966,Nicholls State University,,nicholls-state-university,Thibodaux,LA,70310,https://www.nicholls.edu/,29.794486,-90.801571,True,1
159993,University of Louisiana at Monroe,ULM; University of Louisiana-Monroe; Uni of LA-Monroe; University of Louisiana Monroe; University of Louisiana at Monroe,university-of-louisiana-at-monroe,Monroe,LA,71209-0000,https://www.ulm.edu/,32.527748,-92.07374,True,1
160010,Northwest Louisiana Technical Community College,NLTCC or Northwest LTCC,northwest-louisiana-technical-community-college,Minden,LA,71055-0000,https://www.nltcc.edu/,32.586037,-93.26302,True,1
160038,Northwestern State University of Louisiana,NSU | NSULA | Northwestern State University | Northwestern | NwSU,northwestern-state-university-of-louisiana,Natchitoches,LA,71497-0002,https://www.nsula.edu/,31.750666,-93.097797,True,1
160065,University of Holy Cross,,university-of-holy-cross,New Orleans,LA,70131-7399,https://uhcno.edu/,29.912003,-89.99445,True,1
160074,Franciscan Missionaries of Our Lady University,FranU,franciscan-missionaries-of-our-lady-university,Baton Rouge,LA,70808,https://www.franu.edu/,30.401379,-91.110587,True,1
160126,Celebrity Stylist Beauty School,,celebrity-stylist-beauty-school,Monroe,LA,71203,https://paulmitchell.edu/monroe,32.52121,-92.085347,True,2
160199,Pineville Beauty School,,pineville-beauty-school,Pineville,LA,71360-0000,https://www.pinevillebeauty.com/,31.325717,-92.430903,True,1
160320,Aveda Arts & Sciences Institute-Covington,,aveda-arts-sciences-institute-covington,Covington,LA,70433,https://avedaarts.edu/,30.494049,-90.104008,True,1
160409,Saint Joseph Seminary College,St. Ben's |SJSC,saint-joseph-seminary-college,St. Benedict,LA,70457,https://www.sjasc.edu/,30.526778,-90.113621,True,1
160472,LaSalle Tech,South Louisiana Beauty College,lasalle-tech,Houma,LA,70363,https://lasalletech.edu/,29.577805,-90.688232,True,1
160481,Fletcher Technical Community College,Fletcher Technical Community College,fletcher-technical-community-college,Schriever,LA,70395,https://www.fletcher.edu/,29.690884,-90.811707,True,1
160524,Remington College-Lafayette Campus,,remington-college-lafayette-campus,Lafayette,LA,70503,https://www.remingtoncollege.edu/locations/lafayette-louisiana/,30.166882,-92.059734,False,10
160579,SOWELA Technical Community College,SOWELA,sowela-technical-community-college,Lake Charles,LA,70615,https://www.sowela.edu/,30.217331,-93.16252,True,1
160612,Southeastern Louisiana University,Southeastern,southeastern-louisiana-university,Hammond,LA,70402,https://www.southeastern.edu/,30.514652,-90.468676,True,5
160621,Southern University and A & M College,Southern University Baton Rouge,southern-university-and-a-m-college,Baton Rouge,LA,70813,https://www.subr.edu/,30.524558,-91.190105,True,1
160630,Southern University at New Orleans,SUNO,southern-university-at-new-orleans,New Orleans,LA,70126,https://www.suno.edu/,30.026162,-90.044912,True,1
160649,Southern University at Shreveport,SUSLA,southern-university-at-shreveport,Shreveport,LA,71107,https://www.susla.edu/,32.545632,-93.834559,True,1
160658,University of Louisiana at Lafayette,UL Lafayette,university-of-louisiana-at-lafayette,Lafayette,LA,70503,https://www.louisiana.edu/,30.212191,-92.020165,True,1
160667,Northshore Technical Community College,Northshore Technical College-Sullivan Main Campus  Louisiana Technical College Sullivan Campus  Sullivan Technical College,northshore-technical-community-college,Lacombe,LA,70445,https://northshorecollege.edu/,30.379147,-89.899196,True,1
160755,Tulane University of Louisiana,Tulane University,tulane-university-of-louisiana,New Orleans,LA,70118-5698,https://tulane.edu/,29.940069,-90.122144,True,1
160904,Xavier University of Louisiana,,xavier-university-of-louisiana,New Orleans,LA,70125-1098,https://www.xula.edu/,29.964162,-90.107307,True,1
160959,College of the Atlantic,,college-of-the-atlantic,Bar Harbor,ME,04609,https://www.coa.edu/,44.395258,-68.221517,True,1
160977,Bates College,Bates,bates-college,Lewiston,ME,04240,https://www.bates.edu/,44.105299,-70.203333,True,1
160995,Beal University,,beal-university,Bangor,ME,04401,https://www.beal.edu/,44.786465,-68.785428,True,2
161004,Bowdoin College,,bowdoin-college,Brunswick,ME,04011,https://www.bowdoin.edu/,43.907134,-69.963942,True,1
161022,Maine College of Health Professions,MCHP,maine-college-of-health-professions,Lewiston,ME,04240,https://www.mchp.edu/,44.100458,-70.21732,True,1
161077,Central Maine Community College,Central Maine Technical College|CMCC|CMTC|CMVTI|CM,central-maine-community-college,Auburn,ME,04210-6436,https://www.cmcc.edu/,44.134346,-70.235498,True,1
161086,Colby College,,colby-college,Waterville,ME,04901-8840,https://www.colby.edu/,44.564211,-69.66337,True,1
161138,Eastern Maine Community College,,eastern-maine-community-college,Bangor,ME,04401,https://www.emcc.edu/,44.826048,-68.74445,True,1
161192,Kennebec Valley Community College,,kennebec-valley-community-college,Fairfield,ME,04937-1367,https://www.kvcc.me.edu/,44.594149,-69.61157,True,1
161208,The Landing School,The Landing School of Boatbuilding & Design,the-landing-school,Arundel,ME,04046,https://www.landingschool.edu/,43.380492,-70.503619,True,1
161217,University of Maine at Augusta,UMA|UMA-Bangor|University of Maine at Augusta - Bangor,university-of-maine-at-augusta,Augusta,ME,04330-9410,https://www.uma.edu/,44.337746,-69.796396,True,1
161226,University of Maine at Farmington,UMF,university-of-maine-at-farmington,Farmington,ME,04938-9978,https://www.umf.maine.edu/,44.666911,-70.147121,True,1
161235,University of Maine at Fort Kent,UMFK,university-of-maine-at-fort-kent,Fort Kent,ME,04743-1292,https://www.umfk.maine.edu/,47.250389,-68.589319,True,1
161253,University of Maine,,university-of-maine,Orono,ME,04469,https://www.umaine.edu/,44.899257,-68.669332,True,2
161299,Maine Maritime Academy,,maine-maritime-academy,Castine,ME,04420-0001,https://mainemaritime.edu/,44.389654,-68.804347,True,1
161341,University of Maine at Presque Isle,UMPI,university-of-maine-at-presque-isle,Presque Isle,ME,04769-2888,https://www.umpi.edu/,46.672285,-68.016343,True,1
161457,University of New England,UNE,university-of-new-england,Biddeford,ME,04005-9599,https://www.une.edu/,43.458591,-70.38535,True,1
161484,Northern Maine Community College,,northern-maine-community-college,Presque Isle,ME,04769-2016,https://www.nmcc.edu/,46.694668,-68.034796,True,1
161493,Empire Beauty School-Maine,,empire-beauty-school-maine,Bangor,ME,04401,https://www.empire.edu/,44.824546,-68.777161,True,7
161509,Maine College of Art & Design,"MECA&D ,  Meca , Portland School of Art",maine-college-of-art-design,Portland,ME,04101-3494,https://www.meca.edu/,43.655743,-70.261015,True,1
161518,Saint Joseph's College of Maine,Saint Joseph's College,saint-joseph-s-college-of-maine,Standish,ME,04084-5263,https://www.sjcme.edu/,43.826314,-70.483373,True,1
161527,Spa Tech Institute-Westbrook,,spa-tech-institute-westbrook,Westbrook,ME,04092,https://www.spatech.edu/,43.67659,-70.335331,True,4
161545,Southern Maine Community College,SMCC,southern-maine-community-college,South Portland,ME,04106-1698,https://www.smccme.edu/,43.646649,-70.229182,True,1
161554,University of Southern Maine,,university-of-southern-maine,Portland,ME,04103,https://usm.maine.edu/,43.662863,-70.274247,True,1
161563,Thomas College,,thomas-college,Waterville,ME,04901-5097,https://www.thomas.edu/,44.524909,-69.664734,True,1
161572,Unity Environmental University,,unity-environmental-university,New Gloucester,ME,04260,https://unity.edu/,43.905745,-70.257277,True,2
161581,Washington County Community College,,washington-county-community-college,Calais,ME,04619,https://www.wccc.me.edu/,45.165537,-67.243306,True,1
161688,Allegany College of Maryland,,allegany-college-of-maryland,Cumberland,MD,21502-2596,https://www.allegany.edu/,39.652152,-78.730398,True,1
161767,Anne Arundel Community College,AACC,anne-arundel-community-college,Arnold,MD,21012-1895,https://www.aacc.edu/,39.049813,-76.512223,True,1
161800,Award Beauty School,,award-beauty-school,Hagerstown,MD,21740-5610,https://www.awardbeautyschool.com/,39.640443,-77.720283,True,2
161855,Baltimore Studio of Hair Design,Baltimore Studio of Hair Design School of Cosmetology,baltimore-studio-of-hair-design,Baltimore,MD,21201-3444,https://www.baltimorestudio.com/,39.293371,-76.620008,True,1
161864,Baltimore City Community College,,baltimore-city-community-college,Baltimore,MD,21215-7893,https://www.bccc.edu/,39.319978,-76.662878,True,1
161873,University of Baltimore,UBalt,university-of-baltimore,Baltimore,MD,21201-5720,https://www.ubalt.edu/,39.305834,-76.616591,True,1
162007,Bowie State University,,bowie-state-university,Bowie,MD,20715-9465,https://www.bowiestate.edu/,39.018185,-76.759721,True,1
162061,Capitol Technology University,,capitol-technology-university,Laurel,MD,20708,https://www.captechu.edu/,39.046673,-76.850231,True,1
162104,Cecil College,,cecil-college,North East,MD,21901-1900,https://www.cecil.edu/,39.642225,-75.955949,True,1
162122,College of Southern Maryland,CSM,college-of-southern-maryland,La Plata,MD,20646-0910,https://www.csmd.edu/,38.55895,-77.009245,True,1
162168,Chesapeake College,,chesapeake-college,Wye Mills,MD,21679-0008,https://www.chesapeake.edu/,38.952193,-76.083668,True,1
162210,Washington Adventist University,WAU,washington-adventist-university,Takoma Park,MD,20912,https://www.wau.edu/,38.986349,-77.000608,True,1
162283,Coppin State University,Coppin,coppin-state-university,Baltimore,MD,21216-3698,https://www.coppin.edu/,39.311258,-76.658687,True,1
162335,Del-Mar-Va Beauty Academy,,del-mar-va-beauty-academy,Salisbury,MD,21804-6952,https://www.delmarvabeautyacademy.com/,38.339006,-75.601701,True,1
162371,North American Trade Schools,,north-american-trade-schools,Baltimore,MD,21244,https://natradeschools.edu/,39.308719,-76.751371,True,1
162557,Frederick Community College,,frederick-community-college,Frederick,MD,21702-2964,https://www.frederick.edu/,39.452241,-77.417849,True,1
162584,Frostburg State University,,frostburg-state-university,Frostburg,MD,21532-1099,https://www.frostburg.edu/,39.650918,-78.934293,True,1
162609,Garrett College,Garrett Community College|Garrett|GCC|GC,garrett-college,McHenry,MD,21541,https://www.garrettcollege.edu/index.php,39.560493,-79.342923,True,1
162654,Goucher College,,goucher-college,Baltimore,MD,21204-2794,https://www.goucher.edu/,39.410175,-76.594843,True,1
162690,Hagerstown Community College,HCC,hagerstown-community-college,Hagerstown,MD,21742-6514,https://www.hagerstowncc.edu/,39.631009,-77.667379,True,1
162706,Harford Community College,,harford-community-college,Bel Air,MD,21015-1698,https://www.harford.edu/,39.56131,-76.282845,True,1
162760,Hood College,Hood,hood-college,Frederick,MD,21701,https://www.hood.edu/,39.420631,-77.419049,True,1
162779,Howard Community College,HCC|Howard County Community College|Howrad Community College|HCCC|Howard County College|Columbia Community College|Howard College,howard-community-college,Columbia,MD,21044-3197,https://www.howardcc.edu/,39.213636,-76.877964,True,1
162830,Aveda Institute-Maryland,Aveda Institute Maryland,aveda-institute-maryland,Bel Air,MD,21014-3639,https://avedainstitutemd.edu/,39.531933,-76.349927,True,1
162928,Johns Hopkins University,Johns Hopkins,johns-hopkins-university,Baltimore,MD,21218-2688,https://www.jhu.edu/,39.328977,-76.621595,True,1
163028,Lincoln College of Technology-Columbia,,lincoln-college-of-technology-columbia,Columbia,MD,21046,https://www.lincolntech.edu/campus/columbia-md,39.174673,-76.836463,False,8
163046,Loyola University Maryland,,loyola-university-maryland,Baltimore,MD,21210-2699,https://www.loyola.edu/,39.346358,-76.621872,True,1
163204,University of Maryland Global Campus,UMGC,university-of-maryland-global-campus,Adelphi,MD,20783-8010,https://www.umgc.edu/,38.912706,-76.847584,True,1
163259,University of Maryland Baltimore,,university-of-maryland-baltimore,Baltimore,MD,21201-1627,https://www.umaryland.edu/,39.286864,-76.623983,True,1
163268,University of Maryland-Baltimore County,UMBC,university-of-maryland-baltimore-county,Baltimore,MD,21250,https://umbc.edu/,39.256686,-76.711607,True,1
163286,University of Maryland-College Park,,university-of-maryland-college-park,College Park,MD,20742,https://www.umd.edu/,38.988178,-76.944721,True,1
163295,Maryland Institute College of Art,MICA,maryland-institute-college-of-art,Baltimore,MD,21217-4134,https://www.mica.edu/,39.308792,-76.621033,True,1
163338,University of Maryland Eastern Shore,UMES,university-of-maryland-eastern-shore,Princess Anne,MD,21853-1299,https://wwwcp.umes.edu/,38.207386,-75.686852,True,1
163347,Fortis Institute-Towson,Fortis Institute - Towson,fortis-institute-towson,Towson,MD,21204-9840,https://www.fortis.edu/,39.403271,-76.604593,True,5
163408,Montgomery Beauty School,,montgomery-beauty-school,Silver Spring,MD,20901,https://www.montgomerybeautyschool.com/,38.999622,-77.001966,True,2
163426,Montgomery College,Montgomery College,montgomery-college,Rockville,MD,20850,https://www.montgomerycollege.edu/,39.098656,-77.15929,True,1
163453,Morgan State University,,morgan-state-university,Baltimore,MD,21251-0001,https://www.morgan.edu/,39.344161,-76.585565,True,1
163462,Mount St. Mary's University,Mount St. Mary's | The Mount | Mount Saint Mary's University | Mount Saint Mary's,mount-st-mary-s-university,Emmitsburg,MD,21727-7799,https://msmary.edu/,39.681705,-77.351887,True,1
163532,Ner Israel Rabbinical College,,ner-israel-rabbinical-college,Pikesville,MD,21208,https://nirc.edu/,39.388021,-76.753526,True,1
163541,Hair Academy,,hair-academy,New Carrollton,MD,20784,https://www.hairacademymd.com/,38.956205,-76.869467,True,1
163578,Notre Dame of Maryland University,NDMU,notre-dame-of-maryland-university,Baltimore,MD,21210-2476,https://www.ndm.edu/,39.350612,-76.619739,True,1
163657,Prince George's Community College,PGCC| Prince George's,prince-george-s-community-college,Largo,MD,20774-2199,https://www.pgcc.edu/,38.888689,-76.824623,True,1
163815,Maryland Beauty Academy of Essex,Maryland Beauty Academy  Maryland Beauty Academy-Essex,maryland-beauty-academy-of-essex,Baltimore,MD,21224,https://www.baltimorestudio.com/,39.29844,-76.509213,True,1
163851,Salisbury University,SU|Salisbury,salisbury-university,Salisbury,MD,21801-6862,https://www.salisbury.edu/,38.34648,-75.604815,True,1
163912,St. Mary's College of Maryland,St. Mary's or SMCM,st-mary-s-college-of-maryland,St. Mary's City,MD,20686,https://www.smcm.edu/,38.188047,-76.430994,True,1
163976,St. John's College,SJC,st-john-s-college-2,Annapolis,MD,21401,https://www.sjc.edu/,38.981598,-76.491359,True,1
164076,Towson University,,towson-university,Towson,MD,21252-0001,https://www.towson.edu/,39.393622,-76.611164,True,1
164155,United States Naval Academy,"USNA, Navy, Annapolis",united-states-naval-academy,Annapolis,MD,21402-1300,https://www.usna.edu/,38.980507,-76.481692,True,1
164173,Stevenson University,,stevenson-university,Owings Mills,MD,21117,https://www.stevenson.edu/,39.426413,-76.775809,True,1
164216,Washington College,,washington-college,Chestertown,MD,21620-1438,https://www.washcoll.edu/,39.217329,-76.06878,True,1
164270,McDaniel College,,mcdaniel-college,Westminster,MD,21157,https://www.mcdaniel.edu/,39.584231,-77.001992,True,1
164313,Wor-Wic Community College,,wor-wic-community-college,Salisbury,MD,21804-7131,https://www.worwic.edu/,38.373723,-75.499659,True,1
164368,Hult International Business School,,hult-international-business-school,Cambridge,MA,02141,https://www.hult.edu/,42.369968,-71.070645,True,1
164447,American International College,AIC,american-international-college,Springfield,MA,01109,https://www.aic.edu/,42.112346,-72.558338,True,1
164465,Amherst College,,amherst-college,Amherst,MA,01002-5000,https://www.amherst.edu/,42.372459,-72.518493,True,1
164492,Anna Maria College,,anna-maria-college,Paxton,MA,01612-1198,https://www.annamaria.edu/,42.330542,-71.91896,True,1
164535,Assabet Valley Regional Technical School,Assabet Valley Regional Vocational School District,assabet-valley-regional-technical-school,Marlborough,MA,01752,https://www.assabet.org/,42.36775,-71.567281,True,1
164562,Assumption University,,assumption-university,Worcester,MA,01609-1296,https://www.assumption.edu/,42.294226,-71.828991,True,1
164580,Babson College,,babson-college,Wellesley,MA,02457-0310,https://www.babson.edu/,42.297017,-71.264057,True,1
164614,Boston Baptist College,,boston-baptist-college,Boston,MA,02136-4030,https://www.boston.edu/,42.254037,-71.1103,True,1
164632,Bay Path University,,bay-path-university,Longmeadow,MA,01106,https://www.baypath.edu/,42.055088,-72.583382,True,1
164739,Bentley University,Bentley,bentley-university,Waltham,MA,02452-4705,https://www.bentley.edu/,42.385995,-71.222839,True,1
164748,Berklee College of Music,Berklee School of Music,berklee-college-of-music,Boston,MA,02215,https://www.berklee.edu/,42.346646,-71.089405,True,1
164775,Berkshire Community College,BCC,berkshire-community-college,Pittsfield,MA,01201-5786,https://www.berkshirecc.edu/,42.45975,-73.314704,True,1
164872,Boston Architectural College,Boston Architectural Center,boston-architectural-college,Boston,MA,02115-2703,https://www.the-bac.edu/,42.348467,-71.085786,True,1
164915,Boston Graduate School of Psychoanalysis Inc,,boston-graduate-school-of-psychoanalysis-inc,Brookline,MA,02446,https://www.bgsp.edu/,42.33912,-71.133151,True,1
164924,Boston College,,boston-college,Chestnut Hill,MA,02467,https://www.bc.edu/,42.336213,-71.169242,True,1
164988,Boston University,BU|Boston U,boston-university,Boston,MA,02215,https://www.bu.edu/,42.351118,-71.107942,True,1
165015,Brandeis University,,brandeis-university,Waltham,MA,02454-9110,https://www.brandeis.edu/,42.365727,-71.260155,True,1
165024,Bridgewater State University,BSU|Bridgewater State,bridgewater-state-university,Bridgewater,MA,02325,https://www.bridgew.edu/,41.98749,-70.974553,True,1
165033,Bristol Community College,Bristol,bristol-community-college,Fall River,MA,02720-7395,https://www.bristolcc.edu/,41.721994,-71.119133,True,1
165060,Signature Healthcare Brockton Hospital School of Nursing,,signature-healthcare-brockton-hospital-school-of-nursing,Brockton,MA,02302-1905,https://signature-healthcare.org/bhson,42.088032,-70.992764,True,1
165112,Bunker Hill Community College,BHCC,bunker-hill-community-college,Boston,MA,02129-2925,https://www.bhcc.edu/,42.374806,-71.069263,True,1
165167,Cambridge College,,cambridge-college,Boston,MA,02129,https://www.cambridgecollege.edu/,42.381091,-71.072646,True,1
165194,Cape Cod Community College,CCCC or 4C's,cape-cod-community-college,West Barnstable,MA,02668-1599,https://www.capecod.edu/,41.691911,-70.337334,True,1
165255,Catherine Hinds Institute of Esthetics,,catherine-hinds-institute-of-esthetics,Woburn,MA,01801-6819,https://www.catherinehinds.edu/,42.493212,-71.13715,True,1
165264,Laboure College of Healthcare,,laboure-college-of-healthcare,Milton,MA,02186,https://www.laboure.edu/,42.260866,-71.058279,True,1
165334,Clark University,,clark-university,Worcester,MA,01610-1477,https://www.clarku.edu/,42.249987,-71.823356,True,1
165495,Conway School of Landscape Design,Conway School,conway-school-of-landscape-design,Northampton,MA,01060,https://www.csld.edu/,42.313857,-72.64875,True,1
165529,Curry College,,curry-college,Milton,MA,02186-2395,https://www.curry.edu/,42.238061,-71.116539,True,1
165574,Dean College,,dean-college,Franklin,MA,02038-1941,https://www.dean.edu/,42.085634,-71.397813,True,1
165608,Diman Regional Technical Institute,,diman-regional-technical-institute,Fall River,MA,02720,https://www.dimanregional.org/our-programs/practical-nursing,41.718422,-71.155011,True,1
165635,National Aviation Academy of New England,,national-aviation-academy-of-new-england,Concord,MA,01742,https://www.naa.edu/,42.462164,-71.387244,True,1
165662,Emerson College,Emerson,emerson-college,Boston,MA,02116-4624,https://www.emerson.edu/,42.352202,-71.065384,True,1
165671,Emmanuel College,,emmanuel-college,Boston,MA,02115,https://www.emmanuel.edu/,42.340602,-71.103634,True,1
165699,Endicott College,,endicott-college,Beverly,MA,01915,https://www.endicott.edu/,42.553296,-70.840847,True,1
165750,Rob Roy Academy-Fall River,,rob-roy-academy-fall-river,Fall River,MA,02721-5330,https://www.rob-roy.com/,41.698905,-71.157664,True,1
165802,Fisher College,,fisher-college,Boston,MA,02116,https://www.fisher.edu/,42.355253,-71.074125,True,1
165820,Fitchburg State University,Fitchburg State,fitchburg-state-university,Fitchburg,MA,01420-2697,https://www.fitchburgstate.edu/,42.588298,-71.789666,True,1
165866,Framingham State University,,framingham-state-university,Framingham,MA,01701-9101,https://www.framingham.edu/,42.297116,-71.437565,True,1
165884,Benjamin Franklin Cummings Institute of Technology,Benjamin Franklin Institute of Technology,benjamin-franklin-cummings-institute-of-technology,Boston,MA,02116,https://www.bfit.edu/,42.346023,-71.070231,True,1
165936,Gordon College,,gordon-college,Wenham,MA,01984,https://www.gordon.edu/,42.590567,-70.82151,True,1
165945,Gordon-Conwell Theological Seminary,GCTS/Gordon-Conwell Seminary/Gordon Cromwell Theological Seminary,gordon-conwell-theological-seminary,South Hamilton,MA,01982,https://www.gordonconwell.edu/,42.613475,-70.846387,True,1
165981,Greenfield Community College,,greenfield-community-college,Greenfield,MA,01301-9739,https://www.gcc.mass.edu/,42.599512,-72.630977,True,1
166018,Hampshire College,,hampshire-college,Amherst,MA,01002-5001,https://www.hampshire.edu/,42.325852,-72.531469,True,1
166027,Harvard University,,harvard-university,Cambridge,MA,02138,https://www.harvard.edu/,42.374471,-71.118313,True,1
166045,Hebrew College,,hebrew-college,Newton,MA,02466-3008,https://hebrewcollege.edu/,42.335716,-71.241226,True,1
166054,Hellenic College-Holy Cross Greek Orthodox School of Theology,,hellenic-college-holy-cross-greek-orthodox-school-of-theology,Brookline,MA,02445-7415,https://www.hchc.edu/,42.317018,-71.129418,True,1
166124,College of the Holy Cross,Holy Cross,college-of-the-holy-cross,Worcester,MA,01610-2395,https://www.holycross.edu/,42.23752,-71.808214,True,1
166133,Holyoke Community College,,holyoke-community-college,Holyoke,MA,01040,https://www.hcc.edu/,42.194781,-72.651252,True,1
166391,Lasell University,,lasell-university,Newton,MA,02466,https://www.lasell.edu/,42.342148,-71.24347,True,1
166407,Lawrence Memorial Hospital School of Nursing,Lawrence Memorial/ Regis College Nursing & Radiography Programs,lawrence-memorial-hospital-school-of-nursing,Medford,MA,02155,https://www.lmregis.org/,42.42581,-71.110958,True,1
166452,Lesley University,,lesley-university,Cambridge,MA,02138-2790,https://www.lesley.edu/,42.38012,-71.117303,True,1
166489,Longy School of Music of Bard College,Longy School of Music,longy-school-of-music-of-bard-college,Cambridge,MA,02138,https://longy.edu/,42.378657,-71.123479,False,15
166498,Lowell Academy Hairstyling Institute,,lowell-academy-hairstyling-institute,Lowell,MA,01852-1909,https://www.lowellacademy.com/,42.643609,-71.308309,True,1
166513,University of Massachusetts-Lowell,,university-of-massachusetts-lowell,Lowell,MA,01854,https://www.uml.edu/,42.652864,-71.326809,True,1
166629,University of Massachusetts-Amherst,UMass Amherst,university-of-massachusetts-amherst,Amherst,MA,01003,https://www.umass.edu/,42.385999,-72.526728,True,1
166638,University of Massachusetts-Boston,,university-of-massachusetts-boston,Boston,MA,02125-3393,https://www.umb.edu/,42.312881,-71.036865,True,1
166647,Massachusetts Bay Community College,MassBay Community College,massachusetts-bay-community-college,Wellesley Hills,MA,02481-5399,https://www.massbay.edu/,42.31212,-71.263458,True,1
166656,Massachusetts College of Pharmacy and Health Sciences,MCPHS,massachusetts-college-of-pharmacy-and-health-sciences,Boston,MA,02115-5896,https://www.mcphs.edu/,42.336825,-71.101244,True,1
166674,Massachusetts College of Art and Design,,massachusetts-college-of-art-and-design,Boston,MA,02115-5882,https://massart.edu/,42.336862,-71.099275,True,1
166683,Massachusetts Institute of Technology,"MIT, M.I.T.",massachusetts-institute-of-technology,Cambridge,MA,02139-4301,https://web.mit.edu/,42.359243,-71.093226,True,1
166692,Massachusetts Maritime Academy,,massachusetts-maritime-academy,Buzzards Bay,MA,02532-1803,https://www.maritime.edu/,41.739072,-70.624084,True,1
166708,University of Massachusetts Chan Medical School,,university-of-massachusetts-chan-medical-school,Worcester,MA,01655,https://www.umassmed.edu/,42.278002,-71.762144,True,1
166717,William James College,William James College,william-james-college,Newton,MA,02459,https://www.williamjames.edu/,42.294995,-71.203256,True,1
166805,Massachusetts School of Barbering,"Massachusetts School of Barbering, Inc.",massachusetts-school-of-barbering,Quincy,MA,02169,https://massschoolofbarbering.com/,42.247457,-71.001891,True,1
166823,Massasoit Community College,,massasoit-community-college,Brockton,MA,02302-3996,https://www.massasoit.edu/,42.07507,-70.989799,True,1
166850,Merrimack College,Merrimack,merrimack-college,North Andover,MA,01845,https://www.merrimack.edu/,42.668344,-71.124216,True,1
166869,MGH Institute of Health Professions,,mgh-institute-of-health-professions,Boston,MA,02129-4557,https://www.mghihp.edu/,42.375018,-71.054002,True,1
166887,Middlesex Community College,,middlesex-community-college,Bedford,MA,01730-9124,https://www.middlesex.edu/,42.524328,-71.274931,True,1
166911,Montserrat College of Art,,montserrat-college-of-art,Beverly,MA,01915-4508,https://www.montserrat.edu/,42.550212,-70.876131,True,1
166939,Mount Holyoke College,MHC,mount-holyoke-college,South Hadley,MA,01075-1489,https://www.mtholyoke.edu/,42.25489,-72.573916,True,1
166957,Mount Wachusett Community College,The Mount | MWCC,mount-wachusett-community-college,Gardner,MA,01440-1000,https://mwcc.edu/,42.593142,-71.984148,True,1
167039,Rob Roy Academy-New Bedford,,rob-roy-academy-new-bedford,New Bedford,MA,02746-2114,https://www.rob-roy.com/,41.671921,-70.925187,True,1
167057,The New England Conservatory of Music,,the-new-england-conservatory-of-music,Boston,MA,02115-5018,https://necmusic.edu/,42.340946,-71.08629,True,1
167093,New England College of Optometry,New England College of Optometry/NECO Center for Eye Care,new-england-college-of-optometry,Boston,MA,02115,https://www.neco.edu/,42.351853,-71.086829,True,1
167215,New England Law-Boston,New England Law | Boston,new-england-law-boston,Boston,MA,02116,https://www.nesl.edu/,42.350833,-71.0665,True,1
167260,Nichols College,Nichols,nichols-college,Dudley,MA,01571-5000,https://www.nichols.edu/,42.044033,-71.930283,True,1
167288,Massachusetts College of Liberal Arts,MCLA,massachusetts-college-of-liberal-arts,North Adams,MA,01247-4100,https://www.mcla.edu/,42.691361,-73.102817,True,1
167297,North Bennet Street School,,north-bennet-street-school,Boston,MA,02109,https://www.nbss.edu/,42.36279,-71.05452,True,1
167312,North Shore Community College,,north-shore-community-college,Danvers,MA,01923-0840,https://www.northshore.edu/,42.590103,-70.968044,True,1
167358,Northeastern University,,northeastern-university,Boston,MA,02115-5005,https://www.northeastern.edu/,42.339992,-71.088782,True,2
167376,Northern Essex Community College,NECC,northern-essex-community-college,Haverhill,MA,01830-2399,https://www.necc.mass.edu/,42.796634,-71.04904,True,1
167394,College of Our Lady of the Elms,Elms College,college-of-our-lady-of-the-elms,Chicopee,MA,01013,https://www.elms.edu/,42.141781,-72.60154,True,1
167525,Quincy College,,quincy-college,Quincy,MA,02169,https://www.quincycollege.edu/,42.252416,-71.003476,True,1
167534,Quinsigamond Community College,,quinsigamond-community-college,Worcester,MA,01606-2092,https://www.qcc.edu/,42.31379,-71.79503,True,1
167598,Regis College,,regis-college,Weston,MA,02493-1571,https://www.regiscollege.edu/,42.351291,-71.310561,True,1
167631,Roxbury Community College,,roxbury-community-college,Roxbury Crossing,MA,02120-3400,https://www.rcc.mass.edu/,42.329249,-71.09549,True,1
167677,Saint John's Seminary,,saint-john-s-seminary,Brighton,MA,02135-3846,https://www.sjs.edu/,42.344146,-71.161998,True,1
167729,Salem State University,,salem-state-university,Salem,MA,01970,https://www.salemstate.edu/,42.503575,-70.890234,True,1
167783,Simmons University,,simmons-university,Boston,MA,02115-5898,https://www.simmons.edu/,42.3393,-71.099967,True,1
167792,Simon's Rock at Bard College,Simon's Rock,simon-s-rock-at-bard-college,Barrytown,NY,12507,https://www.simons-rock.edu/,42.208803,-73.379201,False,15
167835,Smith College,,smith-college,Northampton,MA,01063,https://www.smith.edu/,42.318111,-72.638097,True,1
167871,Southeastern Technical Institute,,southeastern-technical-institute,South Easton,MA,02375,https://www.stitech.edu/,42.010312,-71.081227,True,1
167899,Springfield College,,springfield-college,Springfield,MA,01109-3739,https://springfield.edu/,42.1022,-72.556647,True,1
167905,Springfield Technical Community College,STCC,springfield-technical-community-college,Springfield,MA,01105-1296,https://www.stcc.edu/,42.108827,-72.578514,True,1
167987,University of Massachusetts-Dartmouth,UMass Dartmouth,university-of-massachusetts-dartmouth,North Dartmouth,MA,02747-2300,https://www.umassd.edu/,41.62869,-71.004552,True,1
167996,Stonehill College,,stonehill-college,Easton,MA,02357-6110,https://www.stonehill.edu/,42.05905,-71.080632,True,1
168005,Suffolk University,,suffolk-university,Boston,MA,02108-3901,https://www.suffolk.edu/,42.357945,-71.060917,True,1
168032,Rob Roy Academy-Taunton,,rob-roy-academy-taunton,Taunton,MA,02780-3212,https://www.rob-roy.com/,41.901945,-71.091966,True,1
168148,Tufts University,,tufts-university,Medford,MA,02155-5555,https://www.tufts.edu/,42.40855,-71.118293,True,1
168218,Wellesley College,,wellesley-college,Wellesley,MA,02481-8203,https://www.wellesley.edu/,42.291554,-71.306605,True,1
168227,Wentworth Institute of Technology,WIT | Wentworth School of Architecture and Design | Wentworth School of Engineering | Wentworth School of Computing and Data Science | Wentworth Fenway | Wentworth Boston | Wentworth ABET | Wentworth NAAB,wentworth-institute-of-technology,Boston,MA,02115,https://wit.edu/,42.336632,-71.094983,True,1
168254,Western New England University,WNE,western-new-england-university,Springfield,MA,01119-2684,https://wne.edu/,42.115017,-72.520466,True,1
168263,Westfield State University,,westfield-state-university,Westfield,MA,01086-1630,https://www.westfield.ma.edu/,42.132698,-72.796503,True,1
168281,Wheaton College (Massachusetts),Wheatonma.edu,wheaton-college-massachusetts,Norton,MA,02766-2322,https://www.wheatoncollege.edu/,41.966637,-71.183979,True,1
168342,Williams College,Williams|William College|William|Williams College|Wiliams College|Wiliams,williams-college,Williamstown,MA,01267,https://www.williams.edu/,42.712725,-73.203132,True,1
168421,Worcester Polytechnic Institute,WPI,worcester-polytechnic-institute,Worcester,MA,01609-2280,https://www.wpi.edu/,42.274853,-71.808339,True,1
168430,Worcester State University,,worcester-state-university,Worcester,MA,01602-2597,https://www.worcester.edu/,42.267526,-71.844018,True,1
168528,Adrian College,,adrian-college,Adrian,MI,49221-2575,https://www.adrian.edu/,41.898591,-84.061481,True,1
168546,Albion College,,albion-college,Albion,MI,49224,https://www.albion.edu/,42.245049,-84.745639,True,1
168555,Hillsdale Beauty College,,hillsdale-beauty-college,Hillsdale,MI,49242,https://www.hillsdalebeautycollege.com/,41.918718,-84.631429,True,1
168573,Northwestern Technological Institute,,northwestern-technological-institute,Southfield,MI,48075,https://www.northwesterntech.edu/,42.4721,-83.238868,True,1
168591,Alma College,,alma-college,Alma,MI,48801-1599,https://www.alma.edu/,43.38004,-84.672053,True,1
168607,Alpena Community College,,alpena-community-college,Alpena,MI,49707,https://www.alpenacc.edu/,45.081647,-83.445069,True,1
168740,Andrews University,Andrews,andrews-university,Berrien Springs,MI,49104,https://www.andrews.edu/,41.963859,-86.355815,True,1
168786,Aquinas College,AQ,aquinas-college,Grand Rapids,MI,49506-1801,https://www.aquinas.edu/,42.96019,-85.628785,True,1
168847,Baker College,,baker-college,Owosso,MI,48867-8956,https://www.baker.edu/,42.984804,-84.172404,True,5
168883,Bay de Noc Community College,Bay College,bay-de-noc-community-college,Escanaba,MI,49829-2511,https://www.baycollege.edu/,45.772586,-87.085228,True,1
168892,Bayshire Academy of Beauty Craft Inc,Bayshire Beauty Academy,bayshire-academy-of-beauty-craft-inc,Bay City,MI,48708-5614,https://www.bayshirebeautyacademy.edu/,43.599758,-83.88895,True,1
169080,Calvin University,Calvin,calvin-university,Grand Rapids,MI,49546,https://www.calvin.edu/,42.929916,-85.587548,True,2
169099,Calvin Theological Seminary,,calvin-theological-seminary,Grand Rapids,MI,49546-4387,https://www.calvinseminary.edu/,42.927951,-85.586439,True,1
169187,Carnegie Institute,,carnegie-institute,Troy,MI,48083,https://www.carnegie-institute.edu/,42.53889,-83.118801,True,1
169220,Michigan School of Psychology,MSP,michigan-school-of-psychology,Farmington Hills,MI,48334-4512,https://msp.edu/,42.491427,-83.359575,True,1
169248,Central Michigan University,,central-michigan-university,Mount Pleasant,MI,48859,https://www.cmich.edu/,43.591203,-84.77525,True,1
169275,Mott Community College,Charles Stewart Mott Community College,mott-community-college,Flint,MI,48503-2089,https://www.mcc.edu/,43.019941,-83.67243,True,1
169284,Empire Beauty School-Michigan,,empire-beauty-school-michigan,Grand Rapids,MI,49544,https://www.empire.edu/,43.028642,-85.691067,True,7
169327,Cleary University,Cleary College,cleary-university,Howell,MI,48843,https://www.cleary.edu/,42.586638,-83.879987,True,1
169363,Concordia University Ann Arbor,CUAA,concordia-university-ann-arbor,Ann Arbor,MI,48105,https://www.cuaa.edu/,42.273157,-83.68268,False,2
169424,Cranbrook Academy of Art,,cranbrook-academy-of-art,Bloomfield Hills,MI,48304,https://cranbrookart.edu/,42.568904,-83.250681,True,1
169442,College for Creative Studies,CCS,college-for-creative-studies,Detroit,MI,48202,https://www.ccsdetroit.edu/,42.361839,-83.062352,True,1
169479,Davenport University,,davenport-university,Grand Rapids,MI,49512-9396,https://www.davenport.edu/,42.850013,-85.533519,True,8
169503,David Pressley School of Cosmetology,,david-pressley-school-of-cosmetology,Royal Oak,MI,48067-3219,https://davidpressleyschool.com/,42.479729,-83.146008,True,1
169521,Delta College,,delta-college,University Center,MI,48710,https://www.delta.edu/,43.559491,-83.985943,True,1
169576,Detroit Business Institute-Downriver,,detroit-business-institute-downriver,Detroit,MI,48219,https://www.dbidownriver.edu/,42.168682,-83.191212,True,1
169655,Universal Technical Institute-Canton,"UTI/MIAT Canton, Michigan Institute of Aeronautics, Inc.MIAT Institute of TechnologyMichigan Institute of Aviation and Technology",universal-technical-institute-canton,Canton,MI,48188,https://uti.edu/,42.286324,-83.445507,True,1
169716,University of Detroit Mercy,"Detroit Mercy, UDM, U of D, University of Detroit",university-of-detroit-mercy,Detroit,MI,48221-3038,https://www.udmercy.edu/,42.414222,-83.139158,True,1
169761,Dorsey College,Dorsey College- Madison Heights,dorsey-college,Madison Heights,MI,48071,https://www.dorsey.edu/,42.525318,-83.107631,True,7
169798,Eastern Michigan University,,eastern-michigan-university,Ypsilanti,MI,48197,https://www.emich.edu/,42.251675,-83.627443,True,1
169813,Creative Hair School of Cosmetology,,creative-hair-school-of-cosmetology,Flint,MI,48507,https://creativehairschool.com/,42.980416,-83.757927,True,1
169910,Ferris State University,,ferris-state-university,Big Rapids,MI,49307-2251,https://www.ferris.edu/,43.687724,-85.481925,True,1
169974,Glen Oaks Community College,GOCC,glen-oaks-community-college,Centreville,MI,49032-9719,https://www.glenoaks.edu/,41.892504,-85.496929,True,1
169983,Kettering University,GMI Engineering & Management Institute,kettering-university,Flint,MI,48504-6214,https://www.kettering.edu/,43.012468,-83.71282,True,1
169992,Gogebic Community College,,gogebic-community-college,Ironwood,MI,49938,https://gogebic.edu/,46.471893,-90.165592,True,1
170000,Grace Christian University,,grace-christian-university,Wyoming,MI,49509,https://www.gracechristian.edu/,42.919541,-85.692077,True,1
170037,Cornerstone University,,cornerstone-university,Grand Rapids,MI,49525-5897,https://www.cornerstone.edu/,42.979966,-85.595328,True,1
170055,Grand Rapids Community College,,grand-rapids-community-college,Grand Rapids,MI,49503-3295,https://www.grcc.edu/,42.967076,-85.665625,True,1
170082,Grand Valley State University,Grand Valley|GVSU|Grand Valley State|,grand-valley-state-university,Allendale,MI,49401-9403,https://www.gvsu.edu/,42.963001,-85.889826,True,1
170091,Great Lakes Christian College,,great-lakes-christian-college,Lansing,MI,48917-1299,https://www.glcc.edu/,42.754249,-84.638714,True,1
170240,Henry Ford College,,henry-ford-college,Dearborn,MI,48128-1495,https://www.hfcc.edu/,42.324639,-83.236056,True,1
170286,Hillsdale College,,hillsdale-college,Hillsdale,MI,49242,https://www.hillsdale.edu/,41.933682,-84.633195,True,1
170301,Hope College,,hope-college,Holland,MI,49423-9000,https://hope.edu/,42.787247,-86.100971,True,1
170444,Jackson College,,jackson-college,Jackson,MI,49201-8399,https://www.jccmi.edu/,42.16483,-84.403942,True,1
170532,Kalamazoo College,,kalamazoo-college,Kalamazoo,MI,49006-3295,https://www.kzoo.edu/,42.290789,-85.601857,True,1
170541,Kalamazoo Valley Community College,,kalamazoo-valley-community-college,Kalamazoo,MI,49003-4070,https://www.kvcc.edu/,42.225948,-85.682144,True,1
170550,Kellogg Community College,,kellogg-community-college,Battle Creek,MI,49017-3397,https://www.kellogg.edu/,42.335638,-85.177329,True,1
170587,Kirtland Community College,,kirtland-community-college,Grayling,MI,49738,https://www.kirtland.edu/,44.601785,-84.706254,True,1
170611,Michigan College of Beauty-Monroe,,michigan-college-of-beauty-monroe,Monroe,MI,48161,https://michigancollegebeauty.com/,41.907014,-83.407005,True,1
170620,Lake Michigan College,LMC,lake-michigan-college,Benton Harbor,MI,49022-1899,https://www.lakemichigancollege.edu/,42.097276,-86.393445,True,1
170639,Lake Superior State University,,lake-superior-state-university,Sault Ste Marie,MI,49783,https://www.lssu.edu/,46.492849,-84.365573,True,1
170657,Lansing Community College,LCC,lansing-community-college,Lansing,MI,48933,https://www.lcc.edu/,42.738435,-84.55157,True,1
170675,Lawrence Technological University,,lawrence-technological-university,Southfield,MI,48075-1058,https://www.ltu.edu/,42.474072,-83.25003,True,1
170736,M J Murphy Beauty College of Mount Pleasant,,m-j-murphy-beauty-college-of-mount-pleasant,Mount Pleasant,MI,48858,https://mjmbc.net/,43.60429,-84.777927,True,1
170790,Macomb Community College,,macomb-community-college,Warren,MI,48088-3896,https://www.macomb.edu/,42.50599,-82.972377,True,1
170806,Madonna University,,madonna-university,Livonia,MI,48150-1176,https://www.madonna.edu/,42.384323,-83.404722,True,1
170967,Rochester Christian University,,rochester-christian-university,Rochester Hills,MI,48307,https://rcu.edu/,42.667521,-83.144959,True,1
170976,University of Michigan-Ann Arbor,U of Michigan|U of M|Univ of Michigan|U Michigan Ann Arbor|University of Michigan Ann Arbor,university-of-michigan-ann-arbor,Ann Arbor,MI,48109,https://umich.edu/,42.278374,-83.73481,True,1
171100,Michigan State University,MSU|Spartans|MI State University|State|MI State U,michigan-state-university,East Lansing,MI,48824-1046,https://www.msu.edu/,42.73212,-84.476111,True,1
171128,Michigan Technological University,Michigan Tech|MTU|Michigan Tech University|Mich Tech|Michigan Technological Univ|Michigan Tech Univ|MT,michigan-technological-university,Houghton,MI,49931-1295,https://www.mtu.edu/,47.11866,-88.548092,True,1
171137,University of Michigan-Dearborn,UM-Dearborn,university-of-michigan-dearborn,Dearborn,MI,48128-1491,https://umdearborn.edu/,42.317287,-83.231417,True,1
171146,University of Michigan-Flint,UM-Flint,university-of-michigan-flint,Flint,MI,48502-1950,https://www.umflint.edu/,43.01875,-83.690276,True,1
171155,Mid Michigan College,,mid-michigan-college,Harrison,MI,48625-9447,https://www.midmich.edu/,43.969586,-84.763715,True,1
171225,Monroe County Community College,,monroe-county-community-college,Monroe,MI,48161-9746,https://www.monroeccc.edu/,41.91617,-83.470274,True,1
171234,Montcalm Community College,,montcalm-community-college,Sidney,MI,48885-9723,https://www.montcalm.edu/,43.253191,-85.100181,True,1
171304,Muskegon Community College,,muskegon-community-college,Muskegon,MI,49442-1432,https://www.muskegoncc.edu/,43.250329,-86.196384,True,1
171395,North Central Michigan College,NCMC,north-central-michigan-college,Petoskey,MI,49770,https://www.ncmich.edu/,45.361727,-84.954183,True,1
171456,Northern Michigan University,,northern-michigan-university,Marquette,MI,49855-5301,https://www.nmu.edu/,46.559751,-87.406568,True,1
171483,Northwestern Michigan College,NMC,northwestern-michigan-college,Traverse City,MI,49686,https://www.nmc.edu/,44.765436,-85.585517,True,1
171492,Northwood University,NU,northwood-university,Midland,MI,48640-2398,https://www.northwood.edu/,43.628717,-84.27682,True,1
171535,Oakland Community College,,oakland-community-college,Auburn Hills,MI,48326-2845,https://www.oaklandcc.edu/,42.646226,-83.224283,True,1
171571,Oakland University,Oakland|OU|O.U.,oakland-university,Rochester Hills,MI,48309-4401,https://www.oakland.edu/,42.674573,-83.216418,True,1
171599,The University of Olivet,UO Comets,the-university-of-olivet,Olivet,MI,49076,https://www.uolivet.edu/,42.442891,-84.923891,True,1
171775,Port Huron Cosmetology College,Michigan College Of Beauty,port-huron-cosmetology-college,Waterford,MI,48329,https://www.michigancollegeofbeauty.com/,42.700677,-83.398624,True,1
171881,Kuyper College,,kuyper-college,Grand Rapids,MI,49525-9781,https://www.kuyper.edu/,43.02195,-85.592657,True,1
171988,Ross Medical Education Center-Lansing,,ross-medical-education-center-lansing,Lansing,MI,48917-2108,https://rosseducation.edu/,42.741855,-84.605807,True,7
171997,Ross Medical Education Center-Warren,,ross-medical-education-center-warren,Warren,MI,48092-4141,https://rosseducation.edu/,42.506481,-83.065785,True,7
172015,Ross Medical Education Center-Flint,,ross-medical-education-center-flint,Flint,MI,48507-1234,https://rosseducation.edu/,42.986442,-83.751751,True,9
172033,Sacred Heart Major Seminary,"SHMS; Sacred Heart; Sacred Heart Seminary; Sacred Heart Major Seminary, Inc.",sacred-heart-major-seminary,Detroit,MI,48206-1799,https://www.shms.edu/,42.375248,-83.111682,True,1
172051,Saginaw Valley State University,,saginaw-valley-state-university,University Center,MI,48710,https://www.svsu.edu/,43.51176,-83.964273,True,1
172200,Schoolcraft Community College District,Schoolcraft College,schoolcraft-community-college-district,Livonia,MI,48152-2696,https://www.schoolcraft.edu/,42.419279,-83.430958,True,1
172264,Siena Heights University,,siena-heights-university,Adrian,MI,49221,https://www.sienaheights.edu/,41.905624,-84.018841,True,1
172291,St Clair County Community College,SC4,st-clair-county-community-college,Port Huron,MI,48061-5015,https://www.sc4.edu/,42.979494,-82.428717,True,1
172307,Southwestern Michigan College,SMC,southwestern-michigan-college,Dowagiac,MI,49047-9793,https://www.swmich.edu/,41.965095,-86.082715,True,1
172334,Spring Arbor University,SAU | SAC | Spring Arbor College | Spring Arber Unviversity | Spring Arbor | Spring Arber | Spring Arbor Collage,spring-arbor-university,Spring Arbor,MI,49283-9799,https://springarbor.edu/,42.206568,-84.556074,True,1
172422,Michigan Career and Technical Institute,MCTI,michigan-career-and-technical-institute,Plainwell,MI,49080-9254,https://www.michigan.gov/leo/bureaus-agencies/mcti,42.504599,-85.517049,True,1
172477,Thomas M Cooley Law School,Thomas M. Cooley Law School,thomas-m-cooley-law-school,Lansing,MI,48933,https://cooley.edu/,42.731,-84.554429,True,1
172495,Twin City Beauty College,"Twin City Beauty College,Traverse City Beauty College,Michiana Beauty College and  Tulip Beauty College  Tulip City Beauty College",twin-city-beauty-college,Saint Joseph,MI,49085,https://tcbeautycollege.com/,42.071099,-86.47655,True,1
172608,Walsh College,Walsh,walsh-college,Troy,MI,48083-5066,https://walshcollege.edu/,42.573888,-83.147197,True,1
172617,Washtenaw Community College,,washtenaw-community-college,Ann Arbor,MI,48105-4800,https://www.wccnet.edu/,42.26361,-83.66559,True,1
172635,Wayne County Community College District,WCCCD,wayne-county-community-college-district,Detroit,MI,48226,https://www.wcccd.edu/,42.327299,-83.054497,True,1
172644,Wayne State University,WSU,wayne-state-university,Detroit,MI,48202,https://wayne.edu/,42.358994,-83.068998,True,1
172671,West Shore Community College,,west-shore-community-college,Scottville,MI,49454-0277,https://www.westshore.edu/,44.008512,-86.336122,True,1
172680,Paul Mitchell the School-Grand Rapids,Paul Mitchell The School,paul-mitchell-the-school-grand-rapids,Kentwood,MI,49512-1781,https://paulmitchell.edu/grandrapids,42.910707,-85.596605,True,1
172699,Western Michigan University,WMU,western-michigan-university,Kalamazoo,MI,49008-5200,https://wmich.edu/,42.282194,-85.613759,True,1
172705,Western Theological Seminary,The Western Theological Seminary of the Reformed Church in America,western-theological-seminary,Holland,MI,49423-3622,https://www.westernsem.edu/,42.786246,-86.10324,True,1
172866,Academy College,,academy-college,Bloomington,MN,55431-1411,https://www.academycollege.edu/,44.855722,-93.299809,True,1
172918,Alexandria Technical & Community College,ATCC,alexandria-technical-community-college,Alexandria,MN,56308,https://www.alextech.edu/,45.873107,-95.372369,True,1
172954,Anoka Technical College,,anoka-technical-college,Anoka,MN,55303,https://www.anokatech.edu/,45.216709,-93.416087,True,1
172963,Anoka-Ramsey Community College,Anoka-Ramsey Community College-Coon Rapids Campus|Anoka-Ramsey Community College-Cambridge Campus|ARCC|AR|Anoka Ramsey|Anoka-Ramsey|Anoka Ramsey Community College,anoka-ramsey-community-college,Coon Rapids,MN,55433-3470,https://www.anokaramsey.edu/,45.172978,-93.351697,True,2
173045,Augsburg University,,augsburg-university,Minneapolis,MN,55454,https://www.augsburg.edu/,44.966307,-93.240436,True,1
173063,Riverland Community College,,riverland-community-college,Austin,MN,55912-1473,https://www.riverland.edu/,43.676271,-92.995626,True,1
173115,Northwest Technical College,"NTC, Bemidji Technical College/Bemidji Tech/NTC/NTC-Bemidji/NWTC",northwest-technical-college,Bemidji,MN,56601-4907,https://www.ntcmn.edu/,47.452652,-94.853974,True,1
173124,Bemidji State University,,bemidji-state-university,Bemidji,MN,56601,https://www.bemidjistate.edu/,47.482341,-94.874119,True,1
173142,Bethany Lutheran College,blc|bethany|bethnay|bethany lutheran|bethnay lutheran|bethany luthern|bethnay luthern|bethany college|bethnay college|bethany collage|bethnay collage|bethany lutheran college|bethnay lutheran college|bethany luthern college|bethnay luthern college|bethel lutheran college|bethany lutheran collage|bethnay lutheran collage|bethany luthern collage|bethnay luthern collage,bethany-lutheran-college,Mankato,MN,56001,https://www.blc.edu/,44.166649,-93.990805,True,1
173160,Bethel University,,bethel-university-2,Saint Paul,MN,55112,https://www.bethel.edu/,45.057655,-93.161663,True,1
173203,Central Lakes College-Brainerd,,central-lakes-college-brainerd,Brainerd,MN,56401-3900,https://www.clcmn.edu/,46.345969,-94.216495,True,2
173258,Carleton College,,carleton-college,Northfield,MN,55057,https://www.carleton.edu/,44.462318,-93.154666,True,1
173300,Concordia College at Moorhead,,concordia-college-at-moorhead,Moorhead,MN,56562,https://www.concordiacollege.edu/,46.862482,-96.76749,True,1
173328,Concordia University-Saint Paul,Concordia-St. Paul,concordia-university-saint-paul,Saint Paul,MN,55104-5494,https://www.csp.edu/,44.949759,-93.154861,True,1
173416,Dakota County Technical College,DCTC,dakota-county-technical-college,Rosemount,MN,55068-2999,https://www.dctc.edu/,44.737255,-93.07805,True,1
173452,Martin Luther College,MLC,martin-luther-college,New Ulm,MN,56073-3965,https://www.mlc-wels.edu/,44.30526,-94.472326,True,1
173461,Lake Superior College,LSC,lake-superior-college,Duluth,MN,55811-3399,https://www.lsc.edu/,46.78455,-92.145151,True,1
173559,Minnesota State Community and Technical College,M State,minnesota-state-community-and-technical-college,Fergus Falls,MN,56537-1000,https://www.minnesota.edu/,46.289194,-96.097321,True,4
173638,Minnesota West Community and Technical College,,minnesota-west-community-and-technical-college,Granite Falls,MN,56241,https://www.mnwest.edu/,44.80755,-95.56172,True,1
173647,Gustavus Adolphus College,,gustavus-adolphus-college,Saint Peter,MN,56082-1498,https://gustavus.edu/,44.323626,-93.972196,True,1
173665,Hamline University,,hamline-university,Saint Paul,MN,55104-1284,https://www.hamline.edu/,44.966246,-93.164479,True,1
173683,Hazelden Betty Ford Graduate School,,hazelden-betty-ford-graduate-school,Center City,MN,55012-0011,https://www.hazeldenbettyford.org/education/graduate-school-addiction-studies,45.375319,-92.805285,True,1
173708,Hennepin Technical College,,hennepin-technical-college,Brooklyn Park,MN,55445,https://www.hennepintech.edu/,45.096534,-93.397759,True,1
173735,Minnesota North College,,minnesota-north-college,Hibbing,MN,55746,https://minnesotanorth.edu/,47.422361,-92.921698,True,6
173744,Aveda Arts & Sciences Institute Minneapolis,,aveda-arts-sciences-institute-minneapolis,Minneapolis,MN,55414,https://avedaarts.edu/locations/minneapolis,44.987972,-93.253555,True,1
173799,Inver Hills Community College,IHCC,inver-hills-community-college,Inver Grove Heights,MN,55076-3224,https://www.inverhills.edu/,44.828599,-93.055255,True,1
173896,Luther Seminary,Luther Theological Seminary  |Luther Northwestern Theological Seminary,luther-seminary,Saint Paul,MN,55108,https://www.luthersem.edu/,44.984629,-93.196422,True,1
173902,Macalester College,,macalester-college,Saint Paul,MN,55105-1899,https://www.macalester.edu/,44.938565,-93.168053,True,1
173911,South Central College,,south-central-college,North Mankato,MN,56003-1920,https://southcentral.edu/,44.174319,-94.047428,True,2
173920,Minnesota State University-Mankato,,minnesota-state-university-mankato,Mankato,MN,56001,https://mnsu.edu/,44.146712,-93.99945,True,1
173957,Mayo Clinic College of Medicine and Science,,mayo-clinic-college-of-medicine-and-science,Rochester,MN,55905,https://college.mayo.edu/,44.02215,-92.466428,True,4
174020,Metropolitan State University,,metropolitan-state-university,Saint Paul,MN,55106-5000,https://www.metrostate.edu/,44.957256,-93.074361,True,1
174066,University of Minnesota-Twin Cities,,university-of-minnesota-twin-cities,Minneapolis,MN,55455-0213,https://twin-cities.umn.edu/,44.972851,-93.235464,True,2
174075,University of Minnesota-Crookston,,university-of-minnesota-crookston,Crookston,MN,56716-5001,https://crk.umn.edu/,47.802536,-96.606188,True,1
174127,Minneapolis College of Art and Design,MCAD,minneapolis-college-of-art-and-design,Minneapolis,MN,55404,https://mcad.edu/,44.956988,-93.274705,True,1
174136,Minneapolis Community and Technical College,,minneapolis-community-and-technical-college,Minneapolis,MN,55403-1779,https://www.minneapolis.edu/,44.972679,-93.284507,True,1
174154,Herzing University-Minneapolis,,herzing-university-minneapolis,St. Louis Park,MN,55426,https://www.herzing.edu/,44.975225,-93.404863,False,12
174233,University of Minnesota-Duluth,,university-of-minnesota-duluth,Duluth,MN,55812,https://d.umn.edu/,46.817126,-92.084385,True,1
174251,University of Minnesota-Morris,,university-of-minnesota-morris,Morris,MN,56267,https://morris.umn.edu/,45.589775,-95.899729,True,1
174321,Model College of Hair Design,,model-college-of-hair-design,Saint Cloud,MN,56301-4332,https://mcohd.com/,45.55773,-94.159447,True,1
174358,Minnesota State University Moorhead,Minnesota State Moorhead or MSUM,minnesota-state-university-moorhead,Moorhead,MN,56563,https://www.mnstate.edu/,46.867153,-96.759532,True,1
174376,North Hennepin Community College,,north-hennepin-community-college,Brooklyn Park,MN,55445,https://www.nhcc.edu/,45.106937,-93.374536,True,1
174428,Normandale Community College,,normandale-community-college,Bloomington,MN,55431-4399,https://www.normandale.edu/,44.829706,-93.331673,True,1
174437,North Central University,,north-central-university,Minneapolis,MN,55404-1391,https://www.northcentral.edu/,44.968625,-93.261511,True,1
174473,Northland Community and Technical College,Northland,northland-community-and-technical-college,Thief River Falls,MN,56701,https://www.northlandcollege.edu/,48.124969,-96.162366,True,3
174491,University of Northwestern-St Paul,University of Northwestern (MN) | Northwestern,university-of-northwestern-st-paul,Saint Paul,MN,55113-1598,https://www.unwsp.edu/,45.033703,-93.167822,True,1
174507,Northwestern Health Sciences University,,northwestern-health-sciences-university,Bloomington,MN,55431,https://www.nwhealth.edu/,44.850963,-93.311222,True,1
174525,Oak Hills Christian College,OHCC,oak-hills-christian-college,Bemidji,MN,56601-8834,https://www.oakhills.edu/,47.425836,-94.901503,True,1
174570,Pine Technical & Community College,,pine-technical-community-college,Pine City,MN,55063,https://www.pine.edu/,45.818667,-92.968283,True,1
174738,Rochester Community and Technical College,RCTC,rochester-community-and-technical-college,Rochester,MN,55904-4999,https://www.rctc.edu/,44.014488,-92.42321,True,1
174747,College of Saint Benedict,Saint Benedict,college-of-saint-benedict,Saint Joseph,MN,56374,https://csbsju.edu/,45.561792,-94.319888,True,1
174756,St Cloud Technical and Community College,SCTCC,st-cloud-technical-and-community-college,Saint Cloud,MN,56303-1240,https://www.sctcc.edu/,45.579065,-94.175841,True,1
174783,Saint Cloud State University,St. Cloud State University; St. Cloud State; SCSU,saint-cloud-state-university,Saint Cloud,MN,56301-4498,https://www.stcloudstate.edu/,45.553227,-94.152657,True,1
174792,Saint Johns University,Saint John's,saint-johns-university,Collegeville,MN,56321,https://csbsju.edu/,45.580075,-94.393621,True,1
174817,Saint Mary's University of Minnesota,,saint-mary-s-university-of-minnesota,Winona,MN,55987-1399,https://www.smumn.edu/,44.044736,-91.695449,True,1
174844,St Olaf College,,st-olaf-college,Northfield,MN,55057-1098,https://wp.stolaf.edu/,44.461529,-93.182039,True,1
174862,Crown College,,crown-college,Saint Bonifacius,MN,55375-9001,https://www.crown.edu/,44.885393,-93.743019,True,1
174899,The College of Saint Scholastica,,the-college-of-saint-scholastica,Duluth,MN,55811-4199,https://www.css.edu/,46.816082,-92.106134,True,1
174914,University of St Thomas,University of Saint Thomas,university-of-st-thomas,Saint Paul,MN,55105-1078,https://www.stthomas.edu/,44.943439,-93.188986,True,1
174978,Empire Beauty School-Bloomington,,empire-beauty-school-bloomington,Bloomington,MN,55420-4232,https://www.empire.edu/,44.82746,-93.287367,False,9
175005,St Catherine University,St. Kate's,st-catherine-university,Saint Paul,MN,55105,https://www.stkate.edu/,44.924926,-93.183761,True,1
175014,Rasmussen University-Minnesota,Parent is St Cloud,rasmussen-university-minnesota,St. Cloud,MN,56301-3713,https://rasmussen.edu/,45.548117,-94.206254,True,19
175041,Saint Paul College,Saint Paul College-A Community and Technical College,saint-paul-college,Saint Paul,MN,55102-9808,https://www.saintpaul.edu/,44.949186,-93.109646,True,1
175078,Southwest Minnesota State University,,southwest-minnesota-state-university,Marshall,MN,56258-5468,https://www.smsu.edu/,44.45373,-95.759548,True,1
175120,Summit Academy Opportunities Industrialization Center,Summit Academy OIC,summit-academy-opportunities-industrialization-center,Minneapolis,MN,55405,https://www.saoic.org/,44.983569,-93.292776,True,1
175139,United Theological Seminary of the Twin Cities,United Theological Seminary of the Twin Cities,united-theological-seminary-of-the-twin-cities,St. Paul,MN,55114,https://www.unitedseminary.edu/,44.962913,-93.203624,True,1
175227,Dunwoody College of Technology,,dunwoody-college-of-technology,Minneapolis,MN,55403-1192,https://www.dunwoody.edu/,44.97281,-93.290608,True,1
175236,Ridgewater College,,ridgewater-college,Willmar,MN,56201,https://www.ridgewater.edu/,45.138313,-95.07305,True,1
175263,Minnesota State College Southeast,Minnesota State College Southeast,minnesota-state-college-southeast,Winona,MN,55987,https://www.southeastmn.edu/,44.024554,-91.618318,True,2
175272,Winona State University,,winona-state-university,Winona,MN,55987-5838,https://www.winona.edu/,44.046159,-91.643723,True,1
175281,Mitchell Hamline School of Law,,mitchell-hamline-school-of-law,Saint Paul,MN,55105-3076,https://www.mitchellhamline.edu/,44.94202,-93.138224,True,1
175315,Century College,,century-college,White Bear Lake,MN,55110,https://www.century.edu/,45.041823,-92.982105,True,1
175342,Alcorn State University,,alcorn-state-university,Alcorn State,MS,39096-7500,https://www.alcorn.edu/,31.877216,-91.142854,True,1
175421,Belhaven University,,belhaven-university,Jackson,MS,39202,https://www.belhaven.edu/,32.318415,-90.169228,True,1
175430,Blue Mountain Christian University,,blue-mountain-christian-university,Blue Mountain,MS,38610,https://www.bmc.edu/,34.67209,-89.02924,True,1
175494,Chris Beauty College,,chris-beauty-college,Gulfport,MS,39501,https://www.chrisbeautycollege.edu/,30.382294,-89.077391,True,1
175519,Coahoma Community College,,coahoma-community-college,Clarksdale,MS,38614,https://www.coahomacc.edu/,34.254417,-90.568469,True,1
175573,Copiah-Lincoln Community College,,copiah-lincoln-community-college,Wesson,MS,39191,https://www.colin.edu/,31.69272,-90.400234,True,3
175616,Delta State University,,delta-state-university,Cleveland,MS,38733,https://www.deltastate.edu/,33.744745,-90.735365,True,1
175643,East Central Community College,,east-central-community-college,Decatur,MS,39327-0129,https://www.eccc.edu/,32.441164,-89.113706,True,1
175652,East Mississippi Community College,EMCC,east-mississippi-community-college,Scooba,MS,39358-0158,https://www.eastms.edu/,32.830246,-88.483516,True,1
175698,Fosters Cosmetology College,,fosters-cosmetology-college,Ripley,MS,38663-0066,https://www.fosters.edu/,34.755677,-88.942133,True,1
175722,Academy of Hair Design-Grenada,,academy-of-hair-design-grenada,Grenada,MS,38901,https://www.academyofhair.com/grenada-campus,33.775198,-89.825313,False,2
175786,Hinds Community College,,hinds-community-college,Raymond,MS,39154,https://www.hindscc.edu/,32.256109,-90.416118,True,1
175810,Holmes Community College,,holmes-community-college,Goodman,MS,39079,https://holmescc.edu/,32.969985,-89.915803,True,1
175829,Itawamba Community College,ICC,itawamba-community-college,Fulton,MS,38843-1099,https://www.iccms.edu/,34.276519,-88.412073,True,1
175856,Jackson State University,,jackson-state-university,Jackson,MS,39217,https://www.jsums.edu/,32.296105,-90.207405,True,1
175883,Jones County Junior College,,jones-county-junior-college,Ellisville,MS,39437,https://www.jcjc.edu/,31.596936,-89.200895,True,1
175935,Meridian Community College,MCC,meridian-community-college,Meridian,MS,39307-5801,https://www.meridiancc.edu/,32.367355,-88.732823,True,1
175980,Millsaps College,Millsaps,millsaps-college,Jackson,MS,39210,https://www.millsaps.edu/,32.322746,-90.179957,True,1
176008,Mississippi Delta Community College,MDCC,mississippi-delta-community-college,Moorhead,MS,38761,https://www.msdelta.edu/,33.444906,-90.502053,True,1
176017,University of Mississippi,Ole Miss,university-of-mississippi,University,MS,38677-1848,https://www.olemiss.edu/,34.365529,-89.537434,True,2
176035,Mississippi University for Women,MUW,mississippi-university-for-women,Columbus,MS,39701,https://www.muw.edu/,33.493305,-88.418601,True,1
176044,Mississippi Valley State University,,mississippi-valley-state-university,Itta Bena,MS,38941-1400,https://www.mvsu.edu/,33.514142,-90.341274,True,1
176053,Mississippi Christian University,MC,mississippi-christian-university,Clinton,MS,39058,https://www.mc.edu/,32.335515,-90.329821,True,1
176062,Hatfield's Mississippi College of Beauty Culture,,hatfield-s-mississippi-college-of-beauty-culture,Laurel,MS,39440,https://hatfieldsinc.com/,31.693316,-89.135405,True,1
176071,Mississippi Gulf Coast Community College,,mississippi-gulf-coast-community-college,Perkinston,MS,39573,https://www.mgccc.edu/,30.780784,-89.142952,True,1
176080,Mississippi State University,,mississippi-state-university,Mississippi State,MS,39762,https://www.msstate.edu/,33.454852,-88.790139,True,1
176169,Northeast Mississippi Community College,,northeast-mississippi-community-college,Booneville,MS,38829,https://www.nemcc.edu/,34.668339,-88.562609,True,1
176178,Northwest Mississippi Community College,NWCC,northwest-mississippi-community-college,Senatobia,MS,38668-1714,https://www.northwestms.edu/,34.625532,-89.969525,True,1
176239,Pearl River Community College,,pearl-river-community-college,Poplarville,MS,39470,https://www.prcc.edu/,30.844322,-89.543052,True,3
176318,Rust College,,rust-college,Holly Springs,MS,38635,https://www.rustcollege.edu/,34.776862,-89.446999,True,1
176336,Southeastern Baptist College,,southeastern-baptist-college,Laurel,MS,39440-9989,https://www.southeasternbaptist.edu/,31.748512,-89.149373,True,1
176354,Southwest Mississippi Community College,SMCC  SWCC  Southwest Community College  Southwest  South West Mississippi Community College  South West Community College,southwest-mississippi-community-college,Summit,MS,39666-0000,https://www.smcc.edu/,31.295121,-90.443295,True,1
176372,University of Southern Mississippi,,university-of-southern-mississippi,Hattiesburg,MS,39406-0001,https://www.usm.edu/,31.32661,-89.331236,True,1
176406,Tougaloo College,,tougaloo-college,Tougaloo,MS,39174,https://www.tougaloo.edu/,32.403014,-90.16076,True,1
176433,Vaughn Beauty College,,vaughn-beauty-college,Aberdeen,MS,39730-3238,https://vaughnbeauty.com/,33.82442,-88.541839,True,1
176451,Wesley Biblical Seminary,,wesley-biblical-seminary,Ridgeland,MS,39157-1920,https://www.wbs.edu/,32.400142,-90.111379,True,1
176479,William Carey University,,william-carey-university,Hattiesburg,MS,39401,https://www.wmcarey.edu/,31.305264,-89.291815,True,1
176600,Aquinas Institute of Theology,"Aquinas Institute, A.I., A.I.T.",aquinas-institute-of-theology,Saint Louis,MO,63108-3323,https://www.ai.edu/,38.634329,-90.237795,True,1
176628,Avila University,,avila-university,Kansas City,MO,64145-1698,https://www.avila.edu/,38.91339,-94.591758,True,2
176664,Mission University,,mission-university,Springfield,MO,65803-3498,https://www.mission.edu/,37.239696,-93.284286,True,1
176716,House of Heavilin Beauty College-Blue Springs,,house-of-heavilin-beauty-college-blue-springs,Blue Springs,MO,64014,https://kc-hair.com/,38.997932,-94.272412,True,1
176770,Cox College,Lester L Cox College of Nursing and Health Sciences,cox-college,Springfield,MO,65802-1917,https://coxcollege.edu/,37.225116,-93.290233,True,1
176789,Calvary University,,calvary-university,Kansas City,MO,64147-1341,https://www.calvary.edu/,38.839578,-94.547927,True,1
176798,Cape Girardeau Career and Technology Center,Cape Girardeau CTC,cape-girardeau-career-and-technology-center,Cape Girardeau,MO,63703-7511,https://www.capectc.org/,37.274001,-89.565366,True,1
176910,Central Christian College of the Bible,Russell School of Ministry (Graduate Program),central-christian-college-of-the-bible,Moberly,MO,65270-1997,https://www.cccb.edu/,39.395963,-92.427259,True,1
176947,Central Methodist University-College of Liberal Arts and Sciences,CMU - CLAS,central-methodist-university-college-of-liberal-arts-and-sciences,Fayette,MO,65248-1198,https://www.centralmethodist.edu/,39.150497,-92.685253,True,1
176965,University of Central Missouri,Central,university-of-central-missouri,Warrensburg,MO,64093,https://www.ucmo.edu/,38.759111,-93.737428,True,1
176983,Grand River Technical School,Chillicothe Area Vocational School,grand-river-technical-school,Chillicothe,MO,64601,https://www.grts.org/,39.798864,-93.559669,True,1
177038,Cleveland University-Kansas City,,cleveland-university-kansas-city,Overland Park,KS,66210,https://www.cleveland.edu/,38.932019,-94.679076,True,1
177065,Columbia College,,columbia-college-2,Columbia,MO,65216,https://www.ccis.edu/,38.957388,-92.326354,True,15
177083,Conception Seminary College,,conception-seminary-college,Conception,MO,64433-0502,https://www.conception.edu/,40.24044,-94.682831,True,1
177092,Concordia Seminary,,concordia-seminary,Saint Louis,MO,63105-3196,https://www.csl.edu/,38.637181,-90.311324,True,1
177117,Cottey College,,cottey-college,Nevada,MO,64772,https://www.cottey.edu/,37.836127,-94.371311,True,1
177126,Covenant Theological Seminary,Covenant|Covenant Seminary|CTS,covenant-theological-seminary,Saint Louis,MO,63141-8609,https://www.covenantseminary.edu/,38.643066,-90.451323,True,1
177135,Crowder College,,crowder-college,Neosho,MO,64850,https://www.crowder.edu/,36.814906,-94.368315,True,1
177144,Culver-Stockton College,CULVER|C-SC|,culver-stockton-college,Canton,MO,63435-1299,https://www.culver.edu/,40.128993,-91.529374,True,1
177214,Drury University,,drury-university,Springfield,MO,65802-3791,https://www.drury.edu/,37.219681,-93.286192,True,1
177250,East Central College,,east-central-college,Union,MO,63084,https://www.eastcentral.edu/,38.431845,-90.97809,True,1
177278,Eden Theological Seminary,,eden-theological-seminary,Webster Groves,MO,63119-3192,https://www.eden.edu/,38.592307,-90.345605,True,1
177302,Pinnacle Career Institute,Pinnacle Career Institute,pinnacle-career-institute,Kansas City,MO,64153-1151,https://pcitraining.edu/,39.301096,-94.684653,True,1
177339,Evangel University,,evangel-university,Springfield,MO,65802-2125,https://www.evangel.edu/,37.220956,-93.262614,True,2
177436,Four Rivers Career Center,,four-rivers-career-center,Washington,MO,63090-4235,https://frcc.washington.k12.mo.us/,38.547707,-91.020914,True,1
177472,Ozarks Technical Community College,OTC,ozarks-technical-community-college,Springfield,MO,65802,https://www.otc.edu/,37.216479,-93.279985,True,1
177542,Hannibal-LaGrange University,,hannibal-lagrange-university,Hannibal,MO,63401,https://www.hlg.edu/,39.729015,-91.39094,True,1
177551,Harris-Stowe State University,Harris-Stowe State College,harris-stowe-state-university,Saint Louis,MO,63103-2136,https://www.hssu.edu/,38.631744,-90.224288,True,1
177588,House of Heavilin Beauty College-Kansas City,,house-of-heavilin-beauty-college-kansas-city,Kansas City,MO,64110-2826,https://kc-hair.com/,39.022905,-94.574262,True,1
177603,Summit Salon Academy Kansas City,,summit-salon-academy-kansas-city,Independence,MO,64055,https://www.summitsalonacademykc.com/,39.079093,-94.426462,True,1
177676,Jefferson College,JeffCo,jefferson-college,Hillsboro,MO,63050-2440,https://www.jeffco.edu/,38.259889,-90.558954,True,1
177685,Paul Mitchell the School-Missouri Columbia,PMMO Columbia LLC,paul-mitchell-the-school-missouri-columbia,Columbia,MO,65203,https://missouricolumbia.paulmitchell.edu/,38.967204,-92.375761,True,1
177719,Barnes-Jewish College Goldfarb School of Nursing,Barnes-Jewish College of Nursing  Barnes-Jewish College of Nursing and Allied Health   Jewish Hospital College of Nursing,barnes-jewish-college-goldfarb-school-of-nursing,Saint Louis,MO,63110,https://www.barnesjewishcollege.edu/,38.637165,-90.258772,True,1
177746,Kansas City Art Institute,,kansas-city-art-institute,Kansas City,MO,64111-1874,https://www.kcai.edu/,39.046353,-94.583594,True,1
177816,Kenrick Glennon Seminary,,kenrick-glennon-seminary,Saint Louis,MO,63119-4399,https://www.kenrick.edu/,38.584608,-90.324024,True,1
177834,A T Still University of Health Sciences,,a-t-still-university-of-health-sciences,Kirksville,MO,63501,https://www.atsu.edu/,40.193648,-92.589183,True,1
177931,Lex La-Ray Technical Center,LLRTC|Lexington Technical Center,lex-la-ray-technical-center,Lexington,MO,64067-1525,https://www.lexlaray.com/,39.173683,-93.865563,True,1
177940,Lincoln University,Lincoln University of Missouri,lincoln-university-2,Jefferson City,MO,65101,https://www.lincolnu.edu/,38.564431,-92.166724,True,1
177968,Lindenwood University,,lindenwood-university,Saint Charles,MO,63301-1695,https://www.lindenwood.edu/,38.785425,-90.501286,True,1
177977,State Technical College of Missouri,State Tech,state-technical-college-of-missouri,Linn,MO,65051-9607,https://www.statetechmo.edu/,38.467699,-91.814259,True,1
177986,Logan University,Logan University,logan-university,Chesterfield,MO,63017,https://www.logan.edu/,38.63133,-90.542333,True,1
177995,Metropolitan Community College-Kansas City,MCC-KC,metropolitan-community-college-kansas-city,Kansas City,MO,64111-2429,https://www.mcckc.edu/,39.068668,-94.58966,True,1
178059,Maryville University of Saint Louis,,maryville-university-of-saint-louis,Saint Louis,MO,63141-7299,https://www.maryville.edu/,38.644774,-90.505998,True,1
178077,Missouri College of Cosmetology and Esthetics,Merrell University of Beauty Arts & Science,missouri-college-of-cosmetology-and-esthetics,Jefferson City,MO,65109,https://merrelluniversity.edu/,38.571057,-92.198801,True,1
178183,Midwest Institute,,midwest-institute,Earth City,MO,63045,https://midwestinstitute.com/,38.769983,-90.465613,True,1
178208,Midwestern Baptist Theological Seminary,"MBTS|MBC|MBC,SBC|Midwestern Baptist Seminary|Midwestern|Midwestern Baptist College, SBC|Midwestern Baptist College|MBCSBC, Spurgeon College",midwestern-baptist-theological-seminary,Kansas City,MO,64118-4697,https://www.mbts.edu/,39.185691,-94.573185,True,1
178217,Mineral Area College,MAC,mineral-area-college,Park Hills,MO,63601-1000,https://mineralarea.edu/,37.845199,-90.481847,True,1
178244,Missouri Baptist University,MBU,missouri-baptist-university,Saint Louis,MO,63141-8698,https://www.mobap.edu/,38.641526,-90.462586,True,1
178341,Missouri Southern State University,Missouri Southern,missouri-southern-state-university,Joplin,MO,64801-1595,https://www.mssu.edu/,37.095155,-94.461689,True,1
178369,Missouri Valley College,,missouri-valley-college,Marshall,MO,65340,https://www.moval.edu/,39.108522,-93.190654,True,1
178387,Missouri Western State University,Western|MWSU|MWSC|Missouri Western State College,missouri-western-state-university,Saint Joseph,MO,64507,https://www.missouriwestern.edu/,39.7575,-94.785643,True,1
178396,University of Missouri-Columbia,,university-of-missouri-columbia,Columbia,MO,65211,https://missouri.edu/,38.94531,-92.328843,True,1
178402,University of Missouri-Kansas City,,university-of-missouri-kansas-city,Kansas City,MO,64110,https://www.umkc.edu/,39.034179,-94.582141,True,1
178411,Missouri University of Science and Technology,,missouri-university-of-science-and-technology,Rolla,MO,65409,https://www.mst.edu/,37.954444,-91.77311,True,1
178420,University of Missouri-St Louis,,university-of-missouri-st-louis,Saint Louis,MO,63121-4400,https://www.umsl.edu/,38.710312,-90.311091,True,1
178448,Moberly Area Community College,MACC,moberly-area-community-college,Moberly,MO,65270-1304,https://www.macc.edu/,39.418607,-92.455064,True,1
178518,Nazarene Theological Seminary,,nazarene-theological-seminary,Kansas City,MO,64131-1246,https://www.nts.edu/,39.009265,-94.565781,True,1
178527,Neosho Beauty and Barber College,,neosho-beauty-and-barber-college,Neosho,MO,64850-1525,https://neoshobeautycollege.com/,36.870562,-94.368636,True,1
178615,Truman State University,Truman,truman-state-university,Kirksville,MO,63501-4221,https://www.truman.edu/,40.188267,-92.581658,True,1
178624,Northwest Missouri State University,Northwest,northwest-missouri-state-university,Maryville,MO,64468-6001,https://www.nwmissouri.edu/,40.351692,-94.883339,True,1
178679,Ozark Christian College,,ozark-christian-college,Joplin,MO,64801,https://www.occ.edu/,37.103172,-94.510622,True,1
178697,College of the Ozarks,,college-of-the-ozarks,Point Lookout,MO,65726-0017,https://www.cofo.edu/,36.616019,-93.238174,True,1
178721,Park University,,park-university,Parkville,MO,64152-3795,https://www.park.edu/,39.189256,-94.679041,True,1
178767,Stevens-The Institute of Business & Arts,Patricia Stevens College,stevens-the-institute-of-business-arts,Saint Louis,MO,63103,https://www.siba.edu/,38.632917,-90.201157,True,1
178891,Ranken Technical College,"Ranken Technical College, Ranken Technical Institute, The David Ranken,Jr. School of Mechanical Trades",ranken-technical-college,Saint Louis,MO,63113-2811,https://www.ranken.edu/,38.653303,-90.248465,True,1
178989,Research College of Nursing,,research-college-of-nursing,Kansas City,MO,64132,https://researchcollege.edu/,39.006611,-94.556762,True,1
179043,Rockhurst University,Rockhurst,rockhurst-university,Kansas City,MO,64110-2561,https://www.rockhurst.edu/,39.032318,-94.573003,True,1
179159,Saint Louis University,,saint-louis-university,Saint Louis,MO,63103-2097,https://www.slu.edu/,38.636801,-90.2351,True,1
179195,Salem College of Hairstyling,,salem-college-of-hairstyling,Rolla,MO,65401,https://www.centralandsalemcolleges.com/,37.944067,-91.785219,True,1
179265,University of Health Sciences and Pharmacy in St. Louis,St. Louis College of Pharmacy,university-of-health-sciences-and-pharmacy-in-st-louis,Saint Louis,MO,63110-1088,https://www.uhsp.edu/,38.636904,-90.260617,True,1
179308,Saint Louis Community College,St Louis Community  College,saint-louis-community-college,Bridgeton,MO,63044,https://www.stlcc.edu/,38.745678,-90.437078,True,1
179317,Saint Paul School of Theology,,saint-paul-school-of-theology,Leawood,KS,66224,https://www.spst.edu/,38.880458,-94.641277,True,1
179326,Southwest Baptist University,,southwest-baptist-university,Bolivar,MO,65613-2596,https://www.sbuniv.edu/,37.602425,-93.407056,True,1
179344,Missouri State University-West Plains,,missouri-state-university-west-plains,West Plains,MO,65775-2715,https://wp.missouristate.edu/,36.729574,-91.857838,True,1
179511,St Louis College of Health Careers-St Louis,SLCHC,st-louis-college-of-health-careers-st-louis,Saint Louis,MO,63110,https://www.slchc.edu/,38.63155,-90.26194,False,2
179539,State Fair Community College,,state-fair-community-college,Sedalia,MO,65301-2199,https://www.sfccmo.edu/,38.696423,-93.268028,True,1
179548,Stephens College,Stephens,stephens-college,Columbia,MO,65215,https://stephens.edu/,38.95204,-92.319204,True,1
179557,Southeast Missouri State University,,southeast-missouri-state-university,Cape Girardeau,MO,63701,https://www.semo.edu/,37.311107,-89.531187,True,1
179566,Missouri State University-Springfield,,missouri-state-university-springfield,Springfield,MO,65897-0002,https://www.missouristate.edu/,37.199258,-93.281281,True,1
179645,Three Rivers College,,three-rivers-college,Poplar Bluff,MO,63901,https://trcc.edu/,36.776571,-90.429769,True,1
179715,North Central Missouri College,NCMC,north-central-missouri-college,Trenton,MO,64683,https://www.ncmissouri.edu/,40.078096,-93.617353,True,1
179812,Kansas City University,KCU - Kansas City,kansas-city-university,Kansas City,MO,64106-1453,https://www.kansascity.edu/,39.107553,-94.561374,True,2
179867,Washington University in St Louis,WashU,washington-university-in-st-louis,St. Louis,MO,63130,https://washu.edu/,38.647929,-90.310604,True,1
179894,Webster University,,webster-university,Saint Louis,MO,63119-3194,https://www.webster.edu/,38.588875,-90.345151,True,1
179946,Westminster College,,westminster-college,Fulton,MO,65251-1299,https://www.wcmo.edu/,38.849354,-91.955273,True,1
179955,William Jewell College,,william-jewell-college,Liberty,MO,64068-1896,https://www.jewell.edu/,39.247844,-94.413126,True,1
179964,William Woods University,WWU/William Woods/The Woods,william-woods-university,Fulton,MO,65251-2388,https://www.williamwoods.edu/,38.860287,-91.950416,True,1
179991,Academy of Cosmetology Inc,,academy-of-cosmetology-inc,Bozeman,MT,59715-3544,https://www.academycosmetology.com/,45.680544,-111.039848,True,1
180054,Blackfeet Community College,BFCC,blackfeet-community-college,Browning,MT,59417-0819,https://bfcc.edu/,48.551927,-113.009387,True,1
180081,Highlands College of Montana Tech,,highlands-college-of-montana-tech,Butte,MT,59701,https://www.mtech.edu/,45.938145,-112.509365,False,2
180090,Crevier's Academy of Cosmetology Arts,,crevier-s-academy-of-cosmetology-arts,Kalispell,MT,59901,https://www.crevierschool.com/,48.201201,-114.319109,True,1
180106,Carroll College,Carroll Montana  CC,carroll-college,Helena,MT,59625-0002,https://www.carroll.edu/,46.600771,-112.040285,True,1
180151,Dawson Community College,DCC; Dawson College; Dawson Junior College,dawson-community-college,Glendive,MT,59330,https://www.dawson.edu/,47.085396,-104.725485,True,1
180160,Chief Dull Knife College,,chief-dull-knife-college,Lame Deer,MT,59043,https://cdkc.edu/,45.625568,-106.664593,True,1
180179,Montana State University Billings,MSU Billings,montana-state-university-billings,Billings,MT,59101-0298,https://www.msubillings.edu/,45.796896,-108.523009,True,2
180197,Flathead Valley Community College,,flathead-valley-community-college,Kalispell,MT,59901,https://www.fvcc.edu/,48.227389,-114.327258,True,1
180203,Aaniiih Nakoda College,,aaniiih-nakoda-college,Harlem,MT,59526,https://www.ancollege.edu/,48.484196,-108.757816,True,1
180212,Fort Peck Community College,FPCC,fort-peck-community-college,Poplar,MT,59255-0398,https://www.fpcc.edu/,48.113569,-105.193021,True,1
180249,Great Falls College Montana State University,Great Falls College MSU,great-falls-college-montana-state-university,Great Falls,MT,59405,https://www.gfcmsu.edu/,47.485581,-111.269558,True,1
180258,University of Providence,Previously known as the University of Great Falls (prior to July 2018),university-of-providence,Great Falls,MT,59405-4996,https://www.uprovidence.edu/,47.490713,-111.270604,True,1
180276,Helena College University of Montana,Helena College,helena-college-university-of-montana,Helena,MT,59601,https://www.helenacollege.edu/,46.595384,-112.016035,True,1
180328,Little Big Horn College,na,little-big-horn-college,Crow Agency,MT,59022,https://www.lbhc.edu/,45.603781,-107.455421,True,1
180373,Miles Community College,,miles-community-college,Miles City,MT,59301-4774,https://www.milescc.edu/,46.40526,-105.826524,True,1
180416,Montana Technological University,,montana-technological-university,Butte,MT,59701-8997,https://www.mtech.edu/,46.012868,-112.559511,True,2
180461,Montana State University,MSU,montana-state-university,Bozeman,MT,59717,https://www.montana.edu/,45.666726,-111.048812,True,1
180489,The University of Montana,University of Montana,the-university-of-montana,Missoula,MT,59812,https://www.umt.edu/,46.859312,-113.982912,True,1
180522,Montana State University-Northern,,montana-state-university-northern,Havre,MT,59501,https://www.msun.edu/,48.54149,-109.687806,True,1
180595,Rocky Mountain College,RMC,rocky-mountain-college,Billings,MT,59102-1796,https://www.rocky.edu/,45.796522,-108.554075,True,1
180647,Salish Kootenai College,SKC,salish-kootenai-college,Pablo,MT,59855,https://www.skc.edu/,47.598592,-114.111635,True,1
180692,The University of Montana-Western,Western Montana College; Montana Western; UM Western; WMC; UMW,the-university-of-montana-western,Dillon,MT,59725-3598,https://umwestern.edu/,45.208306,-112.639264,True,1
180814,Bellevue University,,bellevue-university,Bellevue,NE,68005-3098,https://www.bellevue.edu/,41.150225,-95.91764,True,1
180832,Clarkson College,Clarkson College of Health Professions,clarkson-college,Omaha,NE,68131-2739,https://www.clarksoncollege.edu/,41.259165,-95.974847,True,1
180878,Bryan College of Health Sciences,,bryan-college-of-health-sciences,Lincoln,NE,68506,https://www.bryanhealthcollege.edu/bcohs/,40.796768,-96.651532,True,1
180902,Central Community College,,central-community-college,Grand Island,NE,68802-4903,https://www.cccneb.edu/,40.889582,-98.372549,True,1
180948,Chadron State College,,chadron-state-college,Chadron,NE,69337-2690,https://www.csc.edu/,42.8199,-103.001615,True,1
180957,College of Hair Design-Downtown,Lincoln Barber College,college-of-hair-design-downtown,Lincoln,NE,68508-2199,https://collegeofhairdesign.com/,40.811084,-96.705169,True,1
180984,Concordia University-Nebraska,"Concordia Teachers College  Concordia College  Concordia University, Seward",concordia-university-nebraska,Seward,NE,68434-1556,https://www.cune.edu/,40.914853,-97.089054,True,1
181002,Creighton University,,creighton-university,Omaha,NE,68178,https://www.creighton.edu/,41.265361,-95.947811,True,1
181020,Doane University,,doane-university,Crete,NE,68333,https://www.doane.edu/,40.622952,-96.950932,True,1
181127,Hastings College,Hastings College,hastings-college,Hastings,NE,68901,https://www.hastings.edu/,40.59025,-98.374403,True,1
181145,CHI Health School of Radiologic Technology,Alegent Creighton Health School of Radiologic Technology  Bergan Mercy School of Radiologic Technology  Immanuel Medical Center School of Radiologic Technology  Emmanuel Medical Center School of Radiologic Technology,chi-health-school-of-radiologic-technology,Omaha,NE,68122,https://www.chihealth.com/education/professional-training/radiologic-technology,41.32206,-96.020431,True,1
181190,Joseph's College Cosmetology,Joseph's College,joseph-s-college-cosmetology,Lincoln,NE,68505,https://josephscollege.edu/,40.815284,-96.626464,True,1
181215,University of Nebraska at Kearney,UNK|University of Nebraska - Kearney|Nebraska - Kearney|Nebraska Kearney|,university-of-nebraska-at-kearney,Kearney,NE,68849-1212,https://www.unk.edu/,40.701452,-99.098699,True,1
181297,Nebraska Methodist College of Nursing & Allied Health,Nebraska Methodist College,nebraska-methodist-college-of-nursing-allied-health,Omaha,NE,68114-2852,https://www.methodistcollege.edu/,41.265973,-96.048511,True,1
181303,Metropolitan Community College Area,,metropolitan-community-college-area,Omaha,NE,68111-1610,https://www.mccneb.edu/,41.310451,-95.957829,True,1
181312,Mid-Plains Community College,,mid-plains-community-college,North Platte,NE,69101,https://www.mpcc.edu/,41.092717,-100.7715,True,1
181330,Midland University,MidlandU,midland-university,Fremont,NE,68025,https://www.midlandu.edu/,41.43674,-96.488008,True,1
181394,University of Nebraska at Omaha,UNOMAHA,university-of-nebraska-at-omaha,Omaha,NE,68182-0225,https://www.unomaha.edu/,41.258769,-96.008516,True,1
181419,Nebraska Indian Community College,NICC,nebraska-indian-community-college,Macy,NE,68039-0428,https://www.thenicc.edu/,42.11677,-96.35176,True,1
181428,University of Nebraska Medical Center,UNMC,university-of-nebraska-medical-center,Omaha,NE,68198-7815,https://www.unmc.edu/,41.256312,-95.973966,True,1
181446,Nebraska Wesleyan University,,nebraska-wesleyan-university,Lincoln,NE,68504-2794,https://www.nebrwesleyan.edu/,40.839098,-96.64831,True,1
181464,University of Nebraska-Lincoln,,university-of-nebraska-lincoln,Lincoln,NE,68588-0419,https://www.unl.edu/,40.817598,-96.700508,True,2
181491,Northeast Community College,Northeast,northeast-community-college,Norfolk,NE,68702-0469,https://northeast.edu/,42.048647,-97.396578,True,1
181534,Peru State College,Peru State,peru-state-college,Peru,NE,68421-0010,https://www.peru.edu/,40.474689,-95.732731,True,1
181543,Summit Christian College,,summit-christian-college,Gering,NE,69341,https://www.summitcc.edu/,41.829274,-103.675715,True,1
181604,College of Saint Mary,,college-of-saint-mary,Omaha,NE,68106,https://www.csm.edu/,41.240028,-96.021425,True,1
181640,Southeast Community College Area,Southeast Community College SCC,southeast-community-college-area,Lincoln,NE,68520-1229,https://www.southeast.edu/,40.816133,-96.60203,True,1
181738,Union Adventist University,,union-adventist-university,Lincoln,NE,68506,https://www.uau.edu/,40.774778,-96.651095,True,1
181765,Nebraska College of Technical Agriculture,,nebraska-college-of-technical-agriculture,Curtis,NE,69025-9552,https://ncta.unl.edu/,40.635454,-100.510409,False,2
181783,Wayne State College,WSC,wayne-state-college,Wayne,NE,68787,https://www.wsc.edu/,42.241556,-97.015122,True,1
181817,Western Nebraska Community College,WNCC,western-nebraska-community-college,Scottsbluff,NE,69361-1899,https://www.wncc.edu/,41.875705,-103.64249,True,1
181853,York University,,york-university,York,NE,68467-2699,https://www.york.edu/,40.869526,-97.579352,True,1
181880,Academy of Hair Design-Las Vegas,,academy-of-hair-design-las-vegas,Las Vegas,NV,89146,https://www.ahdvegas.com/,36.15846,-115.210473,True,1
182005,College of Southern Nevada,CSN,college-of-southern-nevada,Las Vegas,NV,89146-1164,https://www.csn.edu/,36.158114,-115.233099,True,1
182148,Las Vegas College,,las-vegas-college,Las Vegas,NV,89113,https://lvcollege.edu/,36.067688,-115.275386,True,2
182281,University of Nevada-Las Vegas,UNLV,university-of-nevada-las-vegas,Las Vegas,NV,89154,https://www.unlv.edu/,36.106047,-115.138462,True,1
182290,University of Nevada-Reno,,university-of-nevada-reno,Reno,NV,89557,https://www.unr.edu/,39.543642,-119.815377,True,1
182306,Great Basin College,,great-basin-college,Elko,NV,89801,https://www.gbcnv.edu/,40.84343,-115.767274,True,1
182500,Truckee Meadows Community College,,truckee-meadows-community-college,Reno,NV,89512-3999,https://www.tmcc.edu/,39.571402,-119.796975,True,1
182564,Western Nevada College,WNC,western-nevada-college,Carson City,NV,89703-7399,https://www.wnc.edu/,39.186158,-119.79036,True,1
182634,Colby-Sawyer College,Colby-Sawyer,colby-sawyer-college,New London,NH,03257-7835,https://www.colby-sawyer.edu/,43.411663,-71.975805,True,1
182670,Dartmouth College,"Dartmouth, Big Green",dartmouth-college,Hanover,NH,03755-3529,https://dartmouth.edu/,43.704115,-72.289949,True,1
182704,Empire Beauty School-Laconia,,empire-beauty-school-laconia,Laconia,NH,03246,https://www.empirebeautyschools.com/,43.527157,-71.469612,False,2
182722,Empire Beauty School-Somersworth,,empire-beauty-school-somersworth,Somersworth,NH,03878,https://www.empirebeautyschools.com/,43.23004,-70.881563,True,1
182795,Franklin Pierce University,"Franklin Pierce College, Franklin Pierce, FPU, Pierce",franklin-pierce-university,Rindge,NH,03461-0060,https://www.franklinpierce.edu/,42.78014,-72.058011,True,1
182829,University of New Hampshire-Franklin Pierce School of Law,,university-of-new-hampshire-franklin-pierce-school-of-law,Concord,NH,03301-4197,https://law.unh.edu/,43.207371,-71.545152,False,4
182892,Keene Beauty Academy,,keene-beauty-academy,Keene,NH,03431,https://www.keenebeautyacademy.edu/,42.948977,-72.321097,True,1
182980,New England College,NEC,new-england-college,Henniker,NH,03242,https://www.nec.edu/,43.176403,-71.822282,True,1
183026,Southern New Hampshire University,SNHU,southern-new-hampshire-university,Manchester,NH,03106-1045,https://www.snhu.edu/,43.038922,-71.451842,True,1
183044,University of New Hampshire-Main Campus,,university-of-new-hampshire-main-campus,Durham,NH,03824-3547,https://www.unh.edu/,43.135934,-70.932465,True,4
183062,Keene State College,KSC,keene-state-college,Keene,NH,03435-1506,https://www.keene.edu/,42.926452,-72.279276,True,1
183071,University of New Hampshire at Manchester,UNH Manchester,university-of-new-hampshire-at-manchester,Manchester,NH,03101-1113,https://manchester.unh.edu/,42.987209,-71.468755,False,4
183080,Plymouth State University,Plymouth | Plymouth State | PSU | Plymout | Plimout | Plymoth | Plimoth | Plymot | Plimot,plymouth-state-university,Plymouth,NH,03264-1595,https://www.plymouth.edu/,43.759573,-71.690164,True,1
183099,NHTI-Concord's Community College,NHTI New Hampshire Technical Institute,nhti-concord-s-community-college,Concord,NH,03301-7412,https://www.nhti.edu/,43.223621,-71.531979,True,1
183105,White Mountains Community College,,white-mountains-community-college,Berlin,NH,03570,https://www.wmcc.edu/,44.503494,-71.158535,True,1
183114,River Valley Community College,NH Community Technical College - Claremont; NH Technical College - Claremont,river-valley-community-college,Claremont,NH,03743-9707,https://www.rivervalley.edu/,43.399046,-72.333114,True,1
183123,Lakes Region Community College,New Hampshire Community Technical College-Laconia,lakes-region-community-college,Laconia,NH,03246,https://www.lrcc.edu/,43.507568,-71.462602,True,1
183132,Manchester Community College,"New Hampshire State Trade School, New Hampshire Technical Institute, New Hampshire Institute, New Hampshire Vocational-Technical College, Manchester, New Hampshire Technical College at Manchester, New Hampshire Community Technical College at Manchester-Stratham, New Hampshire Community Technical College -Manchester",manchester-community-college,Manchester,NH,03102-8518,https://www.mccnh.edu/,43.019823,-71.483534,True,1
183141,Nashua Community College,NCC,nashua-community-college,Nashua,NH,03063-1026,https://nashuacc.edu/,42.794576,-71.523462,True,1
183150,Great Bay Community College,Great Bay Community College,great-bay-community-college,Portsmouth,NH,03801-2879,https://www.greatbay.edu/,43.072093,-70.798969,True,1
183202,Paul Mitchell the School-Portsmouth,Portsmouth Beauty School,paul-mitchell-the-school-portsmouth,Portsmouth,NH,03801-4084,https://paulmitchell.edu/portsmouth,43.075732,-70.760159,True,1
183211,Rivier University,,rivier-university,Nashua,NH,03060,https://www.rivier.edu/,42.738676,-71.45626,True,1
183239,Saint Anselm College,,saint-anselm-college,Manchester,NH,03102-1310,https://www.anselm.edu/,42.986889,-71.503622,True,1
183248,St Joseph School of Nursing,,st-joseph-school-of-nursing,Nashua,NH,03060,https://www.sjson.edu/,42.750142,-71.478401,True,1
183257,University of New Hampshire College of Professional Studies Online,GSC,university-of-new-hampshire-college-of-professional-studies-online,Manchester,NH,03101,https://cps.unh.edu/online,42.987209,-71.468755,False,4
183275,Thomas More College of Liberal Arts,,thomas-more-college-of-liberal-arts,Merrimack,NH,03054,https://www.thomasmorecollege.edu/,42.80683,-71.48437,True,1
183488,Eastwick College-Hackensack,,eastwick-college-hackensack,Hackensack,NJ,07601,https://www.eastwickcollege.edu/,40.885847,-74.040491,True,1
183600,Assumption College for Sisters,ACS,assumption-college-for-sisters,Denville,NJ,07834,https://www.acs350.org/,40.905857,-74.490693,True,1
183655,Atlantic Cape Community College,,atlantic-cape-community-college,Mays Landing,NJ,08330-2699,https://atlanticcape.edu/,39.462081,-74.680019,True,1
183725,Fortis Institute-Wayne,,fortis-institute-wayne,Wayne,NJ,07470,https://www.fortis.edu/,40.885499,-74.255794,True,3
183743,Bergen Community College,,bergen-community-college,Paramus,NJ,07652-1595,https://www.bergen.edu/,40.951782,-74.088804,True,1
183789,Berkeley College-Woodland Park,Berkeley College Woodland Park Campus | Berkeley College Woodbridge Campus | Berkeley College Newark Campus | Berkeley College Online,berkeley-college-woodland-park,Woodland Park,NJ,07424,https://berkeleycollege.edu/,40.898587,-74.189483,True,1
183804,Beth Medrash Govoha,,beth-medrash-govoha,Lakewood,NJ,08701-2754,https://bmg.edu/,40.095672,-74.221328,True,1
183822,Bloomfield College of Montclair State University,Bloomfield College of Montclair State University,bloomfield-college-of-montclair-state-university,Bloomfield,NJ,07003,https://www.bloomfield.edu/,40.795105,-74.194309,False,2
183859,Brookdale Community College,,brookdale-community-college,Lincroft,NJ,07738-1597,https://www.brookdalecc.edu/,40.324906,-74.132746,True,1
183877,Rowan College at Burlington County,RCBC,rowan-college-at-burlington-county,Mount Laurel,NJ,08054-1599,https://www.rcbc.edu/,39.972205,-74.894464,True,1
183910,Caldwell University,formerly Caldwell College,caldwell-university,Caldwell,NJ,07006-6195,https://www.caldwell.edu/,40.832753,-74.272571,True,1
183938,Camden County College,,camden-county-college,Blackwood,NJ,08012,https://www.camdencc.edu/,39.784874,-75.038381,True,1
183974,Centenary University,,centenary-university,Hackettstown,NJ,07840,https://www.centenaryuniversity.edu/,40.84764,-74.833644,True,1
183983,Adult and Continuing Education-BCTS,Bergen County Technical Schools,adult-and-continuing-education-bcts,Hackensack,NJ,07601-6637,https://www.bergen.org/site/Default.aspx?PageID=4343,40.900877,-74.035045,True,1
184056,Lincoln Technical Institute-Iselin,,lincoln-technical-institute-iselin,Iselin,NJ,08830,https://www.lincolntech.edu/campus/edison-nj,40.55934,-74.309058,True,5
184092,American Institute-Clifton,American Institute,american-institute-clifton,CLIFTON,NJ,07011,https://www.americaninstitute.edu/,40.873516,-74.130158,False,6
184180,County College of Morris,,county-college-of-morris,Randolph,NJ,07869-2086,https://www.ccm.edu/,40.859141,-74.579873,True,1
184205,Rowan College of South Jersey-Cumberland Campus,RCSJ - Cumberland Campus,rowan-college-of-south-jersey-cumberland-campus,Vineland,NJ,08362-1500,https://rcsj.edu/,39.440537,-75.057829,False,2
184348,Drew University,,drew-university,Madison,NJ,07940,https://www.drew.edu/,40.761829,-74.424584,True,1
184427,Lincoln Technical Institute-South Plainfield,,lincoln-technical-institute-south-plainfield,South Plainfield,NJ,07080-2424,https://www.lincolntech.edu/campus/south-plainfield-nj,40.551078,-74.420989,False,9
184481,Essex County College,Essex,essex-county-college,Newark,NJ,07102,https://www.essex.edu/,40.738444,-74.178234,True,1
184506,Empire Beauty School-Union,,empire-beauty-school-union,Union,NJ,07083,https://www.empire.edu/,40.684576,-74.238364,False,7
184603,Fairleigh Dickinson University-Metropolitan Campus,FDU,fairleigh-dickinson-university-metropolitan-campus,Teaneck,NJ,07666,https://www.fdu.edu/,40.897209,-74.028986,True,2
184612,Felician University,,felician-university,Lodi,NJ,07644,https://www.felician.edu/,40.867272,-74.096452,True,1
184694,Fairleigh Dickinson University-Florham Campus,FDU,fairleigh-dickinson-university-florham-campus,Madison,NJ,07940,https://www.fdu.edu/,40.774498,-74.432121,False,2
184746,Hohokus School of Trade and Technical Sciences,,hohokus-school-of-trade-and-technical-sciences,Paterson,NJ,07513,https://www.hohokus.edu/,40.909377,-74.152581,True,1
184773,Georgian Court University,,georgian-court-university,Lakewood,NJ,08701-2697,https://georgian.edu/,40.099617,-74.228186,True,1
184782,Rowan University,Rowan College of New Jersey   Glassboro State College,rowan-university,Glassboro,NJ,08028,https://www.rowan.edu/,39.709108,-75.119119,True,1
184791,Rowan College of South Jersey-Gloucester Campus,RCSJ - Gloucester Campus,rowan-college-of-south-jersey-gloucester-campus,Sewell,NJ,08080,https://rcsj.edu/,39.781339,-75.121269,True,2
184816,Empire Beauty School-Cherry Hill,,empire-beauty-school-cherry-hill,Cherry Hill,NJ,08002,https://www.empire.edu/,39.941469,-75.017823,False,8
184959,Eastwick College-Ramsey,,eastwick-college-ramsey,Ramsey,NJ,07446-2551,https://www.eastwickcollege.edu/,41.057866,-74.131486,True,1
184968,Holy Name Medical Center-Sister Claire Tynan School of Nursing,,holy-name-medical-center-sister-claire-tynan-school-of-nursing,Englewood Cliffs,NJ,07632,https://holyname.org/SchoolofNursing,40.874956,-73.948887,True,1
184995,Hudson County Community College,HCCC,hudson-county-community-college,Jersey City,NJ,07306,https://www.hccc.edu/,40.7303,-74.062903,True,1
185129,New Jersey City University,,new-jersey-city-university,Jersey City,NJ,07305,https://www.njcu.edu/,40.709937,-74.08727,True,1
185262,Kean University,Kean,kean-university,Union,NJ,07083,https://www.kean.edu/,40.677981,-74.233503,True,1
185396,Lincoln Technical Institute-Union,,lincoln-technical-institute-union,Union,NJ,07083,https://www.lincolntech.edu/campus/union-nj,40.706359,-74.274929,False,9
185466,Rizzieri Aveda School for Beauty and Wellness,,rizzieri-aveda-school-for-beauty-and-wellness,Voorhees,NJ,08043-1800,https://www.rizzierischools.com/,39.851767,-74.999788,True,1
185509,Mercer County Community College,,mercer-county-community-college,West Windsor,NJ,08550-3407,https://www.mccc.edu/,40.254398,-74.650719,True,1
185536,Middlesex College,,middlesex-college,Edison,NJ,08837,https://www.middlesexcollege.edu/,40.504728,-74.366544,True,1
185572,Monmouth University,,monmouth-university,West Long Branch,NJ,07764-1898,https://www.monmouth.edu/,40.280066,-74.006447,True,2
185590,Montclair State University,,montclair-state-university,Montclair,NJ,07043-1624,https://www.montclair.edu/,40.860414,-74.198141,True,2
185679,JFK Muhlenberg Harold B. and Dorothy A. Snyder Schools,,jfk-muhlenberg-harold-b-and-dorothy-a-snyder-schools,Plainfield,NJ,07060,https://www.jfkmuhlenbergschools.org/,40.605982,-74.404293,True,1
185721,Eastwick College-Nutley,RETS|Retts|Rets Institute|NEC|NEC Rets Campus|Rets Campus|Rets Electronics School|Eastwick Colleges|Eastwick Schools|Hohokus School|HoHoKus RETS|R.E.T.S.|National Education Center,eastwick-college-nutley,Nutley,NJ,07110,https://www.eastwickcollege.edu/,40.810742,-74.144192,True,1
185758,New Brunswick Theological Seminary,,new-brunswick-theological-seminary,New Brunswick,NJ,08901-1107,https://www.nbts.edu/,40.501314,-74.449368,True,1
185767,Robert Fiance Beauty Schools-West New York,,robert-fiance-beauty-schools-west-new-york,West New York,NJ,07093-4623,https://www.robertfiance.edu/,40.786079,-74.018286,True,1
185828,New Jersey Institute of Technology,NJIT,new-jersey-institute-of-technology,Newark,NJ,07102,https://www.njit.edu/,40.741997,-74.177113,True,1
185873,Ocean County College,OCC,ocean-county-college,Toms River,NJ,08754-2001,https://www.ocean.edu/,40.007809,-74.16549,True,1
185970,P B Cosmetology Education Center,,p-b-cosmetology-education-center,Gloucester,NJ,08030,https://pbbeautyschool.com/,39.898805,-75.126308,True,1
186016,Parisian Beauty School,Parisian Beauty Academy,parisian-beauty-school,Hackensack,NJ,07601-5509,https://paulmitchell.edu/hackensack,40.889745,-74.041163,True,1
186034,Passaic County Community College,PCCC,passaic-county-community-college,Paterson,NJ,07505-1179,https://web.pccc.edu/,40.918449,-74.168778,True,1
186052,Pennco Tech-Blackwood,,pennco-tech-blackwood,Blackwood,NJ,08012,https://www.penncotech.edu/,39.807941,-75.061659,True,1
186122,Princeton Theological Seminary,"Princeton Seminary, PTS",princeton-theological-seminary,Princeton,NJ,08542-0803,https://www.ptsem.edu/,40.345849,-74.66645,True,1
186131,Princeton University,,princeton-university,Princeton,NJ,08544-0070,https://www.princeton.edu/,40.348732,-74.659365,True,1
186186,Rabbinical College of America,,rabbinical-college-of-america,Morristown,NJ,07960-3600,https://www.rca.edu/,40.805705,-74.49878,True,1
186201,Ramapo College of New Jersey,,ramapo-college-of-new-jersey,Mahwah,NJ,07430-1680,https://www.ramapo.edu/,41.080942,-74.174086,True,1
186274,Robert Fiance Beauty Schools,,robert-fiance-beauty-schools,Boynton Beach,FL,33435,https://www.robertfiance.edu/,26.513629,-80.060233,True,1
186283,Rider University,,rider-university,Lawrenceville,NJ,08648-3099,https://www.rider.edu/,40.278796,-74.737833,True,1
186371,Rutgers University-Camden,"Rutgers, The State University of New Jersey; Rutgers, The State University; Rutgers University; Rutgers U; Rutgers; Rutgers-Camden; Rutgers, Camden; Rutgers Camden",rutgers-university-camden,Camden,NJ,08102,https://camden.rutgers.edu/,39.948064,-75.12224,False,3
186380,Rutgers University-New Brunswick,"Rutgers, The State University of New Jersey; Rutgers, The State University; Rutgers University; Rutgers U; Rutgers; Rutgers-New Brunswick; Rutgers, New Brunswick; Rutgers New Brunswick",rutgers-university-new-brunswick,New Brunswick,NJ,08901-1281,https://newbrunswick.rutgers.edu/,40.498769,-74.446251,True,3
186399,Rutgers University-Newark,"Rutgers, The State University of New Jersey; Rutgers, The State University; Rutgers University; Rutgers U; Rutgers; Rutgers-Newark; Rutgers, Newark; Rutgers Newark",rutgers-university-newark,Newark,NJ,07102,https://www.newark.rutgers.edu/,40.739122,-74.175809,False,3
186405,Capital Health School of Radiologic Technology,,capital-health-school-of-radiologic-technology,Trenton,NJ,08638-1986,https://www.capitalhealth.org/professionals/school-of-radiologic-technology,40.216592,-74.741869,False,2
186423,Capital Health School of Nursing,,capital-health-school-of-nursing,Trenton,NJ,08638-1986,https://www.capitalhealth.org/professionals/school-of-nursing,40.216523,-74.74186,True,2
186432,Saint Peter's University,"Saint Peter's, SPU",saint-peter-s-university,Jersey City,NJ,07306-5997,https://www.saintpeters.edu/,40.727105,-74.071541,True,1
186469,Salem Community College,Salem County College | SCC | Salem College,salem-community-college,Carneys Point,NJ,08069-2799,https://www.salemcc.edu/,39.698756,-75.47013,True,1
186584,Seton Hall University,,seton-hall-university,South Orange,NJ,07079-2697,https://www.shu.edu/,40.742336,-74.246027,True,1
186593,Shore Beauty School,Shore Beauty School,shore-beauty-school,Egg Harbor Township,NJ,08234,https://www.shorebeautyschool.edu/,39.433238,-74.613498,True,1
186618,Saint Elizabeth University,SEU,saint-elizabeth-university,Morristown,NJ,07960,https://www.steu.edu/,40.78182,-74.438221,True,1
186645,Raritan Valley Community College,RVCC,raritan-valley-community-college,Branchburg,NJ,08876,https://www.raritanval.edu/,40.609681,-74.688127,True,1
186867,Stevens Institute of Technology,Stevens,stevens-institute-of-technology,Hoboken,NJ,07030-5991,https://www.stevens.edu/,40.744776,-74.025334,True,1
186876,Stockton University,The Richard Stockton College of New Jersey,stockton-university,Galloway,NJ,08205-9441,https://www.stockton.edu/,39.492036,-74.531087,True,1
186900,Talmudical Academy-New Jersey,,talmudical-academy-new-jersey,Adelphia,NJ,07710,https://talmudicalacademynj.com/,40.217456,-74.250167,True,1
187000,Aviation Institute of Maintenance-Teterboro,,aviation-institute-of-maintenance-teterboro,Hasbrouck Heights,NJ,07604,https://aviationmaintenance.edu/campuses/teterboro-nj,40.864741,-74.065599,True,1
187046,Thomas Edison State University,"TESU, Thomas Edison State University, (old name:Thomas Edison State College), (old abbreviation:TESC)",thomas-edison-state-university,Trenton,NJ,08608,https://www.tesu.edu/,40.220487,-74.768562,True,1
187134,The College of New Jersey,TCNJ,the-college-of-new-jersey,Ewing,NJ,08628-7718,https://www.tcnj.edu/,40.268651,-74.778791,True,1
187198,UCNJ Union College of Union County New Jersey,UCNJ,ucnj-union-college-of-union-county-new-jersey,Cranford,NJ,07016-1528,https://www.ucc.edu/,40.668595,-74.319138,True,1
187444,William Paterson University of New Jersey,,william-paterson-university-of-new-jersey,Wayne,NJ,07470,https://www.wpunj.edu/,40.945255,-74.200248,True,1
187532,Central New Mexico Community College,CNM,central-new-mexico-community-college,Albuquerque,NM,87106,https://www.cnm.edu/,35.071878,-106.628861,True,1
187596,Navajo Technical University,Navajo Tech,navajo-technical-university,Crownpoint,NM,87313-0849,https://www.navajotech.edu/,35.687431,-108.149392,True,1
187620,New Mexico State University-Dona Ana,NMSU-Dona Ana,new-mexico-state-university-dona-ana,Las Cruces,NM,88011,https://dacc.nmsu.edu/,32.354486,-106.737172,False,4
187639,Clovis Community College,,clovis-community-college,Clovis,NM,88101-8381,https://www.clovis.edu/,34.402483,-103.165886,True,1
187648,Eastern New Mexico University-Main Campus,ENMU-Portales,eastern-new-mexico-university-main-campus,Portales,NM,88130,https://www.enmu.edu/,34.175592,-103.34819,True,3
187666,Eastern New Mexico University-Roswell Campus,,eastern-new-mexico-university-roswell-campus,Roswell,NM,88203-6000,https://www.roswell.enmu.edu/,33.313167,-104.525718,False,3
187745,Institute of American Indian and Alaska Native Culture and Arts Development,Institute of American Indian Arts,institute-of-american-indian-and-alaska-native-culture-and-arts-development,Santa Fe,NM,87508-1300,https://iaia.edu/,35.586563,-106.010015,True,1
187897,New Mexico Highlands University,,new-mexico-highlands-university,Las Vegas,NM,87701,https://www.nmhu.edu/,35.596233,-105.219197,True,1
187903,New Mexico Junior College,,new-mexico-junior-college,Hobbs,NM,88240,https://www.nmjc.edu/,32.757808,-103.182896,True,1
187912,New Mexico Military Institute,NMMI,new-mexico-military-institute,Roswell,NM,88201-5173,https://www.nmmi.edu/,33.409617,-104.524448,True,1
187958,University of New Mexico-Gallup Campus,UNM-Gallup,university-of-new-mexico-gallup-campus,Gallup,NM,87301,https://www.gallup.unm.edu/,35.502662,-108.727252,False,5
187967,New Mexico Institute of Mining and Technology,New Mexico Tech,new-mexico-institute-of-mining-and-technology,Socorro,NM,87801,https://www.nmt.edu/,34.067041,-106.905211,True,1
187976,University of New Mexico-Los Alamos Campus,UNM - Los Alamos,university-of-new-mexico-los-alamos-campus,Los Alamos,NM,87544,https://losalamos.unm.edu/,35.886153,-106.319557,False,5
187985,University of New Mexico-Main Campus,UNM,university-of-new-mexico-main-campus,Albuquerque,NM,87131,https://www.unm.edu/,35.083868,-106.620155,True,5
187994,New Mexico State University-Alamogordo,NMSU-Alamogordo,new-mexico-state-university-alamogordo,Alamogordo,NM,88310,https://alamogordo.nmsu.edu/,32.92033,-105.926241,False,4
188003,Southeast New Mexico College,SENMC,southeast-new-mexico-college,Carlsbad,NM,88220,https://senmc.edu/,32.442028,-104.265536,True,1
188021,New Mexico State University-Grants,NMSU-Grants,new-mexico-state-university-grants,Grants,NM,87020-2025,https://grants.nmsu.edu/,35.165965,-107.843638,False,4
188030,New Mexico State University-Main Campus,NMSU,new-mexico-state-university-main-campus,Las Cruces,NM,88003-8001,https://www.nmsu.edu/,32.281568,-106.752069,True,4
188049,University of New Mexico-Valencia County Campus,UNM - Valencia,university-of-new-mexico-valencia-county-campus,Los Lunas,NM,87031-7633,https://valencia.unm.edu/,34.728683,-106.705371,False,5
188058,Northern New Mexico College,,northern-new-mexico-college,Espanola,NM,87532,https://nnmc.edu/,36.004073,-106.084395,True,1
188100,San Juan College,SJC | San Juan Community College | SJCC,san-juan-college,Farmington,NM,87402-4699,https://www.sanjuancollege.edu/,36.770446,-108.169468,True,1
188137,Santa Fe Community College,SFCC,santa-fe-community-college,Santa Fe,NM,87508-4887,https://www.sfcc.edu/,35.605871,-105.998054,True,1
188182,University of the Southwest,USW,university-of-the-southwest,Hobbs,NM,88240,https://www.usw.edu/,32.775496,-103.186948,True,1
188207,Southwestern College,,southwestern-college-3,Santa Fe,NM,87507-9196,https://www.swc.edu/,35.636241,-106.052585,True,1
188216,Southwestern Indian Polytechnic Institute,SIPI; S.I.P.I.,southwestern-indian-polytechnic-institute,Albuquerque,NM,87120-3101,https://www.sipi.edu/,35.176084,-106.664475,True,1
188225,University of New Mexico-Taos Campus,UNM - Taos,university-of-new-mexico-taos-campus,Ranchos de Taos,NM,87557,https://taos.unm.edu/,36.348861,-105.651709,False,5
188261,Mesalands Community College,,mesalands-community-college,Tucumcari,NM,88401-3352,https://www.mesalands.edu/,35.170332,-103.736303,True,1
188289,Vogue College of Cosmetology-Santa Fe,,vogue-college-of-cosmetology-santa-fe,Santa Fe,NM,87505,https://vogue.edu/,35.659082,-105.981816,True,1
188304,Western New Mexico University,,western-new-mexico-university,Silver City,NM,88061,https://wnmu.edu/,32.7767,-108.283284,True,1
188340,Vaughn College of Aeronautics and Technology,,vaughn-college-of-aeronautics-and-technology,Flushing,NY,11369,https://www.vaughn.edu/,40.768348,-73.881721,True,1
188429,Adelphi University,,adelphi-university,Garden City,NY,11530-0701,https://www.adelphi.edu/,40.721439,-73.653321,True,1
188438,SUNY Adirondack,SUNY Adirondack,suny-adirondack,Queensbury,NY,12804-1445,https://www.sunyacc.edu/,43.351839,-73.654813,True,1
188517,Bryant & Stratton College-Albany,,bryant-stratton-college-albany,Albany,NY,12205,https://www.bryantstratton.edu/,42.698125,-73.809977,False,16
188526,Albany College of Pharmacy and Health Sciences,,albany-college-of-pharmacy-and-health-sciences,Albany,NY,12208-3492,https://www.acphs.edu/,42.650371,-73.779063,True,1
188535,Albany Law School,,albany-law-school,Albany,NY,12208,https://www.albanylaw.edu/,42.651818,-73.777495,True,1
188580,Albany Medical College,,albany-medical-college,Albany,NY,12208-3479,https://www.amc.edu/,42.65382,-73.777289,True,1
188641,Alfred University,,alfred-university,Alfred,NY,14802-1205,https://www.alfred.edu/,42.254476,-77.788106,True,1
188650,Allen School-Brooklyn,Allen School of Health Sciences - Brooklyn,allen-school-brooklyn,Brooklyn,NY,11201,https://www.allenschool.edu/,40.693797,-73.991546,False,3
188669,The Ailey School,,the-ailey-school,New York,NY,10019-4402,https://ailey.org/training,40.766921,-73.986891,True,1
188678,American Academy of Dramatic Arts-New York,,american-academy-of-dramatic-arts-new-york,New York,NY,10016,https://www.aada.edu/,40.745545,-73.984843,True,1
188687,American Academy McAllister Institute of Funeral Service,AAMI,american-academy-mcallister-institute-of-funeral-service,New York,NY,10036,https://www.funeraleducation.org/,40.757105,-73.986466,True,1
188854,American Musical and Dramatic Academy,,american-musical-and-dramatic-academy,New York,NY,10023,https://www.amda.edu/,40.772275,-73.987549,True,1
188890,Apex Technical School,,apex-technical-school,Long Island City,NY,11101,https://www.apexschool.com/,40.748807,-73.949306,True,1
188915,Arnot Ogden Medical Center,,arnot-ogden-medical-center,Elmira,NY,14905-1676,https://www.arnothealth.org/,42.101171,-76.828062,True,1
188942,Associated Beth Rivkah Schools,,associated-beth-rivkah-schools,Brooklyn,NY,11225-0000,https://www.bethrivkah.edu/dhl,40.666034,-73.949796,True,1
189015,Bank Street College of Education,,bank-street-college-of-education,New York,NY,10025,https://www.bankstreet.edu/,40.805604,-73.966643,True,1
189088,Bard College,,bard-college,Annandale-On-Hudson,NY,12504-5000,https://www.bard.edu/,42.020386,-73.909927,True,15
189097,Barnard College,Barnard,barnard-college,New York,NY,10027-6598,https://www.barnard.edu/,40.810098,-73.963346,True,1
189219,Berk Trade and Business School,Berk Trade School,berk-trade-and-business-school,Long Island City,NY,11101-8120,https://www.berktradeschool.com/,40.745021,-73.930982,True,1
189228,Berkeley College-New York,Berkeley College NYC Campus | Berkeley College New York City Campus | Berkeley College | Berkeley College Online,berkeley-college-new-york,New York,NY,10017,https://berkeleycollege.edu/,40.753986,-73.979458,True,1
189255,Berkowits School of Electrolysis,,berkowits-school-of-electrolysis,Forest Hills,NY,11375-6820,https://estheticsschoolny.com/,40.709736,-73.845213,True,1
189273,Beth Hamedrash Shaarei Yosher Institute,,beth-hamedrash-shaarei-yosher-institute,Brooklyn,NY,11204,https://bhsy.edu/,40.635444,-73.981202,True,1
189282,Mount Sinai Phillips School of Nursing,,mount-sinai-phillips-school-of-nursing,New York,NY,10035-6354,https://www.pson.edu/,40.804778,-73.936639,True,1
189404,Brittany Beauty Academy,,brittany-beauty-academy,Brooklyn,NY,11209,https://brittanyacademy.edu/,40.62318,-74.028581,True,1
189413,Boricua College,,boricua-college,New York,NY,10032-1560,https://www.boricuacollege.edu/,40.833434,-73.9458,True,1
189468,Brittany Beauty Academy,,brittany-beauty-academy-2,Levittown,NY,11756-1345,https://brittanyacademy.edu/,40.72479,-73.516164,True,2
189477,American Beauty School,,american-beauty-school,Bronx,NY,10462,https://www.americanbeautyschool.edu/,40.835331,-73.860639,True,1
189501,Brooklyn Law School,,brooklyn-law-school,Brooklyn,NY,11201,https://www.brooklaw.edu/,40.691836,-73.989623,True,1
189547,SUNY Broome Community College,,suny-broome-community-college,Binghamton,NY,13901-1001,https://www.sunybroome.edu/,42.135872,-75.908065,True,1
189565,Bryant & Stratton College-Syracuse North,,bryant-stratton-college-syracuse-north,Liverpool,NY,13090,https://www.bryantstratton.edu/,43.149337,-76.230807,False,16
189583,Bryant & Stratton College-Buffalo,,bryant-stratton-college-buffalo,Buffalo,NY,14203,https://www.bryantstratton.edu/,42.887197,-78.869108,True,16
189592,Bryant & Stratton College-Greece,,bryant-stratton-college-greece,Rochester,NY,14612,https://www.bryantstratton.edu/,43.240547,-77.69559,False,16
189705,Canisius University,Canisius,canisius-university,Buffalo,NY,14208-1098,https://www.canisius.edu/,42.925206,-78.852577,True,1
189714,Capri Cosmetology Learning Centers,,capri-cosmetology-learning-centers,Nanuet,NY,10954,https://caprinow.edu/,41.09909,-74.022421,True,1
189811,St Paul's School of Nursing-Queens,SVCMCNY SCHOOL OF NURSING B & Q,st-paul-s-school-of-nursing-queens,Rego Park,NY,11374,https://www.stpaulsschoolofnursing.edu/,40.72921,-73.858441,True,1
189839,Cayuga County Community College,Cayuga Community College,cayuga-county-community-college,Auburn,NY,13021-3099,https://www.cayuga-cc.edu/,42.943726,-76.542867,True,1
189857,Central Yeshiva Tomchei Tmimim Lubavitz,,central-yeshiva-tomchei-tmimim-lubavitz,Brooklyn,NY,11213-2798,https://cyttl.edu/,40.669694,-73.938778,True,1
189990,Christine Valmy International School for Esthetics Skin Care & Makeup,Christine Valmy International School,christine-valmy-international-school-for-esthetics-skin-care-makeup,New York,NY,10036,https://www.christinevalmy.com/,40.757105,-73.986466,True,1
190008,Circle in the Square Theatre School,,circle-in-the-square-theatre-school,New York,NY,10019-6795,https://www.circlesquare.org/,40.762059,-73.984607,True,1
190044,Clarkson University,,clarkson-university,Potsdam,NY,13699,https://www.clarkson.edu/,44.662716,-74.999359,True,2
190053,Clinton Community College,,clinton-community-college,Plattsburgh,NY,12901,https://www.clinton.edu/,44.64841,-73.439739,True,1
190071,Cochran School of Nursing,,cochran-school-of-nursing,Yonkers,NY,10701,https://www.cochranschoolofnursing.us/,40.969116,-73.885705,True,1
190080,Colgate Rochester Crozer Divinity School,,colgate-rochester-crozer-divinity-school,Rochester,NY,14604,https://www.crcds.edu/,43.159775,-77.584292,True,1
190099,Colgate University,,colgate-university,Hamilton,NY,13346-1398,https://www.colgate.edu/,42.819475,-75.536346,True,1
190114,Metropolitan College of New York,MCNY,metropolitan-college-of-new-york,New York,NY,10006-1742,https://www.mcny.edu/,40.708706,-74.014702,True,1
190150,Columbia University in the City of New York,Columbia University,columbia-university-in-the-city-of-new-york,New York,NY,10027,https://www.columbia.edu/,40.808286,-73.961885,True,1
190169,Columbia-Greene Community College,,columbia-greene-community-college,Hudson,NY,12534,https://www.columbiagreene.edu/,42.217613,-73.818113,True,1
190239,Empire Beauty School-Queens,Empire Beauty School |Learning Institute for Beauty Sciences-Queens,empire-beauty-school-queens,Astoria,NY,11103,https://www.empire.edu/,40.759259,-73.919033,True,8
190318,Continental School of Beauty Culture-Rochester,,continental-school-of-beauty-culture-rochester,Rochester,NY,14623,https://continentalschoolofbeauty.edu/,43.086397,-77.626383,True,2
190372,The Cooper Union for the Advancement of Science and Art,The Cooper Union,the-cooper-union-for-the-advancement-of-science-and-art,New York,NY,10003-7120,https://www.cooper.edu/,40.728148,-73.991609,True,1
190415,Cornell University,,cornell-university,Ithaca,NY,14853,https://www.cornell.edu/,42.4472,-76.483084,True,2
190424,Weill Medical College of Cornell University,"Weill Cornell Medical College, Joan and Sanford I. Weill Medical College of Cornell University, Weill Medical College, Cornell Medical College, Cornell Medical Campus",weill-medical-college-of-cornell-university,New York,NY,10065,https://weill.cornell.edu/,40.764738,-73.954839,False,2
190442,SUNY Corning Community College,,suny-corning-community-college,Corning,NY,14830,https://www.corning-cc.edu/,42.116736,-77.072138,True,1
190451,Pomeroy College of Nursing at Crouse Hospital,Pomeroy College of Nursing,pomeroy-college-of-nursing-at-crouse-hospital,East Syracuse,NY,13057-1687,https://www.crouse.org/nursing,43.101054,-76.056002,True,1
190503,Culinary Institute of America,"The Culinary Institute of America, CIA, The Culinary Institute of America at Greystone, The Culinary Institute of America at San Antonio",culinary-institute-of-america,Hyde Park,NY,12538-1499,https://www.ciachef.edu/,41.745806,-73.933231,True,3
190512,CUNY Bernard M Baruch College,Baruch | Baruch College,cuny-bernard-m-baruch-college,New York,NY,10010,https://www.baruch.cuny.edu/,40.740238,-73.983417,True,1
190521,CUNY Borough of Manhattan Community College,BMCC | Borough of Manhattan CC | Borough of Manhattan Community College,cuny-borough-of-manhattan-community-college,New York,NY,10007,https://www.bmcc.cuny.edu/,40.71879,-74.011826,True,1
190530,CUNY Bronx Community College,BCC | Bronx CC | Bronx Community College,cuny-bronx-community-college,Bronx,NY,10453,https://www.bcc.cuny.edu/,40.858112,-73.912043,True,1
190549,CUNY Brooklyn College,Brooklyn | Brooklyn College,cuny-brooklyn-college,Brooklyn,NY,11210,https://www.brooklyn.edu/,40.631517,-73.949898,True,2
190558,College of Staten Island CUNY,Staten Island | CSI | College of Staten Island,college-of-staten-island-cuny,Staten Island,NY,10314,https://www.csi.cuny.edu/,40.601831,-74.14849,True,1
190567,CUNY City College,City | City College | CCNY | City College of New York,cuny-city-college,New York,NY,10031,https://www.ccny.cuny.edu/,40.819846,-73.948542,True,1
190576,CUNY Graduate School and University Center,The Graduate Center | CUNY Graduate Center | The Graduate Center of the City University of New York,cuny-graduate-school-and-university-center,New York,NY,10016,https://www.gc.cuny.edu/,40.748612,-73.983822,True,1
190585,CUNY Hostos Community College,Hostos | Hostos CC | Hostos Community College,cuny-hostos-community-college,Bronx,NY,10451,https://www.hostos.cuny.edu/,40.81812,-73.926759,True,1
190594,CUNY Hunter College,Hunter | Hunter College,cuny-hunter-college,New York,NY,10065,https://www.hunter.cuny.edu/,40.768669,-73.964795,True,1
190600,CUNY John Jay College of Criminal Justice,John Jay | John Jay College of Criminal Justice,cuny-john-jay-college-of-criminal-justice,New York,NY,10019,https://www.jjay.cuny.edu/,40.770351,-73.98841,True,1
190619,CUNY Kingsborough Community College,KCC | KBCC | Kingsborough CC | Kingsborough Community College,cuny-kingsborough-community-college,Brooklyn,NY,11235,https://www.kbcc.cuny.edu/,40.577222,-73.935812,True,1
190628,CUNY LaGuardia Community College,LaGuardia | LaGuardia CC | LaGuardia Community College,cuny-laguardia-community-college,Long Island City,NY,11101,https://www.lagcc.cuny.edu/,40.7445,-73.935057,True,1
190637,CUNY Lehman College,Lehman | Lehman College,cuny-lehman-college,Bronx,NY,10468,https://www.lehman.edu/,40.872962,-73.895379,True,1
190646,CUNY Medgar Evers College,Medgar | MEC | Medgar Evers | Medgar Evers College,cuny-medgar-evers-college,Brooklyn,NY,11225,https://www.mec.cuny.edu/,40.666256,-73.957076,True,1
190655,CUNY New York City College of Technology,City Tech | New York City College of Technology,cuny-new-york-city-college-of-technology,Brooklyn,NY,11201,https://www.citytech.cuny.edu/,40.695483,-73.987856,True,1
190664,CUNY Queens College,Queens | Queens College,cuny-queens-college,Queens,NY,11367,https://www.qc.cuny.edu/,40.736416,-73.820053,True,1
190673,CUNY Queensborough Community College,QCC | Queensborough CC | Queensborough Community College,cuny-queensborough-community-college,Bayside,NY,11364-1497,https://www.qcc.cuny.edu/,40.755481,-73.756656,True,1
190682,CUNY School of Law,CUNY Law,cuny-school-of-law,Long Island City,NY,11101,https://www.law.cuny.edu/,40.747797,-73.943621,True,1
190691,CUNY York College,York | York College,cuny-york-college,Jamaica,NY,11451,https://www.york.cuny.edu/,40.701576,-73.796313,True,1
190707,CVPH Medical Center School of Radiologic Technology,,cvph-medical-center-school-of-radiologic-technology,Plattsburgh,NY,12901-1438,https://www.cvph.org/Residency-and-Education/School-of-Radiology/,44.699929,-73.469597,True,1
190716,D'Youville  University,,d-youville-university,Buffalo,NY,14201-1084,https://www.dyu.edu/,42.902636,-78.890868,True,1
190725,Daemen University,,daemen-university,Amherst,NY,14226-3592,https://www.daemen.edu/,42.965605,-78.788111,True,1
190752,Yeshiva of Far Rockaway Derech Ayson Rabbinical Seminary,,yeshiva-of-far-rockaway-derech-ayson-rabbinical-seminary,Far Rockaway,NY,11691-5219,https://www.yofr.org/,40.60049,-73.743901,True,1
190761,Dominican University New York,Dominican University New York,dominican-university-new-york,Orangeburg,NY,10962-1210,https://www.duny.edu/,41.047419,-73.950555,True,1
190840,Dutchess Community College,DCC|Dutchess,dutchess-community-college,Poughkeepsie,NY,12601-1595,https://www.sunydutchess.edu/,41.724245,-73.904652,True,1
190956,Belanger School of Nursing,,belanger-school-of-nursing,Schenectady,NY,12304,https://www.ellismedicine.org/school-of-nursing/,42.802979,-73.915884,True,1
190983,Elmira College,EC,elmira-college,Elmira,NY,14901,https://www.elmira.edu/,42.0961,-76.813459,True,1
191083,Erie Community College,,erie-community-college,Buffalo,NY,14203-2698,https://www.ecc.edu/,42.881771,-78.872679,True,1
191126,Fashion Institute of Technology,FIT,fashion-institute-of-technology,New York,NY,10001-5992,https://www.fitnyc.edu/,40.74731,-73.994781,True,1
191199,Finger Lakes Community College,,finger-lakes-community-college,Canandaigua,NY,14424-8395,https://www.flcc.edu/,42.867556,-77.241801,True,2
191205,Five Towns College,,five-towns-college,Dix Hills,NY,11746-5871,https://www.ftc.edu/,40.794506,-73.369348,True,1
191241,Fordham University,,fordham-university,Bronx,NY,10458,https://www.fordham.edu/,40.859354,-73.882705,True,1
191302,Fulton-Montgomery Community College,FMCC,fulton-montgomery-community-college,Johnstown,NY,12095-3790,https://www.fmcc.edu/,42.983805,-74.297492,True,1
191311,Gemological Institute of America-New York,GIA,gemological-institute-of-america-new-york,New York,NY,10036,https://www.gia.edu/gem-education,40.757267,-73.980813,False,2
191339,Genesee Community College,GCC,genesee-community-college,Batavia,NY,14020-9704,https://www.genesee.edu/,43.017016,-78.138079,True,1
191515,Hamilton College,,hamilton-college,Clinton,NY,13323,https://www.hamilton.edu/,43.050245,-75.408195,True,1
191533,Hartwick College,,hartwick-college,Oneonta,NY,13820-4020,https://www.hartwick.edu/,42.457599,-75.071994,True,1
191597,Helene Fuld College of Nursing,HFCN,helene-fuld-college-of-nursing,New York,NY,10035-2737,https://www.helenefuld.edu/,40.802495,-73.943356,True,1
191612,Herkimer County Community College,Herkimer College,herkimer-county-community-college,Herkimer,NY,13350-1598,https://www.herkimer.edu/,43.032738,-75.007206,True,1
191621,Hilbert College,Hilbert,hilbert-college,Hamburg,NY,14075-1597,https://www.hilbert.edu/,42.75464,-78.820257,True,1
191630,Hobart William Smith Colleges,HWS,hobart-william-smith-colleges,Geneva,NY,14456,https://www.hws.edu/,42.858131,-76.985516,True,1
191649,Hofstra University,,hofstra-university,Hempstead,NY,11549,https://www.hofstra.edu/,40.715959,-73.60078,True,1
191676,Houghton University,Houghton University,houghton-university,Houghton,NY,14744,https://www.houghton.edu/,42.426137,-78.155426,True,1
191719,Hudson Valley Community College,,hudson-valley-community-college,Troy,NY,12180,https://www.hvcc.edu/,42.696509,-73.683734,True,1
191728,Hunter Business School,,hunter-business-school,Levittown,NY,11756-1375,https://hunterbusinessschool.edu/,40.728029,-73.501125,True,1
191931,Iona University,,iona-university,New Rochelle,NY,10801-1890,https://www.iona.edu/,40.925725,-73.788046,True,1
191940,Isabella Graham Hart School of Practical Nursing,IGH,isabella-graham-hart-school-of-practical-nursing,Rochester,NY,14622,https://www.rgcohc.edu/,43.198008,-77.572061,True,1
191968,Ithaca College,,ithaca-college,Ithaca,NY,14850-7002,https://www.ithaca.edu/,42.422154,-76.494136,True,1
191986,Jamestown Community College,,jamestown-community-college,Jamestown,NY,14701,https://www.sunyjcc.edu/,42.1146,-79.218967,True,1
192022,Jefferson Community College,,jefferson-community-college,Watertown,NY,13601-1897,https://www.sunyjefferson.edu/,43.992827,-75.935051,True,1
192040,Jewish Theological Seminary of America,,jewish-theological-seminary-of-america,New York,NY,10027-4649,https://www.jtsa.edu/,40.811892,-73.960582,True,1
192110,The Juilliard School,Juilliard,the-juilliard-school,New York,NY,10023-6588,https://www.juilliard.edu/,40.773725,-73.982913,True,1
192165,Kehilath Yakov Rabbinical Seminary,,kehilath-yakov-rabbinical-seminary,Ossining,NY,10562,https://kehilathyakov.com/,41.220521,-73.814887,True,1
192192,Keuka College,,keuka-college,Keuka Park,NY,14478,https://www.keuka.edu/,42.615253,-77.090562,True,1
192271,LIM College,LIM|LIM College,lim-college,New York,NY,10017-0000,https://www.limcollege.edu/,40.754991,-73.979413,True,1
192323,Le Moyne College,,le-moyne-college,Syracuse,NY,13214-1301,https://www.lemoyne.edu/,43.049192,-76.090435,True,1
192448,Long Island University,LIU Post,long-island-university,Brookville,NY,11548-1327,https://www.liu.edu/,40.820714,-73.593678,True,1
192484,Long Island Beauty School-Hempstead,,long-island-beauty-school-hempstead,Hempstead,NY,11550,https://www.libs.edu/,40.707701,-73.629666,True,1
192624,Machzikei Hadath Rabbinical College,,machzikei-hadath-rabbinical-college,Brooklyn,NY,11204-1805,https://mhrc.edu/,40.627937,-73.988378,True,1
192688,Mandl School-The College of Allied Health,Mandl School - The College of Allied Health,mandl-school-the-college-of-allied-health,New York,NY,10019-5516,https://www.mandl.edu/,40.764404,-73.983786,True,1
192703,Manhattan University,,manhattan-university,Riverdale,NY,10471-4098,https://www.manhattan.edu/,40.889756,-73.901893,True,1
192712,Manhattan School of Music,,manhattan-school-of-music,New York,NY,10027,https://www.msmnyc.edu/,40.812312,-73.961334,True,1
192749,Manhattanville University,,manhattanville-university,Purchase,NY,10577,https://www.mville.edu/,41.032187,-73.715645,True,1
192785,Maria College of Albany,,maria-college-of-albany,Albany,NY,12208,https://www.mariacollege.edu/,42.657789,-73.806287,True,1
192800,Marion S Whelan School of Nursing of Geneva General Hospital,MSWSPN  Geneva School of Practical Nursing,marion-s-whelan-school-of-nursing-of-geneva-general-hospital,Geneva,NY,14456-1651,https://www.mswspn.com/,42.876429,-76.987844,True,1
192819,Marist University,,marist-university,Poughkeepsie,NY,12601,https://www.marist.edu/,41.720937,-73.935484,True,1
192864,Marymount Manhattan College,MMC,marymount-manhattan-college,New York,NY,10021-4597,https://www.mmm.edu/,40.768787,-73.959767,True,1
192961,St. Peter's Hospital College of Nursing,Albany Memorial Hospital School of Nursing/Memorial School of Nursing,st-peter-s-hospital-college-of-nursing,Albany,NY,12208,https://www.sphp.com/careers/schools-of-nursing/,42.658346,-73.807616,True,1
193016,Mercy University,Mercy,mercy-university,Dobbs Ferry,NY,10522,https://www.mercy.edu/,41.021626,-73.874447,True,1
193052,Mesivta Torah Vodaath Rabbinical Seminary,,mesivta-torah-vodaath-rabbinical-seminary,Brooklyn,NY,11218,https://independentrabbinicalcolleges.org/index.html,40.6382,-73.969395,True,1
193061,Mesivta of Eastern Parkway-Yeshiva Zichron Meilech,,mesivta-of-eastern-parkway-yeshiva-zichron-meilech,Brooklyn,NY,11218-5559,https://mesivtaofeasternparkway.com/,40.635236,-73.979327,True,1
193070,Mesivtha Tifereth Jerusalem of America,,mesivtha-tifereth-jerusalem-of-america,New York,NY,10002-6301,https://mtj.edu/,40.713812,-73.991271,True,1
193201,Mildred Elley School-Albany Campus,,mildred-elley-school-albany-campus,Albany,NY,12206-1513,https://www.mildred-elley.edu/,42.680833,-73.788615,True,2
193247,Mirrer Yeshiva Cent Institute,,mirrer-yeshiva-cent-institute,Brooklyn,NY,11223-2010,https://www.mirreryeshiva.co/,40.605043,-73.966049,True,1
193265,Modern Welding School,,modern-welding-school,Schenectady,NY,12304,https://www.modernwelding.com/,42.779193,-73.903157,True,1
193283,Mohawk Valley Community College,MVCC,mohawk-valley-community-college,Utica,NY,13501-5394,https://www.mvcc.edu/,43.076765,-75.219367,True,1
193292,Molloy University,,molloy-university,Rockville Centre,NY,11571-5002,https://www.molloy.edu/,40.685941,-73.626183,True,1
193308,Monroe University,,monroe-university,Bronx,NY,10468,https://www.monroecollege.edu/,40.864459,-73.900215,True,1
193326,Monroe Community College,,monroe-community-college,Rochester,NY,14623,https://www.monroecc.edu/,43.101036,-77.610136,True,1
193353,Mount Saint Mary College,The Mount/Mount Saint Mary College,mount-saint-mary-college,Newburgh,NY,12550,https://www.msmc.edu/,41.513872,-74.012655,True,1
193380,Montefiore School of Nursing,Montefiore New Rochelle Hospital d/b/a Montefiore School of Nursing,montefiore-school-of-nursing,Mount Vernon,NY,10550-2009,https://montefiorenewrochelle.org/school-of-nursing,40.912133,-73.840582,True,1
193399,University of Mount Saint Vincent,UMSV,university-of-mount-saint-vincent,Bronx,NY,10471-1093,https://www.mountsaintvincent.edu/,40.913657,-73.908887,True,1
193405,Icahn School of Medicine at Mount Sinai,,icahn-school-of-medicine-at-mount-sinai,New York,NY,10029-6574,https://icahn.mssm.edu/,40.790359,-73.952414,True,1
193478,Nassau Community College,,nassau-community-college,Garden City,NY,11530-6793,https://www.ncc.edu/,40.728872,-73.595286,True,1
193584,Nazareth University,,nazareth-university,Rochester,NY,14618-3790,https://www2.naz.edu/,43.101576,-77.518579,True,1
193609,Neighborhood Playhouse School of the Theater,Neighborhood Playhouse School,neighborhood-playhouse-school-of-the-theater,New York City,NY,10022-5017,https://www.neighborhoodplayhouse.org/,40.756613,-73.965332,True,1
193654,The New School,New School University; Parsons The New School for Design; New School for Social Research; Eugene Lang College; Mannes College; The New School for Drama; The New School for Jazz and Contemporary Music; The New School for Public Engagement,the-new-school,New York,NY,10011,https://www.newschool.edu/,40.735508,-73.997114,True,1
193751,Northeast College of Health Sciences,,northeast-college-of-health-sciences,Seneca Falls,NY,13148-0800,https://www.northeastcollege.edu/,42.91173,-76.756232,True,1
193821,New York Law School,NYLS,new-york-law-school,New York,NY,10013-2921,https://www.nyls.edu/,40.717998,-74.006969,True,1
193830,New York Medical College,,new-york-medical-college,Valhalla,NY,10595,https://www.nymc.edu/,41.085031,-73.810042,True,1
193858,New York School for Medical and Dental Assistants,,new-york-school-for-medical-and-dental-assistants,Long Island City,NY,11101,https://nysmda.com/,40.744291,-73.931391,True,2
193900,New York University,,new-york-university,New York,NY,10012-1091,https://www.nyu.edu/,40.729452,-73.997264,True,1
193946,Niagara County Community College,,niagara-county-community-college,Sanborn,NY,14132,https://sunyniagara.edu/,43.147701,-78.87579,True,1
193973,Niagara University,,niagara-university,Niagara University,NY,14109,https://www.niagara.edu/,43.137279,-79.036689,True,1
193991,Empire Beauty School-Peekskill,"Northern Westchester School of Hair Dressing and Cosmetology, Inc.",empire-beauty-school-peekskill,Peekskill,NY,10566,https://www.empire.edu/,41.291484,-73.918806,True,1
194028,North Country Community College,,north-country-community-college,Saranac Lake,NY,12983-0089,https://www.nccc.edu/,44.318645,-74.119981,True,1
194073,New York College of Podiatric Medicine,New York College of Podiatry; M.J. Lewi College of Podiatry; New York College of Podiatric Medicine,new-york-college-of-podiatric-medicine,New York,NY,10035-1940,https://www.nycpm.edu/,40.805037,-73.940496,True,1
194091,New York Institute of Technology,New York Tech,new-york-institute-of-technology,Old Westbury,NY,11568-8000,https://www.nyit.edu/,40.812447,-73.6078,True,1
194116,New York School of Interior Design,"NYSID, NY School of Interior Design",new-york-school-of-interior-design,New York,NY,10021,https://www.nysid.edu/,40.768615,-73.962404,True,1
194189,Ohr Hameir Theological Seminary,,ohr-hameir-theological-seminary,Peekskill,NY,10566,https://ohrhameir.com/,41.268725,-73.889793,True,1
194222,Onondaga Community College,OCC,onondaga-community-college,Syracuse,NY,13215-4585,https://www.sunyocc.edu/,43.006329,-76.197878,True,1
194240,Orange County Community College,SUNY Orange,orange-county-community-college,Middletown,NY,10940,https://sunyorange.edu/,41.438629,-74.426028,True,1
194259,Otsego Area BOCES-Practical Nursing Program,OASPN,otsego-area-boces-practical-nursing-program,Oneonta,NY,13820-1142,https://www.oncboces.org/,42.459471,-75.064864,True,1
194310,Pace University,Pace University,pace-university,New York,NY,10038-1598,https://www.pace.edu/,40.711014,-74.004719,True,1
194392,Paul Smiths College of Arts and Science,Paul Smith's College,paul-smiths-college-of-arts-and-science,Paul Smiths,NY,12970-0265,https://www.paulsmiths.edu/,44.433965,-74.252675,True,1
194435,Continental School of Beauty Culture-West Seneca,,continental-school-of-beauty-culture-west-seneca,West Seneca,NY,14224,https://continentalschoolofbeauty.edu/,42.828416,-78.754584,True,1
194499,Plaza College,,plaza-college,Forest Hills,NY,11375,https://www.plazacollege.edu/,40.714894,-73.831156,True,1
194569,Davis College,,davis-college,Pottersville,NY,12860-2300,https://davisny.edu/,43.730713,-73.812057,True,1
194578,Pratt Institute-Main,Pratt Institute,pratt-institute-main,Brooklyn,NY,11205,https://www.pratt.edu/,40.691297,-73.96431,True,2
194657,Rabbinical Academy Mesivta Rabbi Chaim Berlin,,rabbinical-academy-mesivta-rabbi-chaim-berlin,Brooklyn,NY,11230,https://rabbinicalacademyrabbichaimberlin.com/,40.618347,-73.963615,True,1
194666,Rabbinical College Bobover Yeshiva Bnei Zion,,rabbinical-college-bobover-yeshiva-bnei-zion,Brooklyn,NY,11219,https://rabbinicalcollegeboboveryeshiva.edu/,40.631954,-73.985026,True,1
194693,Rabbinical College Beth Shraga,,rabbinical-college-beth-shraga,Monsey,NY,10952-3033,https://rabbinicalcollegebethshraga.com/,41.114116,-74.07258,True,1
194718,Rabbinical Seminary Mkor Chaim,,rabbinical-seminary-mkor-chaim,Lakewood,NJ,08701-5827,https://www.mkorchaim.org/,40.046838,-74.214817,True,1
194736,Rabbinical College of Long Island,,rabbinical-college-of-long-island,Long Beach,NY,11561,https://rabbinicalcollegelongisland.com/,40.586427,-73.670238,True,1
194763,Rabbinical Seminary of America,,rabbinical-seminary-of-america,Flushing,NY,11367,https://www.rabbinical.org/,40.72308,-73.817161,True,2
194824,Rensselaer Polytechnic Institute,"RPI, Rensselaer",rensselaer-polytechnic-institute,Troy,NY,12180-3590,https://www.rpi.edu/,42.729978,-73.676646,True,1
194958,Roberts Wesleyan University,,roberts-wesleyan-university,Rochester,NY,14624,https://www.roberts.edu/,43.125755,-77.798498,True,1
195003,Rochester Institute of Technology,RIT,rochester-institute-of-technology,Rochester,NY,14623-5603,https://www.rit.edu/,43.084188,-77.67386,True,1
195030,University of Rochester,,university-of-rochester,Rochester,NY,14627-0011,https://www.rochester.edu/,43.126397,-77.631202,True,1
195049,The Rockefeller University,,the-rockefeller-university,New York,NY,10065-6399,https://www.rockefeller.edu/,40.762489,-73.955198,True,1
195058,Rockland Community College,,rockland-community-college,Suffern,NY,10901-3699,https://www.sunyrockland.edu/,41.133929,-74.085969,True,1
195067,Empire Beauty School-Manhattan,concord Beauty School |Learning Institute for Beauty Sciences-Manhattan,empire-beauty-school-manhattan,New York,NY,10001,https://www.empire.edu/,40.748938,-73.986453,True,7
195128,Russell Sage College,,russell-sage-college,Troy,NY,12180,https://sage.edu/,42.72822,-73.693711,True,1
195155,St Bernard's School of Theology and Ministry,SBSTM,st-bernard-s-school-of-theology-and-ministry,Rochester,NY,14618,https://www.stbernards.edu/,43.102185,-77.526326,True,1
195164,St Bonaventure University,St. Bona/Bonas,st-bonaventure-university,Saint Bonaventure,NY,14778-9800,https://www.sbu.edu/,42.080191,-78.481107,True,1
195173,St. Francis College,SFC,st-francis-college,Brooklyn,NY,11201,https://www.sfc.edu/,40.690233,-73.986559,True,1
195191,St. Joseph's College of Nursing,,st-joseph-s-college-of-nursing,Syracuse,NY,13203,https://www.sjhcon.edu/,43.055355,-76.148355,True,1
195216,St Lawrence University,,st-lawrence-university,Canton,NY,13617,https://www.stlawu.edu/,44.589879,-75.161343,True,1
195243,St. Thomas Aquinas College,STAC,st-thomas-aquinas-college,Sparkill,NY,10976-1050,https://www.stac.edu/,41.041576,-73.936799,True,1
195289,Samaritan Hospital School of Nursing,,samaritan-hospital-school-of-nursing,Troy,NY,12065,https://www.sphp.com/careers/schools-of-nursing/samaritan-hospital-school-of-nursing,42.742861,-73.676151,True,1
195304,Sarah Lawrence College,,sarah-lawrence-college,Bronxville,NY,10708,https://www.sarahlawrence.edu/,40.9355,-73.843727,True,1
195322,Schenectady County Community College,"SUNY Schenectady County Community College, SUNY Schenectady",schenectady-county-community-college,Schenectady,NY,12305,https://sunysccc.edu/,42.814412,-73.950008,True,1
195438,Sh'or Yoshuv Rabbinical College,,sh-or-yoshuv-rabbinical-college,Lawrence,NY,11559-1714,https://www.shoryoshuv.org/,40.605227,-73.740085,True,1
195474,Siena University,,siena-university,Loudonville,NY,12211-1462,https://www.siena.edu/,42.717602,-73.7526,True,1
195526,Skidmore College,,skidmore-college,Saratoga Springs,NY,12866,https://www.skidmore.edu/,43.097035,-73.785335,True,1
195544,St. Joseph's University-New York,,st-joseph-s-university-new-york,Brooklyn,NY,11205-3688,https://www.sjny.edu/,40.690418,-73.967664,True,1
195580,Saint Vladimirs Orthodox Theological Seminary,,saint-vladimirs-orthodox-theological-seminary,Yonkers,NY,10707-1699,https://www.svots.edu/,40.969393,-73.824358,True,1
195702,Saint Elizabeth College of Nursing,,saint-elizabeth-college-of-nursing,Utica,NY,13501,https://www.secon.edu/,43.082768,-75.267857,True,1
195720,St. John Fisher University,Fisher,st-john-fisher-university,Rochester,NY,14618-3597,https://www.sjf.edu/,43.116259,-77.513056,True,1
195784,St Paul's School of Nursing-Staten Island,SVCMCNY SCHOOL OF NURSING SI,st-paul-s-school-of-nursing-staten-island,Staten Island,NY,10311,https://www.stpaulsschoolofnursing.edu/,40.605584,-74.179757,True,1
195809,St. John's University-New York,St. John's University-New York,st-john-s-university-new-york,Queens,NY,11439,https://www.stjohns.edu/,40.722523,-73.796104,True,1
195988,Sullivan County Community College,SUNY Sullivan,sullivan-county-community-college,Loch Sheldrake,NY,12759-5151,https://www.sunysullivan.edu/,41.7641,-74.667769,True,1
196006,SUNY College of Technology at Alfred,Alfred State College,suny-college-of-technology-at-alfred,Alfred,NY,14802,https://www.alfredstate.edu/,42.255262,-77.794632,True,1
196015,SUNY College of Technology at Canton,SUNY Canton,suny-college-of-technology-at-canton,Canton,NY,13617-1098,https://www.canton.edu/,44.604096,-75.182906,True,1
196024,SUNY College of Technology at Delhi,SUNY Delhi,suny-college-of-technology-at-delhi,Delhi,NY,13753-1100,https://www.delhi.edu/,42.269859,-74.924612,True,1
196033,SUNY College of Agriculture and Technology at Cobleskill,SUNY Cobleskill,suny-college-of-agriculture-and-technology-at-cobleskill,Cobleskill,NY,12043,https://www.cobleskill.edu/,42.672534,-74.498258,True,1
196042,Farmingdale State College,SUNY College of Technology at Farmingdale,farmingdale-state-college,Farmingdale,NY,11735-1021,https://www.farmingdale.edu/,40.754224,-73.42832,True,1
196051,SUNY Morrisville,,suny-morrisville,Morrisville,NY,13408,https://www.morrisville.edu/,42.893962,-75.640583,True,1
196060,University at Albany,SUNY at Albany,university-at-albany,Albany,NY,12222,https://www.albany.edu/,42.685489,-73.824662,True,1
196079,Binghamton University,Binghamton University,binghamton-university,Vestal,NY,13850-6000,https://www.binghamton.edu/,42.087868,-75.966889,True,1
196088,University at Buffalo,University at Buffalo|UB|State University of New York at Buffalo|SUNY Buffalo|University of Buffalo,university-at-buffalo,Buffalo,NY,14260-1660,https://www.buffalo.edu/,43.000942,-78.789458,True,1
196097,Stony Brook University,SUNY Stony Brook State University of New York at Stony Brook,stony-brook-university,Stony Brook,NY,11794-0701,https://www.stonybrook.edu/,40.91476,-73.12046,True,1
196103,SUNY College of Environmental Science and Forestry,ESF,suny-college-of-environmental-science-and-forestry,Syracuse,NY,13210,https://www.esf.edu/,43.034765,-76.138724,True,1
196112,SUNY Polytechnic Institute,SUNY Poly,suny-polytechnic-institute,Utica,NY,13502,https://www.sunypoly.edu/,43.137701,-75.229841,True,1
196121,SUNY Brockport,SUNY Brockport,suny-brockport,Brockport,NY,14420-2919,https://www.brockport.edu/,43.211926,-77.947188,True,1
196130,SUNY Buffalo State University,Buffalo State University,suny-buffalo-state-university,Buffalo,NY,14222,https://suny.buffalostate.edu/,42.933832,-78.882125,True,1
196149,State University of New York at Cortland,SUNY Cortland,state-university-of-new-york-at-cortland,Cortland,NY,13045-0900,https://www2.cortland.edu/,42.598022,-76.188655,True,1
196158,SUNY at Fredonia,,suny-at-fredonia,Fredonia,NY,14063-1136,https://www.fredonia.edu/,42.452236,-79.337375,True,1
196167,SUNY College at Geneseo,SUNY Geneseo,suny-college-at-geneseo,Geneseo,NY,14454-1465,https://www.geneseo.edu/,42.796645,-77.821894,True,1
196176,State University of New York at New Paltz,State University of New York at New Paltz,state-university-of-new-york-at-new-paltz,New Paltz,NY,12561-2443,https://www.newpaltz.edu/,41.740936,-74.082188,True,1
196185,SUNY Oneonta,,suny-oneonta,Oneonta,NY,13820-4015,https://suny.oneonta.edu/,42.468861,-75.063632,True,1
196194,State University of New York at Oswego,SUNY Oswego,state-university-of-new-york-at-oswego,Oswego,NY,13126,https://www.oswego.edu/,43.454287,-76.540798,True,1
196200,SUNY College at Potsdam,SUNY-Potsdam,suny-college-at-potsdam,Potsdam,NY,13676-2294,https://www.potsdam.edu/,44.662148,-74.973815,True,1
196219,SUNY at Purchase College,Purchase College,suny-at-purchase-college,Purchase,NY,10577-1400,https://www.purchase.edu/,41.047223,-73.701955,True,1
196228,SUNY College of Optometry,SUNY College of Optometry,suny-college-of-optometry,New York,NY,10036-8003,https://www.sunyopt.edu/,40.754465,-73.982236,True,1
196237,SUNY Old Westbury,,suny-old-westbury,Old Westbury,NY,11568-0210,https://www.oldwestbury.edu/,40.799021,-73.571907,True,1
196246,State University of New York at Plattsburgh,SUNY Plattsburgh,state-university-of-new-york-at-plattsburgh,Plattsburgh,NY,12901-2681,https://www.plattsburgh.edu/,44.69293,-73.466536,True,1
196255,SUNY Downstate Health Sciences University,SUNY Downstate Health Sciences University,suny-downstate-health-sciences-university,Brooklyn,NY,11203-2098,https://www.downstate.edu/,40.653855,-73.945535,True,1
196264,Empire State University,,empire-state-university,Saratoga Springs,NY,12866-4391,https://www.sunyempire.edu/,43.077283,-73.782484,True,1
196291,SUNY Maritime College,,suny-maritime-college,Throggs Neck,NY,10465-4198,https://www.sunymaritime.edu/,40.807217,-73.795309,True,1
196307,Upstate Medical University,SUNY Upstate Medical University|Upstate Medical|Upstate|Upstate Medical Center|SUNY Upstate,upstate-medical-university,Syracuse,NY,13210,https://www.upstate.edu/,43.041819,-76.140009,True,1
196389,Swedish Institute a College of Health Sciences,,swedish-institute-a-college-of-health-sciences,New York,NY,10001-6700,https://www.swedishinstitute.edu/,40.746384,-73.99567,True,1
196413,Syracuse University,,syracuse-university,Syracuse,NY,13244,https://www.syracuse.edu/,43.036644,-76.133989,True,1
196431,Talmudical Seminary Oholei Torah,,talmudical-seminary-oholei-torah,Brooklyn,NY,11213,https://www.tsot.edu/,40.670089,-73.945759,True,1
196440,Talmudical Institute of Upstate New York,,talmudical-institute-of-upstate-new-york,Rochester,NY,14607,https://www.tiuny.org/,43.147062,-77.574943,True,1
196468,Teachers College at Columbia University,Teachers College,teachers-college-at-columbia-university,New York,NY,10027,https://www.tc.columbia.edu/,40.810216,-73.960194,True,1
196565,Tompkins Cortland Community College,Tompkins Cortland,tompkins-cortland-community-college,Dryden,NY,13053-0139,https://www.tompkinscortland.edu/,42.502006,-76.287586,True,1
196583,Torah Temimah Talmudical Seminary,,torah-temimah-talmudical-seminary,Staten Island,NY,10312,https://torahtemimahtalmudicalseminary.com/,40.557785,-74.168769,True,1
196592,Touro University,,touro-university,New York,NY,10036,https://www.touro.edu/,40.756832,-73.987049,True,1
196653,Trocaire College,Trocaire|Trocare|TC|Troc,trocaire-college,Buffalo,NY,14220-2094,https://trocaire.edu/,42.846693,-78.812398,True,1
196680,Excelsior University,,excelsior-university,Albany,NY,12203-5159,https://www.excelsior.edu/,42.705487,-73.862981,True,1
196699,Ulster County Community College,SUNY Ulster,ulster-county-community-college,Stone Ridge,NY,12484,https://www.sunyulster.edu/,41.851218,-74.128698,True,1
196866,Union College,,union-college,Schenectady,NY,12308-2311,https://www.union.edu/,42.818097,-73.928788,True,1
196884,Union Theological Seminary in the City of New York,Union Theological Seminary,union-theological-seminary-in-the-city-of-new-york,New York,NY,10027-5792,https://utsnyc.edu/,40.811823,-73.961549,True,1
197018,United Talmudical Seminary,,united-talmudical-seminary,Brooklyn,NY,11211,https://utsny.edu/,40.705687,-73.959113,True,1
197027,United States Merchant Marine Academy,USMMA|Kings Point,united-states-merchant-marine-academy,Kings Point,NY,11024-1634,https://www.usmma.edu/,40.81357,-73.763004,True,1
197036,United States Military Academy,West Point,united-states-military-academy,West  Point,NY,10996,https://www.westpoint.edu/,41.388988,-73.956772,True,1
197045,Utica University,Utica,utica-university,Utica,NY,13502-4892,https://www.utica.edu/,43.096213,-75.272916,True,1
197133,Vassar College,,vassar-college,Poughkeepsie,NY,12604,https://www.vassar.edu/,41.686895,-73.895088,True,1
197142,Villa Maria College,Villa,villa-maria-college,Buffalo,NY,14225-3999,https://www.villa.edu/,42.91223,-78.796823,True,1
197151,School of Visual Arts,"SVA, School of Visual Arts",school-of-visual-arts,New York,NY,10010,https://sva.edu/,40.738809,-73.982359,True,1
197197,Wagner College,,wagner-college,Staten Island,NY,10301-4495,https://www.wagner.edu/,40.615588,-74.092913,True,1
197221,Webb Institute,,webb-institute,Glen Cove,NY,11542-1398,https://www.webb.edu/,40.884444,-73.644909,True,1
197285,The College of Westchester,CW,the-college-of-westchester,White Plains,NY,10606-1200,https://www.cw.edu/,41.033687,-73.784404,True,1
197294,SUNY Westchester Community College,,suny-westchester-community-college,Valhalla,NY,10595,https://www.sunywcc.edu/,41.068458,-73.789669,True,1
197337,Westchester School of Beauty Culture,,westchester-school-of-beauty-culture,Mount Vernon,NY,10550-2295,https://westchesterschoolofbeautycultureny.com/,40.912476,-73.837751,True,1
197531,Word of Life Bible Institute,,word-of-life-bible-institute,Pottersville,NY,12860-0129,https://www.wordoflife.edu/,43.730713,-73.812057,True,1
197601,Yeshiva Karlin Stolin,,yeshiva-karlin-stolin,Brooklyn,NY,11204-1545,https://yeshivakarlinstolin.org/,40.624918,-73.983373,True,1
197647,Yeshiva Derech Chaim,,yeshiva-derech-chaim,Brooklyn,NY,11218-0000,https://ydc.edu/,40.636889,-73.979757,True,1
197674,Yeshiva of Nitra Rabbinical College,,yeshiva-of-nitra-rabbinical-college,Chester,NY,10918,https://yeshivaofnitra.org/,41.353674,-74.255911,True,1
197692,Yeshivath Shaar Hatorah,,yeshivath-shaar-hatorah,Kew Gardens,NY,11418,https://shaarhatorah.edu/,40.704048,-73.835009,True,1
197708,Yeshiva University,,yeshiva-university,New York,NY,10033-3299,https://www.yu.edu/,40.850605,-73.929873,True,1
197735,Yeshivath Viznitz,,yeshivath-viznitz,Monsey,NY,10952,https://yeshivathviznitz.com/,41.114682,-74.070243,True,1
197744,Yeshivath Zichron Moshe,,yeshivath-zichron-moshe,South Fallsburg,NY,12779,https://yeshivathzichronmoshe.com/,41.73048,-74.621823,True,1
197814,College of the Albemarle,COA,college-of-the-albemarle,Elizabeth City,NC,27906-2327,https://www.albemarle.edu/,36.324885,-76.219765,True,1
197850,South Piedmont Community College,,south-piedmont-community-college,Polkton,NC,28135,https://www.spcc.edu/,35.000312,-80.211087,True,1
197869,Appalachian State University,Appalachian State University,appalachian-state-university,Boone,NC,28608,https://www.appstate.edu/,36.215536,-81.680583,True,1
197887,Asheville-Buncombe Technical Community College,A-B Tech,asheville-buncombe-technical-community-college,Asheville,NC,28801-4897,https://www.abtech.edu/,35.570439,-82.554826,True,1
197911,Barton College,,barton-college,Wilson,NC,27893-7000,https://www.barton.edu/,35.734376,-77.913867,True,1
197966,Beaufort County Community College,,beaufort-county-community-college,Washington,NC,27889,https://www.beaufortccc.edu/,35.533587,-76.96535,True,1
197984,Belmont Abbey College,BAC,belmont-abbey-college,Belmont,NC,28012-1802,https://www.belmontabbeycollege.edu/,35.260651,-81.041315,True,1
197993,Bennett College,Bennett College / Bennett,bennett-college,Greensboro,NC,27401-3239,https://www.bennett.edu/,36.067531,-79.77998,True,1
198011,Bladen Community College,BCC,bladen-community-college,Dublin,NC,28332,https://bladencc.edu/,34.644691,-78.731119,True,1
198039,Blue Ridge Community College,,blue-ridge-community-college,Flat Rock,NC,28731-4728,https://www.blueridge.edu/,35.30804,-82.425544,True,1
198066,Brevard College,,brevard-college,Brevard,NC,28712,https://www.brevard.edu/,35.236763,-82.729494,True,1
198084,Brunswick Community College,,brunswick-community-college,Bolivia,NC,28422-9021,https://www.brunswickcc.edu/,34.038973,-78.22979,True,1
198109,Cabarrus College of Health Sciences,,cabarrus-college-of-health-sciences,Concord,NC,28025-3959,https://cabarruscollege.edu/,35.440038,-80.600824,True,1
198118,Caldwell Community College and Technical Institute,CCCTI,caldwell-community-college-and-technical-institute,Hudson,NC,28638,https://cccti.edu/,35.854604,-81.484148,True,1
198136,Campbell University,Campbell University,campbell-university,Buies Creek,NC,27506,https://www.campbell.edu/,35.409149,-78.738238,True,1
198154,Cape Fear Community College,CFCC,cape-fear-community-college,Wilmington,NC,28401-3910,https://www.cfcc.edu/,34.240624,-77.948306,True,1
198206,Carteret Community College,Carteret CC,carteret-community-college,Morehead City,NC,28557,https://carteret.edu/,34.723681,-76.755538,True,1
198215,Catawba College,,catawba-college,Salisbury,NC,28144,https://www.catawba.edu/,35.691443,-80.482751,True,1
198233,Catawba Valley Community College,CVCC,catawba-valley-community-college,Hickory,NC,28602-0699,https://cvcc.edu/,35.699732,-81.28792,True,1
198251,Central Carolina Community College,,central-carolina-community-college,Sanford,NC,27330-9840,https://www.cccc.edu/,35.471864,-79.143553,True,1
198260,Central Piedmont Community College,,central-piedmont-community-college,Charlotte,NC,28204,https://www.cpcc.edu/,35.217774,-80.829796,True,1
198303,Chowan University,,chowan-university,Murfreesboro,NC,27855,https://www.chowan.edu/,36.436258,-77.099141,True,1
198321,Cleveland Community College,,cleveland-community-college,Shelby,NC,28152-6224,https://www.clevelandcc.edu/,35.279833,-81.492856,True,1
198330,Coastal Carolina Community College,,coastal-carolina-community-college,Jacksonville,NC,28546-6816,https://www.coastalcarolina.edu/,34.771687,-77.384785,True,1
198367,Craven Community College,,craven-community-college,New Bern,NC,28562-4900,https://cravencc.edu/,35.111516,-77.102232,True,1
198376,Davidson-Davie Community College,DDCC and Davidson-Davie,davidson-davie-community-college,Thomasville,NC,27360-7385,https://www.davidsondavie.edu/,35.865471,-80.181868,True,1
198385,Davidson College,,davidson-college,Davidson,NC,28035,https://davidson.edu/,35.499767,-80.843979,True,1
198419,Duke University,,duke-university,Durham,NC,27708,https://www.duke.edu/,36.001135,-78.937624,True,1
198455,Durham Technical Community College,,durham-technical-community-college,Durham,NC,27703-5023,https://www.durhamtech.edu/,35.974768,-78.8817,True,1
198464,East Carolina University,ECU,east-carolina-university,Greenville,NC,27858-4353,https://www.ecu.edu/,35.607186,-77.368291,True,1
198491,Edgecombe Community College,,edgecombe-community-college,Tarboro,NC,27886,https://www.edgecombe.edu/,35.879867,-77.571786,True,1
198507,Elizabeth City State University,ECSU,elizabeth-city-state-university,Elizabeth City,NC,27909,https://www.ecsu.edu/,36.277978,-76.214041,True,1
198516,Elon University,,elon-university,Elon,NC,27244-2010,https://www.elon.edu/,36.104148,-79.50344,True,1
198534,Fayetteville Technical Community College,FTCC,fayetteville-technical-community-college,Fayetteville,NC,28303-0236,https://www.faytechcc.edu/,35.068851,-78.92658,True,1
198543,Fayetteville State University,,fayetteville-state-university,Fayetteville,NC,28301-4298,https://www.uncfsu.edu/,35.073641,-78.891696,True,1
198552,Forsyth Technical Community College,Forsyth Tech,forsyth-technical-community-college,Winston-Salem,NC,27103-5197,https://www.forsythtech.edu/,36.06854,-80.272215,True,1
198561,Gardner-Webb University,GWU,gardner-webb-university,Boiling Springs,NC,28017-0997,https://www.gardner-webb.edu/,35.24732,-81.668141,True,1
198570,Gaston College,,gaston-college,Dallas,NC,28034,https://www.gaston.edu/,35.312048,-81.18852,True,2
198598,Greensboro College,,greensboro-college,Greensboro,NC,27401-1875,https://www.greensboro.edu/,36.071082,-79.800232,True,1
198613,Guilford College,,guilford-college,Greensboro,NC,27410-4108,https://www.guilford.edu/,36.094233,-79.887737,True,1
198622,Guilford Technical Community College,,guilford-technical-community-college,Jamestown,NC,27282,https://www.gtcc.edu/,35.99846,-79.92062,True,1
198640,Halifax Community College,,halifax-community-college,Weldon,NC,27890,https://halifaxcc.edu/,36.427712,-77.617681,True,1
198668,Haywood Community College,,haywood-community-college,Clyde,NC,28721-9901,https://www.haywood.edu/,35.525905,-82.927918,True,1
198677,Heritage Bible College,,heritage-bible-college,Dunn,NC,28334,https://www.heritagebiblecollege.edu/,35.307368,-78.664393,True,1
198695,High Point University,HPU,high-point-university,High Point,NC,27268,https://www.highpoint.edu/,35.972035,-79.994675,True,1
198710,Isothermal Community College,ICC  Isothermal,isothermal-community-college,Spindale,NC,28160-0804,https://www.isothermal.edu/,35.336728,-81.911857,True,1
198729,James Sprunt Community College,JSCC,james-sprunt-community-college,Kenansville,NC,28349,https://jamessprunt.edu/,34.946802,-77.977639,True,1
198756,Johnson C Smith University,JCSU,johnson-c-smith-university,Charlotte,NC,28216-5398,https://www.jcsu.edu/,35.243033,-80.857251,True,1
198774,Johnston Community College,,johnston-community-college,Smithfield,NC,27577-2350,https://www.johnstoncc.edu/,35.501418,-78.332293,True,1
198808,Lees-McRae College,,lees-mcrae-college,Banner Elk,NC,28604,https://www.lmc.edu/,36.162477,-81.873371,True,1
198817,Lenoir Community College,,lenoir-community-college,Kinston,NC,28502-0188,https://www.lenoircc.edu/,35.234405,-77.571532,True,1
198835,Lenoir-Rhyne University,,lenoir-rhyne-university,Hickory,NC,28601,https://www.lr.edu/,35.739968,-81.327598,True,1
198844,Leons Beauty School Inc,,leons-beauty-school-inc,Greensboro,NC,27403-2604,https://www.leonsbeauty.com/,36.057646,-79.8228,True,1
198862,Livingstone College,Livingstone College,livingstone-college,Salisbury,NC,28144,https://livingstone.edu/,35.670877,-80.483956,True,1
198871,Louisburg College,,louisburg-college,Louisburg,NC,27549-2399,https://www.louisburg.edu/,36.105035,-78.29898,True,1
198899,Mars Hill University,,mars-hill-university,Mars Hill,NC,28754,https://www.mhu.edu/,35.82752,-82.551827,True,1
198905,Martin Community College,,martin-community-college,Williamston,NC,27892-9988,https://www.martincc.edu/,35.836304,-77.094913,True,1
198914,Mayland Community College,,mayland-community-college,Spruce Pine,NC,28777,https://www.mayland.edu/,35.934475,-82.016988,True,1
198923,McDowell Technical Community College,,mcdowell-technical-community-college,Marion,NC,28752-8728,https://www.mcdowelltech.edu/,35.656254,-81.96208,True,1
198950,Meredith College,Meredith|Meridith,meredith-college,Raleigh,NC,27607-5298,https://www.meredith.edu/,35.799351,-78.689995,True,1
198969,Methodist University,Methodist,methodist-university,Fayetteville,NC,28311-1420,https://www.methodist.edu/,35.135058,-78.874426,True,1
198987,Mitchell Community College,,mitchell-community-college,Statesville,NC,28677,https://www.mitchellcc.edu/,35.782814,-80.894083,True,1
199023,Montgomery Community College,,montgomery-community-college,Troy,NC,27371,https://www.montgomery.edu/,35.367107,-79.870005,True,1
199032,Montreat College,Montreat College,montreat-college,Montreat,NC,28757-1267,https://www.montreat.edu/,35.646577,-82.2976,True,1
199069,University of Mount Olive,,university-of-mount-olive,Mount Olive,NC,28365-0919,https://umo.edu/,35.208166,-78.069388,True,1
199078,College of Wilmington,College of Wilmington,college-of-wilmington,Wilmington,NC,28403,https://avedafi.edu/,34.21396,-77.906111,True,1
199087,Nash Community College,,nash-community-college,Rocky Mount,NC,27804,https://www.nashcc.edu/,35.976823,-77.898348,True,1
199102,North Carolina A & T State University,NCAT,north-carolina-a-t-state-university,Greensboro,NC,27411,https://www.ncat.edu/,36.07282,-79.773375,True,1
199111,University of North Carolina Asheville,UNC Asheville,university-of-north-carolina-asheville,Asheville,NC,28804-8510,https://new.unca.edu/,35.617068,-82.565392,True,1
199120,University of North Carolina at Chapel Hill,,university-of-north-carolina-at-chapel-hill,Chapel Hill,NC,27599,https://www.unc.edu/,35.911769,-79.050969,True,1
199139,University of North Carolina at Charlotte,UNC Charlotte,university-of-north-carolina-at-charlotte,Charlotte,NC,28223-0001,https://www.charlotte.edu/,35.306022,-80.730919,True,1
199148,University of North Carolina at Greensboro,UNCG,university-of-north-carolina-at-greensboro,Greensboro,NC,27402-6170,https://www.uncg.edu/,36.068236,-79.809414,True,1
199157,North Carolina Central University,,north-carolina-central-university,Durham,NC,27707,https://www.nccu.edu/,35.974237,-78.898602,True,1
199184,University of North Carolina School of the Arts,UNCSA,university-of-north-carolina-school-of-the-arts,Winston Salem,NC,27127-2738,https://www.uncsa.edu/,36.076183,-80.235672,True,1
199193,North Carolina State University at Raleigh,NC State University | NC State | N C State University | N C State | NCSU,north-carolina-state-university-at-raleigh,Raleigh,NC,27695-7001,https://www.ncsu.edu/,35.785111,-78.674517,True,1
199209,North Carolina Wesleyan University,,north-carolina-wesleyan-university,Rocky Mount,NC,27804,https://www.ncwu.edu/,36.019665,-77.773982,True,1
199218,University of North Carolina Wilmington,UNCW|University of North Carolina at Wilmington|UNC Wilmington|UNC W|University of NC at Wilmington|Univ of NC-Wilmington|UNC-W|University of North Carolina Wilmington|,university-of-north-carolina-wilmington,Wilmington,NC,28403-5963,https://www.uncw.edu/,34.225223,-77.875527,True,1
199263,Pamlico Community College,PCC,pamlico-community-college,Grantsboro,NC,28529,https://www.pamlicocc.edu/,35.068398,-76.83372,True,1
199272,William Peace University,Peace,william-peace-university,Raleigh,NC,27604-1194,https://www.peace.edu/,35.789139,-78.637697,True,1
199281,University of North Carolina at Pembroke,UNCP,university-of-north-carolina-at-pembroke,Pembroke,NC,28372-1510,https://www.uncp.edu/,34.688313,-79.200347,True,1
199306,Pfeiffer University,,pfeiffer-university,Misenheimer,NC,28109-0960,https://www.pfeiffer.edu/,35.484696,-80.283168,True,1
199324,Piedmont Community College,,piedmont-community-college,Roxboro,NC,27573,https://www.piedmontcc.edu/,36.431674,-78.980607,True,1
199333,Pitt Community College,,pitt-community-college,Winterville,NC,28590,https://pittcc.edu/,35.550591,-77.407203,True,1
199412,Queens University of Charlotte,Queens,queens-university-of-charlotte,Charlotte,NC,28274,https://www.queens.edu/,35.189051,-80.833509,True,1
199421,Randolph Community College,,randolph-community-college,Asheboro,NC,27205,https://www.randolph.edu/,35.672814,-79.828538,True,1
199449,Richmond Community College,,richmond-community-college,Hamlet,NC,28345-1189,https://richmondcc.edu/,34.905252,-79.70964,True,1
199458,Mid-Atlantic Christian University,,mid-atlantic-christian-university,Elizabeth City,NC,27909-4054,https://www.macuniversity.edu/,36.303812,-76.216483,True,1
199467,Roanoke-Chowan Community College,R-CCC,roanoke-chowan-community-college,Ahoskie,NC,27910-9522,https://www.roanokechowan.edu/,36.324827,-77.023662,True,1
199476,Robeson Community College,,robeson-community-college,Lumberton,NC,28360,https://www.robeson.edu/,34.675194,-79.00664,True,1
199485,Rockingham Community College,RCC,rockingham-community-college,Wentworth,NC,27375,https://www.rockinghamcc.edu/,36.388682,-79.758353,True,1
199494,Rowan-Cabarrus Community College,,rowan-cabarrus-community-college,Salisbury,NC,28146,https://www.rccc.edu/,35.639388,-80.48181,True,1
199582,Saint Augustine's University,St. Aug,saint-augustine-s-university,Raleigh,NC,27610-2298,https://www.st-aug.edu/,35.785468,-78.621301,True,1
199607,Salem College,,salem-college,Winston-Salem,NC,27101,https://www.salem.edu/,36.086271,-80.241297,True,1
199625,Sampson Community College,,sampson-community-college,Clinton,NC,28328-0318,https://www.sampsoncc.edu/,34.99046,-78.36006,True,1
199634,Sandhills Community College,SCC|Sandhills,sandhills-community-college,Pinehurst,NC,28374,https://www.sandhills.edu/,35.220086,-79.40635,True,1
199643,Shaw University,,shaw-university,Raleigh,NC,27601,https://www.shawu.edu/,35.771181,-78.637693,True,1
199689,Paul Mitchell the School-Fayetteville,,paul-mitchell-the-school-fayetteville,Fayetteville,NC,28303-5364,https://paulmitchell.edu/fayetteville,35.070011,-78.957673,False,4
199722,Southeastern Community College,,southeastern-community-college-2,Whiteville,NC,28472-5422,https://www.sccnc.edu/,34.331749,-78.783365,True,1
199731,Southwestern Community College,,southwestern-community-college-2,Sylva,NC,28779,https://www.southwesterncc.edu/,35.348575,-83.207129,True,1
199740,Stanly Community College,Stanly Technical College| Stanly Technical Institute|Stanley Technical College| Stanley Community College| Stanley Technical Institute| Stanly Tech| Stanley Tech|,stanly-community-college,Albemarle,NC,28001,https://www.stanly.edu/,35.339895,-80.236303,True,1
199759,Southeastern Baptist Theological Seminary,SEBTS,southeastern-baptist-theological-seminary,Wake Forest,NC,27587-1889,https://www.judsoncollege.com/,35.981858,-78.513755,True,4
199768,Surry Community College,,surry-community-college,Dobson,NC,27017-8432,https://surry.edu/,36.384334,-80.716834,True,1
199786,Alamance Community College,ACC | Technical Institute of Alamance | Alamance College |,alamance-community-college,Graham,NC,27253-8000,https://www.alamancecc.edu/,36.066683,-79.357657,True,1
199795,Tri-County Community College,,tri-county-community-college,Murphy,NC,28906,https://www.tricountycc.edu/,35.067021,-83.966476,True,1
199838,Vance-Granville Community College,,vance-granville-community-college,Henderson,NC,27537,https://www.vgcc.edu/,36.323887,-78.487651,True,1
199847,Wake Forest University,,wake-forest-university,Winston-Salem,NC,27106,https://www.wfu.edu/,36.133609,-80.277446,True,1
199856,Wake Technical Community College,,wake-technical-community-college,Raleigh,NC,27603-5696,https://www.waketech.edu/,35.650151,-78.706126,True,1
199865,Warren Wilson College,"Warren Wilson, WWC",warren-wilson-college,Swannanoa,NC,28778-2099,https://www.warren-wilson.edu/,35.610328,-82.442619,True,1
199883,Watts College of Nursing,,watts-college-of-nursing,Durham,NC,27710,https://wattscollegeofnursing.edu/,36.027649,-78.9413,True,1
199892,Wayne Community College,,wayne-community-college,Goldsboro,NC,27534,https://www.waynecc.edu/,35.403079,-77.945873,True,1
199908,Western Piedmont Community College,WPCC,western-piedmont-community-college,Morganton,NC,28655-4511,https://www.wpcc.edu/,35.722876,-81.687345,True,1
199926,Wilkes Community College,,wilkes-community-college,Wilkesboro,NC,28697,https://www.wilkescc.edu/,36.136617,-81.182994,True,1
199953,Wilson Community College,WCC,wilson-community-college,Wilson,NC,27893,https://www.wilsoncc.edu/,35.730114,-77.895663,True,1
199962,Wingate University,,wingate-university,Wingate,NC,28174-0159,https://www.wingate.edu/,34.986064,-80.44305,True,1
199971,Carolina Christian College,,carolina-christian-college,Winston Salem,NC,27105,https://www.carolina.edu/,36.146168,-80.256252,True,1
199980,Winston Salem Barber School,,winston-salem-barber-school,Winston-Salem,NC,27127,https://www.wsbarberschool.com/,36.067155,-80.260541,True,2
199999,Winston-Salem State University,WSSU,winston-salem-state-university,Winston-Salem,NC,27110-0001,https://www.wssu.edu/,36.089554,-80.225033,True,1
200004,Western Carolina University,Western,western-carolina-university,Cullowhee,NC,28723-9646,https://www.wcu.edu/,35.308979,-83.186258,True,1
200013,Rasmussen University-North Dakota,Parent is Fargo,rasmussen-university-north-dakota,Fargo,ND,58103-7196,https://rasmussen.edu/,46.848362,-96.848937,False,19
200022,Bismarck State College,BSC,bismarck-state-college,Bismarck,ND,58506-5587,https://bismarckstate.edu/,46.821459,-100.816534,True,1
200059,Dickinson State University,DSU,dickinson-state-university,Dickinson,ND,58601-4896,https://www.dickinsonstate.edu/,46.882917,-102.799679,True,1
200086,Nueta Hidatsa Sahnish College,NHSC,nueta-hidatsa-sahnish-college,New Town,ND,58763,https://www.nhsc.edu/,47.983311,-102.472814,True,1
200110,Josef's School of Hair Skin & Body-Grand Forks,Josef's,josef-s-school-of-hair-skin-body-grand-forks,Grand Forks,ND,58201,https://www.josefsschoolofhairdesign.com/,47.900289,-97.044408,True,2
200156,University of Jamestown,UJ Jimmies,university-of-jamestown,Jamestown,ND,58405,https://www.uj.edu/,46.914302,-98.698416,True,1
200192,Lake Region State College,LRSC,lake-region-state-college,Devils Lake,ND,58301-1598,https://www.lrsc.edu/,48.127948,-98.869034,True,1
200208,Cankdeska Cikana Community College,Little Hoop Community College,cankdeska-cikana-community-college,Fort Totten,ND,58335,https://www.littlehoop.edu/,47.978122,-98.990801,True,1
200217,University of Mary,UMary/Marauders,university-of-mary,Bismarck,ND,58504,https://www.umary.edu/,46.723767,-100.75274,True,1
200226,Mayville State University,,mayville-state-university,Mayville,ND,58257-1299,https://www.mayvillestate.edu/,47.505415,-97.322554,True,1
200253,Minot State University,MSU,minot-state-university,Minot,ND,58707,https://www.minotstateu.edu/,48.246961,-101.29861,True,1
200280,University of North Dakota,,university-of-north-dakota,Grand Forks,ND,58202-8193,https://und.edu/,47.921654,-97.071738,True,1
200305,North Dakota State College of Science,NDSCS,north-dakota-state-college-of-science,Wahpeton,ND,58076-0002,https://ndscs.edu/,46.272158,-96.607379,True,1
200314,Dakota College at Bottineau,MSU-Bottineau,dakota-college-at-bottineau,Bottineau,ND,58318-1198,https://www.dakotacollege.edu/,48.832505,-100.441103,True,1
200332,North Dakota State University-Main Campus,"North Dakota State University, NDSU",north-dakota-state-university-main-campus,Fargo,ND,58108-6050,https://www.ndsu.edu/,46.893127,-96.800838,True,1
200341,Williston State College,WSC,williston-state-college,Williston,ND,58801,https://willistonstate.edu/,48.158603,-103.613066,True,1
200466,Sitting Bull College,,sitting-bull-college,Fort Yates,ND,58538-9721,https://sittingbull.edu/,46.085288,-100.674735,True,1
200484,Trinity Bible College and Graduate School,,trinity-bible-college-and-graduate-school,Ellendale,ND,58436-7105,https://trinitybiblecollege.edu/,46.001037,-98.517906,True,1
200527,Turtle Mountain College,TMC,turtle-mountain-college,Belcourt,ND,58316,https://www.tm.edu/,48.883758,-99.750836,True,1
200554,United Tribes Technical College,,united-tribes-technical-college,Bismarck,ND,58504,https://uttc.edu/,46.767157,-100.755131,True,1
200572,Valley City State University,VCSU,valley-city-state-university,Valley City,ND,58072,https://www.vcsu.edu/,46.918517,-98.00389,True,1
200590,ETI Technical College of Niles,,eti-technical-college-of-niles,Niles,OH,44446-4398,https://eticollege.edu/,41.18694,-80.723213,True,1
200697,Air Force Institute of Technology-Graduate School of Engineering & Management,AFIT,air-force-institute-of-technology-graduate-school-of-engineering-management,Wright-Patterson AFB,OH,45433-7765,https://www.afit.edu/,39.782221,-84.082618,True,1
200785,Herzing University-Akron,Akron Institute of Herzing University,herzing-university-akron,Akron,OH,44306-3931,https://www.herzing.edu/,41.02817,-81.493109,False,12
200800,University of Akron Main Campus,,university-of-akron-main-campus,Akron,OH,44325-2102,https://www.uakron.edu/,41.075923,-81.511167,True,2
200846,University of Akron Wayne College,,university-of-akron-wayne-college,Orrville,OH,44667,https://wayne.uakron.edu/,40.861519,-81.789979,False,2
200873,Allegheny Wesleyan College,,allegheny-wesleyan-college,Salem,OH,44460-9598,https://awc.edu/,40.86722,-80.861232,True,1
201034,Apollo Career Center,"Apollo JVS, Apollo Career Center, Apollo Joint Vocational School",apollo-career-center,Lima,OH,45806-1497,https://www.apollocareercenter.com/adult-education/,40.692999,-84.149151,True,1
201061,Art Academy of Cincinnati,AAC,art-academy-of-cincinnati,Cincinnati,OH,45202-1706,https://www.artacademy.edu/,39.108805,-84.513913,True,1
201098,Ashland County-West Holmes Career Center,ACWHCC Adult Education  Ashland County Career Center,ashland-county-west-holmes-career-center,Ashland,OH,44805-9377,https://www.acwhcc.org/,40.801018,-82.266808,True,1
201104,Ashland University,Ashland College,ashland-university,Ashland,OH,44805,https://www.ashland.edu/,40.861755,-82.321061,True,1
201131,Ashtabula County Technical and Career Campus,,ashtabula-county-technical-and-career-campus,Jefferson,OH,44047,https://www.atech.edu/,41.746864,-80.733023,True,1
201140,Athenaeum of Ohio,Mount St. Mary's Seminary & School of Theology,athenaeum-of-ohio,Cincinnati,OH,45230-2091,https://www.athenaeum.edu/,39.082926,-84.371927,True,1
201159,Auburn Career Center,,auburn-career-center,Concord Twp,OH,44077,https://www.auburncc.org/,41.649238,-81.243798,True,1
201177,Aultman College of Nursing and Health Sciences,Aultman College,aultman-college-of-nursing-and-health-sciences,Canton,OH,44710-1797,https://www.aultmancollege.edu/,40.796186,-81.404053,True,1
201195,Baldwin Wallace University,Baldwin Wallace  Baldwin-Wallace College  Baldwin-Wallace,baldwin-wallace-university,Berea,OH,44017-2088,https://www.bw.edu/,41.373017,-81.851145,True,1
201283,Belmont College,Belmont College,belmont-college,St Clairsville,OH,43950,https://www.belmontcollege.edu/,40.07695,-80.964901,True,1
201371,Bluffton University,,bluffton-university,Bluffton,OH,45817-2104,https://www.bluffton.edu/,40.895606,-83.899439,True,1
201432,Bowling Green State University-Firelands,BGSU-Firelands,bowling-green-state-university-firelands,Huron,OH,44839-9791,https://www.firelands.bgsu.edu/,41.397566,-82.594266,False,2
201441,Bowling Green State University-Main Campus,BGSU,bowling-green-state-university-main-campus,Bowling Green,OH,43403,https://www.bgsu.edu/,41.375513,-83.640896,True,2
201469,Bryant & Stratton College-Parma,,bryant-stratton-college-parma,Parma,OH,44130-3151,https://www.bryantstratton.edu/,41.404607,-81.781757,False,16
201478,Buckeye Hills Career Center,,buckeye-hills-career-center,Rio Grande,OH,45674-0157,https://www.buckeyehills.net/,38.892181,-82.388043,True,1
201496,Butler Technology and Career Development Schools,Butler Tech,butler-technology-and-career-development-schools,Monroe,OH,45050,https://www.butlertech.org/,39.44114,-84.431434,True,1
201539,Canton City Schools Adult Career and Technical Education,Contact Grace Kittoe Ext. 103,canton-city-schools-adult-career-and-technical-education,Canton,OH,44702,https://www.ccsdistrict.org/site/default.aspx?PageID=189,40.799696,-81.378614,True,1
201548,Capital University,,capital-university,Columbus,OH,43209-2394,https://www.capital.edu/,39.954875,-82.937867,True,1
201645,Case Western Reserve University,CWRU|Case|Case Western Reserve,case-western-reserve-university,Cleveland,OH,44106,https://www.case.edu/,41.507419,-81.609596,True,1
201654,Cedarville University,Contacts as of 9/02/11 are Mandy Nolt(937) 766 3435 (Accreditation Specialist) and Michael Kane (937) 766-7941 (Assistant VP Educational Resources)... fax (937) 766 4129.,cedarville-university,Cedarville,OH,45314-0601,https://www.cedarville.edu/,39.749237,-83.814692,True,1
201672,Central Ohio Technical College,COTC,central-ohio-technical-college,Newark,OH,43055-1767,https://www.cotc.edu/,40.069314,-82.447441,True,1
201681,Central School of Practical Nursing,CSPN,central-school-of-practical-nursing,Independence,OH,44131-0000,https://www.cspnohio.edu/,41.397093,-81.656988,True,1
201690,Central State University,,central-state-university,Wilberforce,OH,45384-1004,https://www.centralstate.edu/,39.715787,-83.880186,True,1
201803,Choffin Career  and Technical Center,President is Dr. Laura M. Meeks |Toll free # 800 682 6553 info via State Library of |Ohio / NE Ohio Council of Higher Ed,choffin-career-and-technical-center,Youngstown,OH,44503-1600,https://www.choffinctcadulted.com/,41.100847,-80.644393,True,1
201821,The Christ College of Nursing and Health Sciences,,the-christ-college-of-nursing-and-health-sciences,Cincinnati,OH,45219-2989,https://www.thechristcollege.edu/,39.121821,-84.509564,True,1
201867,Cincinnati College of Mortuary Science,,cincinnati-college-of-mortuary-science,Cincinnati,OH,45224-1462,https://www.ccms.edu/,39.206578,-84.505604,True,1
201885,University of Cincinnati-Main Campus,,university-of-cincinnati-main-campus,Cincinnati,OH,45221-0063,https://www.uc.edu/,39.131159,-84.51428,True,3
201928,Cincinnati State Technical and Community College,Cincinnati State|Cincy State|CSTCC|CTC|CState,cincinnati-state-technical-and-community-college,Cincinnati,OH,45223-2690,https://www.cincinnatistate.edu/,39.149915,-84.536936,True,1
201946,University of Cincinnati-Clermont College,,university-of-cincinnati-clermont-college,Batavia,OH,45103,https://www.ucclermont.edu/,39.080645,-84.19437,False,3
201955,University of Cincinnati-Blue Ash College,,university-of-cincinnati-blue-ash-college,Blue Ash,OH,45236-1096,https://www.ucblueash.edu/,39.234333,-84.399956,False,3
201964,Ohio Christian University,OCU,ohio-christian-university,Circleville,OH,43113-9487,https://www.ohiochristian.edu/,39.613155,-82.904885,True,1
201973,Clark State College,,clark-state-college,Springfield,OH,45501-0570,https://www.clarkstate.edu/,39.896411,-83.799788,True,1
202046,Cleveland Institute of Art,CIA,cleveland-institute-of-art,Cleveland,OH,44106-1710,https://www.cia.edu/,41.510435,-81.602416,True,1
202073,Cleveland Institute of Music,CIM,cleveland-institute-of-music,Cleveland,OH,44106-1776,https://www.cim.edu/,41.512444,-81.608878,True,1
202134,Cleveland State University,,cleveland-state-university,Cleveland,OH,44115-2214,https://www.csuohio.edu/,41.502281,-81.674355,True,1
202152,Columbiana County Career and Technical Center,,columbiana-county-career-and-technical-center,Lisbon,OH,44432,https://www.ccctc.k12.oh.us/,40.768063,-80.747828,True,1
202170,Columbus College of Art & Design,CCAD,columbus-college-of-art-design,Columbus,OH,43215,https://www.ccad.edu/,39.966074,-82.989479,True,1
202222,Columbus State Community College,Columbus State|CSCC|C-State,columbus-state-community-college,Columbus,OH,43215,https://www.cscc.edu/,39.96887,-82.98766,True,1
202356,Cuyahoga Community College District,,cuyahoga-community-college-district,Cleveland,OH,44115-2878,https://www.tri-c.edu/,41.494906,-81.683533,True,1
202435,Davis College,Davis University,davis-college-2,Toledo,OH,43604,https://www.davisuniversity.edu/,41.652922,-83.532589,True,1
202453,Dayton Barber College,,dayton-barber-college,Miamisburg,OH,45342,https://www.daytonbarbercollege.edu/,39.628936,-84.222996,True,1
202480,University of Dayton,,university-of-dayton,Dayton,OH,45469,https://udayton.edu/,39.739547,-84.176113,True,1
202514,Defiance College,,defiance-college,Defiance,OH,43512,https://www.defiance.edu/,41.296842,-84.357075,True,1
202523,Denison University,Denison|DU|Dennison University|Denison U|Dennison U|Camp Denidoo|Denidoo|Big Red,denison-university,Granville,OH,43023,https://www.denison.edu/,40.071505,-82.523272,True,1
202648,Edison State Community College,Edison Community College,edison-state-community-college,Piqua,OH,45356-9239,https://www.edisonohio.edu/,40.157699,-84.212385,True,1
202657,EHOVE Career Center,,ehove-career-center,Milan,OH,44846,https://www.ehove.net/,41.332655,-82.630439,True,1
202763,The University of Findlay,,the-university-of-findlay,Findlay,OH,45840-3653,https://www.findlay.edu/,41.053344,-83.652313,True,1
202806,Franklin University,,franklin-university,Columbus,OH,43215-5399,https://www.franklin.edu/,39.95831,-82.990375,True,1
202888,Gerbers Akron Beauty School,Akron Beauty School,gerbers-akron-beauty-school,Akron,OH,44313,https://akronbeautyschool.com/,41.113868,-81.57615,True,1
202903,Gods Bible School and College,,gods-bible-school-and-college,Cincinnati,OH,45202-6838,https://www.gbs.edu/,39.1153,-84.505703,True,1
202912,Good Samaritan College of Nursing and Health Science,Good Samaritan College,good-samaritan-college-of-nursing-and-health-science,Cincinnati,OH,45220-2489,https://www.gscollege.edu/,39.140348,-84.521196,True,1
202949,Great Oaks Career Campuses,,great-oaks-career-campuses,Cincinnati,OH,45241,https://adults.greatoaks.com/,39.289951,-84.413556,True,1
203030,Adult and Community Education-Hudson,,adult-and-community-education-hudson,Columbus,OH,43211,https://www.ccsoh.us/site/default.aspx?pageid=334,40.012851,-82.980603,True,2
203067,Hebrew Union College-Jewish Institute of Religion,HUC-JIR,hebrew-union-college-jewish-institute-of-religion,New York,NY,10012-1186,https://www.huc.edu/,40.728938,-73.994499,True,3
203085,Heidelberg University,Heidelburg College|Hiedelberg College|Hiedelburg College|Heidleberg College|Heidleburg College|The 'Berg|Heidelberg University|Hiedelberg University|Heidelburg University,heidelberg-university,Tiffin,OH,44883-2462,https://www.heidelberg.edu/,41.114833,-83.168387,True,1
203128,Hiram College,Hiram,hiram-college,Hiram,OH,44234-0067,https://www.hiram.edu/,41.3107,-81.143981,True,1
203146,Hobart Institute of Welding Technology,HIWT,hobart-institute-of-welding-technology,Troy,OH,45373-2400,https://www.welding.org/,40.053024,-84.219809,True,1
203155,Hocking College,Hocking Technical College,hocking-college,Nelsonville,OH,45764,https://www.hocking.edu/,39.441954,-82.220791,True,1
203234,Ross Medical Education Center-Cincinnati,,ross-medical-education-center-cincinnati,Cincinnati,OH,45246-3317,https://rosseducation.edu/,39.286023,-84.452851,True,6
203368,John Carroll University,JCU,john-carroll-university,University Heights,OH,44118-4538,https://jcu.edu/,41.490259,-81.531224,True,1
203386,Hondros College of Nursing,,hondros-college-of-nursing,Columbus,OH,43229,https://www.hondros.edu/,40.101816,-82.984937,True,1
203438,Casal Aveda Institute,,casal-aveda-institute,Niles,OH,44446,https://www.casalaveda.com/,41.213305,-80.751433,True,1
203447,Kent State University at Ashtabula,,kent-state-university-at-ashtabula,Ashtabula,OH,44004,https://www.kent.edu/ashtabula,41.888296,-80.830377,False,8
203456,Kent State University at East Liverpool,,kent-state-university-at-east-liverpool,East Liverpool,OH,43920,https://www.kent.edu/columbiana,40.616966,-80.576702,False,8
203465,Kent State University at Stark,,kent-state-university-at-stark,North Canton,OH,44720-7599,https://www.kent.edu/stark,40.868568,-81.43731,False,8
203474,Kent State University at Trumbull,,kent-state-university-at-trumbull,Warren,OH,44483,https://www.kent.edu/trumbull,41.278748,-80.836233,False,8
203483,Kent State University at Tuscarawas,,kent-state-university-at-tuscarawas,New Philadelphia,OH,44663-9403,https://www.kent.edu/tusc,40.467736,-81.407707,False,8
203492,Kent State University at Salem,,kent-state-university-at-salem,Salem,OH,44460,https://www.kent.edu/columbiana,40.86408,-80.835458,False,8
203517,Kent State University at Kent,,kent-state-university-at-kent,Kent,OH,44242-0001,https://www.kent.edu/,41.146653,-81.342533,True,8
203526,Kent State University at Geauga,,kent-state-university-at-geauga,Burton,OH,44021,https://www.kent.edu/geauga,41.483727,-81.143085,False,8
203535,Kenyon College,Kenyon,kenyon-college,Gambier,OH,43022,https://www.kenyon.edu/,40.374408,-82.397977,True,1
203544,Kettering College,,kettering-college,Kettering,OH,45429-1299,https://kc.edu/,39.695052,-84.192006,True,2
203580,Lake Erie College,LEC,lake-erie-college,Painesville,OH,44077-3389,https://www.lec.edu/,41.717841,-81.251817,True,1
203599,Lakeland Community College,Lakeland|Lakeland College|LCC,lakeland-community-college,Kirtland,OH,44094-5198,https://www.lakelandcc.edu/,41.637463,-81.364723,True,1
203614,Collins Career Technical Center,Lawrence County Joint Vocational School Collins Career Center,collins-career-technical-center,Chesapeake,OH,45619-0000,https://adult.collins-cc.edu/,38.491898,-82.473516,True,1
203678,James A. Rhodes State College,Rhodes State College,james-a-rhodes-state-college,Lima,OH,45804,https://www.rhodesstate.edu/,40.738347,-84.026319,True,1
203720,Ohio Business College-Sheffield,,ohio-business-college-sheffield,Sheffield Village,OH,44035-0701,https://www.obc.edu/,41.423809,-82.073403,True,3
203748,Lorain County Community College,LCCC,lorain-county-community-college,Elyria,OH,44035-1691,https://www.lorainccc.edu/,41.413293,-82.073549,True,1
203757,Lourdes University,,lourdes-university,Sylvania,OH,43560-2898,https://www.lourdes.edu/,41.710009,-83.706108,True,1
203775,Malone University,,malone-university,Canton,OH,44709-3308,https://www.malone.edu/,40.825662,-81.376863,True,1
203845,Marietta College,,marietta-college,Marietta,OH,45750,https://www.marietta.edu/,39.41668,-81.450045,True,1
203881,Marion Technical College,,marion-technical-college,Marion,OH,43302-5694,https://mtc.edu/,40.577017,-83.089156,True,1
203942,Medina County Career Center,,medina-county-career-center,Medina,OH,44256,https://mcjvs.edu/,41.155104,-81.901592,True,1
203960,Mercy College of Ohio,Mercy College,mercy-college-of-ohio,Toledo,OH,43604-1132,https://www.mercycollege.edu/,41.658319,-83.552538,True,1
203997,Methodist Theological School in Ohio,MTSO,methodist-theological-school-in-ohio,Delaware,OH,43015-3211,https://www.mtso.edu/,40.253643,-83.060146,True,1
204006,Miami University-Hamilton,,miami-university-hamilton,Hamilton,OH,45011,https://miamioh.edu/regionals/,39.377448,-84.563385,False,3
204015,Miami University-Middletown,,miami-university-middletown,Middletown,OH,45042,https://miamioh.edu/regionals/,39.523776,-84.35724,False,3
204024,Miami University-Oxford,Miami of Ohio,miami-university-oxford,Oxford,OH,45056,https://miamioh.edu/,39.507757,-84.732954,True,3
204121,Moler Hollywood Beauty Academy,,moler-hollywood-beauty-academy,Cincinnati,OH,45213,https://www.molerhollywood.com/,39.182803,-84.425549,True,1
204176,Mount Carmel College of Nursing,,mount-carmel-college-of-nursing,Columbus,OH,43222-1504,https://www.mccn.edu/,39.956625,-83.021501,True,2
204185,University of Mount Union,,university-of-mount-union,Alliance,OH,44601-3929,https://www.mountunion.edu/,40.905256,-81.111029,True,1
204194,Mount Vernon Nazarene University,MVNU,mount-vernon-nazarene-university,Mount Vernon,OH,43050-9500,https://mvnu.edu/,40.372901,-82.471074,True,1
204200,Mount St. Joseph University,"Mount St. Joseph University, Mount St. Joe, Mount, The Mount,Mount St. Joseph University on the Ohio.",mount-st-joseph-university,Cincinnati,OH,45233-1670,https://www.msj.edu/,39.095893,-84.639453,True,1
204255,Zane State College,,zane-state-college,Zanesville,OH,43701-2626,https://www.zanestate.edu/,39.96241,-82.031198,True,1
204264,Muskingum University,Muskingum,muskingum-university,New Concord,OH,43762-1837,https://www.muskingum.edu/,39.996585,-81.737127,True,1
204334,National Beauty College,"National Beauty Systems, Inc.",national-beauty-college,Canton,OH,44709-1837,https://www.nationalbc.com/,40.849493,-81.392278,True,1
204422,North Central State College,,north-central-state-college,Mansfield,OH,44906-0698,https://www.ncstatecollege.edu/,40.798777,-82.581582,True,1
204431,Northern Institute of Cosmetology,,northern-institute-of-cosmetology,Lorain,OH,44052-1803,https://www.nicosmetology.com/,41.465263,-82.174342,True,1
204440,Northwest State Community College,,northwest-state-community-college,Archbold,OH,43502-9542,https://northweststate.edu/,41.450596,-84.297855,True,1
204459,Toledo Public Schools Adult and Continuing Education,,toledo-public-schools-adult-and-continuing-education,Toledo,OH,43620,https://www.tps.org/adult_education/barber_program,41.669101,-83.55407,True,1
204477,Northeast Ohio Medical University,NEOMED,northeast-ohio-medical-university,Rootstown,OH,44272-0095,https://www.neomed.edu/,41.102919,-81.245302,True,1
204486,University of Northwestern Ohio,,university-of-northwestern-ohio,Lima,OH,45805,https://www.unoh.edu/,40.762917,-84.157004,True,1
204501,Oberlin College,,oberlin-college,Oberlin,OH,44074,https://www.oberlin.edu/,41.291992,-82.216795,True,1
204608,Ohio Technical College,OTC,ohio-technical-college,Cleveland,OH,44103,https://www.ohiotech.edu/,41.518038,-81.656868,True,1
204617,Ohio Dominican University,ODU,ohio-dominican-university,Columbus,OH,43219,https://www.ohiodominican.edu/,39.992764,-82.940689,True,1
204635,Ohio Northern University,Northern|ONU,ohio-northern-university,Ada,OH,45810-1599,https://www.onu.edu/,40.7662,-83.827441,True,1
204662,Ohio State University Agricultural Technical Institute,,ohio-state-university-agricultural-technical-institute,Wooster,OH,44691-4000,https://ati.osu.edu/,40.775194,-81.922936,False,6
204671,Ohio State University-Lima Campus,,ohio-state-university-lima-campus,Lima,OH,45804,https://lima.osu.edu/,40.738521,-84.02384,False,6
204680,Ohio State University-Mansfield Campus,,ohio-state-university-mansfield-campus,Mansfield,OH,44906,https://mansfield.osu.edu/,40.796536,-82.580194,False,6
204699,Ohio State University-Marion Campus,,ohio-state-university-marion-campus,Marion,OH,43302-5695,https://osumarion.osu.edu/,40.577779,-83.090597,False,6
204705,Ohio State University-Newark Campus,,ohio-state-university-newark-campus,Newark,OH,43055,https://newark.osu.edu/,40.069314,-82.447441,False,6
204714,Ohio State Beauty Academy,OSBA,ohio-state-beauty-academy,Lima,OH,45807,https://www.ohiostatebeauty.com/,40.761697,-84.164435,True,1
204723,Ohio State College of Barber Styling,,ohio-state-college-of-barber-styling,Columbus,OH,43213,https://www.osbc.edu/,39.977375,-82.877144,True,1
204769,The Spa School,Salon Schools Group,the-spa-school,Columbus,OH,43214,https://salonschools.ohiostate.edu/,40.065397,-83.018081,True,1
204778,Ohio State School of Cosmetology-Canal Winchester,Salon Schools Group,ohio-state-school-of-cosmetology-canal-winchester,CANAL WINCHESTER,OH,43110,https://salonschools.ohiostate.edu/,39.856608,-82.831966,True,1
204796,Ohio State University-Main Campus,,ohio-state-university-main-campus,Columbus,OH,43201,https://www.osu.edu/,39.999803,-83.007525,True,6
204802,Ohio University-Eastern Campus,,ohio-university-eastern-campus,Saint Clairsville,OH,43950,https://www.ohio.edu/eastern/,40.073392,-80.976073,False,6
204820,Ohio University-Chillicothe Campus,,ohio-university-chillicothe-campus,Chillicothe,OH,45601-0629,https://www.ohio.edu/chillicothe/,39.329404,-83.002175,False,6
204839,Ohio University-Southern Campus,,ohio-university-southern-campus,Ironton,OH,45638,https://www.ohio.edu/southern/,38.524781,-82.666876,False,6
204848,Ohio University-Lancaster Campus,,ohio-university-lancaster-campus,Lancaster,OH,43130-1037,https://www.ohio.edu/lancaster/,39.738752,-82.586069,False,6
204857,Ohio University-Main Campus,,ohio-university-main-campus,Athens,OH,45701-2979,https://www.ohio.edu/,39.326798,-82.100985,True,6
204866,Ohio University-Zanesville Campus,,ohio-university-zanesville-campus,Zanesville,OH,43701,https://www.ohio.edu/zanesville/,39.96098,-82.031063,False,6
204884,East Ohio College,,east-ohio-college,East Liverpool,OH,43920-9585,https://eastohio.edu/,40.6796,-80.572063,True,1
204893,Trinity Health System School of Nursing,,trinity-health-system-school-of-nursing,Steubenville,OH,43952,https://trinityson.com/,40.354665,-80.625758,True,1
204909,Ohio Wesleyan University,OWU,ohio-wesleyan-university,Delaware,OH,43015-2370,https://www.owu.edu/,40.295963,-83.069757,True,1
204936,Otterbein University,,otterbein-university,Westerville,OH,43081,https://www.otterbein.edu/,40.125327,-82.936444,True,1
204945,Owens Community College,Owens State Community College,owens-community-college,Perrysburg,OH,43551,https://www.owens.edu/,41.587998,-83.538634,True,1
204963,Paramount Beauty Academy,,paramount-beauty-academy,Portsmouth,OH,45662-4527,https://www.paramountbeautyacademy.com/,38.739039,-82.979351,True,1
204981,Cuyahoga Valley Career Center,CVCC,cuyahoga-valley-career-center,Brecksville,OH,44141-1296,https://www.cvccworks.edu/,41.344555,-81.625375,True,1
204990,Payne Theological Seminary,,payne-theological-seminary,Wilberforce,OH,45384,https://payneseminary.edu/,39.715286,-83.884871,True,1
205027,Pontifical College Josephinum,,pontifical-college-josephinum,Columbus,OH,43235-1499,https://www.pcj.edu/,40.120735,-83.018829,True,1
205054,Professional Skills Institute,,professional-skills-institute,Maumee,OH,43537,https://www.proskills.edu/,41.584008,-83.672408,True,1
205090,Firelands Regional Medical Center School of Nursing,,firelands-regional-medical-center-school-of-nursing,Sandusky,OH,44870,https://www.firelands.com/schoolofnursing,41.43719,-82.71189,True,1
205124,Rabbinical College Telshe,Telshe Yeshiva,rabbinical-college-telshe,Wickliffe,OH,44092,https://independentrabbinicalcolleges.org/index.html,41.593533,-81.485261,True,1
205142,Raphael's School of Beauty Culture Inc-Niles,,raphael-s-school-of-beauty-culture-inc-niles,Niles,OH,44446,https://www.raphaelsbeautyschool.edu/,41.197513,-80.72803,True,2
205179,Fortis College-Centerville,,fortis-college-centerville,Centerville,OH,45459-2712,https://www.fortiscollege.edu/,39.644364,-84.146046,True,3
205203,University of Rio Grande,University of Rio Grande and Rio Grande Community College,university-of-rio-grande,Rio Grande,OH,45674,https://www.rio.edu/,38.881764,-82.378852,True,1
205391,The Modern College of Design,,the-modern-college-of-design,Kettering,OH,45440,https://themodern.edu/,39.681305,-84.134269,True,1
205443,Shawnee State University,,shawnee-state-university,Portsmouth,OH,45662,https://www.shawnee.edu/,38.730867,-82.993769,True,1
205470,Sinclair Community College,,sinclair-community-college,Dayton,OH,45402-1460,https://www.sinclair.edu/,39.757598,-84.200628,True,1
205841,Stark State College,Stark State College,stark-state-college,North Canton,OH,44720,https://www.starkstate.edu/,40.870597,-81.439017,True,1
205887,Stautzenberger College-Maumee,,stautzenberger-college-maumee,Maumee,OH,43537-4007,https://www.sctoday.edu/,41.582662,-83.683042,True,3
205957,Franciscan University of Steubenville,Franciscan|Steubenville,franciscan-university-of-steubenville,Steubenville,OH,43952-1763,https://www.franciscan.edu/,40.376919,-80.620524,True,1
205966,Southern State Community College,,southern-state-community-college,Hillsboro,OH,45133-9406,https://www.sscc.edu/,39.236924,-83.614085,True,1
206011,Terra State Community College,Terra Community College|Terra Technical College,terra-state-community-college,Fremont,OH,43420-9670,https://terra.edu/,41.354111,-83.157799,True,1
206039,Tiffin Academy of Hair Design,,tiffin-academy-of-hair-design,Tiffin,OH,44883,https://tiffinacademy.com/,41.114497,-83.175814,True,1
206048,Tiffin University,,tiffin-university,Tiffin,OH,44883,https://www.tiffin.edu/,41.118316,-83.184197,True,1
206084,University of Toledo,,university-of-toledo,Toledo,OH,43606-3390,https://www.utoledo.edu/,41.660572,-83.614714,True,1
206154,Tri-State Bible College,TSBC,tri-state-bible-college,South Point,OH,45680,https://tsbc.edu/,38.426238,-82.579887,True,1
206172,Tri-County Adult Career Center,Tri-County Career Center  Tri-County Vocational School  Tri-County JVS,tri-county-adult-career-center,Nelsonville,OH,45764,https://tricountyhightech.com/,39.433202,-82.210554,True,1
206181,Tri-Rivers Career Center,,tri-rivers-career-center,Marion,OH,43302-8914,https://www.tririvers.com/,40.583077,-83.069824,True,1
206288,United Theological Seminary,,united-theological-seminary,Dayton,OH,45426-2308,https://www.united.edu/,39.813423,-84.276913,True,1
206321,Upper Valley Career Center,Upper Valley Joint Vocational School,upper-valley-career-center,Piqua,OH,45356,https://www.uppervalleycc.org/o/adult-division,40.161207,-84.213946,True,1
206349,Ursuline College,,ursuline-college,Pepper Pike,OH,44124,https://www.ursuline.edu/,41.497035,-81.465118,True,1
206437,Walsh University,Walsh College,walsh-university,North Canton,OH,44720-3396,https://www.walsh.edu/,40.873908,-81.369931,True,1
206446,Washington State College of Ohio,WSCO|Washington State CC|Washington State|W.S.C.O.|Washington State C. O.|Washington State C.O.,washington-state-college-of-ohio,Marietta,OH,45750,https://www.wsco.edu/,39.430824,-81.43392,True,1
206491,Wilberforce University,,wilberforce-university,Wilberforce,OH,45384-1001,https://www.wilberforce.edu/,39.707291,-83.880595,True,1
206507,Wilmington College,,wilmington-college,Wilmington,OH,45177,https://www.wilmington.edu/,39.444744,-83.818342,True,1
206516,Winebrenner Theological Seminary,,winebrenner-theological-seminary,Findlay,OH,45840,https://winebrenner.edu/,41.052464,-83.650711,True,1
206525,Wittenberg University,Wittenberg|Wittenburg|Wittenburg University,wittenberg-university,Springfield,OH,45504,https://www.wittenberg.edu/,39.934029,-83.815445,True,1
206589,The College of Wooster,Wooster,the-college-of-wooster,Wooster,OH,44691,https://wooster.edu/,40.81046,-81.934674,True,1
206604,Wright State University-Main Campus,,wright-state-university-main-campus,Dayton,OH,45435-0001,https://www.wright.edu/,39.780634,-84.064881,True,2
206613,Wright State University-Lake Campus,,wright-state-university-lake-campus,Celina,OH,45822,https://lake.wright.edu/,40.546074,-84.509194,False,2
206622,Xavier University,XU | X,xavier-university,Cincinnati,OH,45207-1092,https://www.xavier.edu/,39.149547,-84.47465,True,1
206695,Youngstown State University,,youngstown-state-university,Youngstown,OH,44555-0001,https://ysu.edu/,41.104928,-80.64659,True,1
206835,Oklahoma Wesleyan University,OKWU or OWU,oklahoma-wesleyan-university,Bartlesville,OK,74006-6299,https://www.okwu.edu/,36.717453,-95.95671,True,1
206862,Southern Nazarene University,SNU,southern-nazarene-university,Bethany,OK,73008,https://www.snu.edu/,35.513295,-97.629504,True,1
206905,Pontotoc Technology Center,,pontotoc-technology-center,Ada,OK,74820,https://www.pontotoctech.edu/,34.7484,-96.683815,True,1
206914,Cameron University,,cameron-university,Lawton,OK,73505-6377,https://www.cameron.edu/,34.606487,-98.434163,True,1
206923,Carl Albert State College,,carl-albert-state-college,Poteau,OK,74953-5208,https://www.carlalbert.edu/,35.039173,-94.633986,True,1
206932,Central Oklahoma College,Central State Beauty and Wellness College,central-oklahoma-college,Oklahoma City,OK,73134,https://centraloc.edu/,35.621488,-97.560235,True,1
206941,University of Central Oklahoma,"UCO, Central",university-of-central-oklahoma,Edmond,OK,73034,https://www.uco.edu/,35.6552,-97.471508,True,1
206996,Connors State College,CSC,connors-state-college,Warner,OK,74469,https://connorsstate.edu/,35.492873,-95.319541,True,1
207041,East Central University,ECU,east-central-university,Ada,OK,74820-6999,https://www.ecok.edu/,34.771934,-96.663849,True,1
207050,Eastern Oklahoma State College,Eastern|EOSC,eastern-oklahoma-state-college,Wilburton,OK,74578-4999,https://www.eosc.edu/,34.914079,-95.328995,True,1
207069,Redlands Community College,,redlands-community-college,El Reno,OK,73036-5304,https://www.redlandscc.edu/,35.518475,-97.974592,True,1
207087,Formations Institute,,formations-institute,Enid,OK,73703-4538,https://www.formationsinstitute.edu/,36.393267,-97.927122,True,1
207102,Eves College of Hairstyling,Elite Academy of Cosmetology,eves-college-of-hairstyling,Lawton,OK,73501,https://www.eliteacademyok.com/,34.604991,-98.402794,True,1
207157,Randall University,,randall-university,Moore,OK,73160,https://www.ru.edu/,35.300757,-97.491107,True,1
207209,Langston University,,langston-university,Langston,OK,73050,https://www.langston.edu/,35.943982,-97.260317,True,1
207236,Murray State College,Murray State College,murray-state-college,Tishomingo,OK,73460,https://www.mscok.edu/,34.222949,-96.677906,True,1
207254,Spartan College of Aeronautics and Technology,Spartan College-Tulsa,spartan-college-of-aeronautics-and-technology-2,Tulsa,OK,74115,https://www.spartan.edu/,36.176642,-95.878902,True,1
207263,Northeastern State University,NSU,northeastern-state-university,Tahlequah,OK,74464-2399,https://www.nsuok.edu/,35.919939,-94.967229,True,1
207281,Northern Oklahoma College,,northern-oklahoma-college,Tonkawa,OK,74653,https://www.noc.edu/,36.678649,-97.295887,True,1
207290,Northeastern Oklahoma A&M College,NEO A&M College,northeastern-oklahoma-a-m-college,Miami,OK,74354,https://www.neo.edu/,36.877255,-94.867248,True,1
207306,Northwestern Oklahoma State University,NWOSU|Northwestern Okla State|Northwestern Oklahoma State|,northwestern-oklahoma-state-university,Alva,OK,73717-2799,https://www.nwosu.edu/,36.796658,-98.667673,True,1
207315,Oklahoma State University Center for Health Sciences,,oklahoma-state-university-center-for-health-sciences,Tulsa,OK,74107-1898,https://medicine.okstate.edu/,36.137977,-96.005702,True,1
207324,Oklahoma Christian University,"OC, Oklahoma Christian, OCUSA, Oklahoma Christian University of Science and Arts, OCC, Oklahoma Christian College",oklahoma-christian-university,Edmond,OK,73013,https://www.oc.edu/,35.611412,-97.469526,True,1
207342,University of Oklahoma-Health Sciences Center,,university-of-oklahoma-health-sciences-center,Oklahoma City,OK,73117-1221,https://ouhsc.edu/,35.47928,-97.496289,False,2
207351,Oklahoma Panhandle State University,"OPSU, Panhandle, Panhandle State",oklahoma-panhandle-state-university,Goodwell,OK,73939-0430,https://opsu.edu/,36.594518,-101.638488,True,1
207388,Oklahoma State University-Main Campus,,oklahoma-state-university-main-campus,Stillwater,OK,74078-1015,https://www.okstate.edu/,36.123085,-97.069743,True,1
207397,Oklahoma State University-Oklahoma City,OSU-Oklahoma City|OSU-OKC,oklahoma-state-university-oklahoma-city,Oklahoma City,OK,73107-6195,https://osuokc.edu/,35.474969,-97.581959,True,1
207403,Oklahoma Baptist University,,oklahoma-baptist-university,Shawnee,OK,74804,https://www.okbu.edu/,35.360492,-96.932459,True,1
207449,Oklahoma City Community College,"OCCC, O Triple C, O Trip",oklahoma-city-community-college,Oklahoma City,OK,73159-9987,https://www.occc.edu/,35.387699,-97.570109,True,1
207458,Oklahoma City University,,oklahoma-city-university,Oklahoma City,OK,73106-1402,https://www.okcu.edu/,35.495271,-97.541242,True,1
207500,University of Oklahoma-Norman Campus,University of Oklahoma|Oklahoma University|OU|Oklahoma,university-of-oklahoma-norman-campus,Norman,OK,73019-3072,https://www.ou.edu/,35.209407,-97.444211,True,2
207564,Oklahoma State University Institute of Technology,,oklahoma-state-university-institute-of-technology,Okmulgee,OK,74447-3901,https://osuit.edu/,35.626934,-95.940373,True,1
207582,Oral Roberts University,ORU,oral-roberts-university,Tulsa,OK,74171,https://oru.edu/,36.049129,-95.952547,True,1
207661,Rogers State University,RSU|Rogers University|Rogers State College|Claremore Junior College|Claremore Jr. College|CJC|Oklahoma Military Academy|OMA|Eastern University Preparatory School,rogers-state-university,Claremore,OK,74017-3252,https://www.rsu.edu/,36.321437,-95.635718,True,1
207670,Rose State College,RSC/Rose/Oscar Rose Junior College/ORJC,rose-state-college,Midwest City,OK,73110-2799,https://www.rose.edu/,35.44372,-97.414113,True,1
207704,Jenks Beauty College,,jenks-beauty-college,Jenks,OK,74037,https://jenksbeautycollege.edu/,36.023435,-95.975154,True,1
207722,University of Science and Arts of Oklahoma,USAO,university-of-science-and-arts-of-oklahoma,Chickasha,OK,73018-5322,https://usao.edu/,35.031392,-97.95641,True,1
207740,Seminole State College,,seminole-state-college,Seminole,OK,74868-1901,https://www.sscok.edu/,35.249515,-96.704908,True,1
207786,Southern School of Beauty Inc,,southern-school-of-beauty-inc,Durant,OK,74701-5008,https://www.southernschoolbeauty.com/,33.991184,-96.377181,True,1
207847,Southeastern Oklahoma State University,,southeastern-oklahoma-state-university,Durant,OK,74701-3347,https://www.se.edu/,34.006808,-96.376864,True,1
207856,Southwestern Christian University,SCU,southwestern-christian-university,Bethany,OK,73008,https://www.swcu.edu/,35.513314,-97.63934,True,1
207865,Southwestern Oklahoma State University,SWOSU|Southwestern|Southwestern Oklahoma State University Weatherford Campus|Southwestern Oklahoma State University Sayre Campus,southwestern-oklahoma-state-university,Weatherford,OK,73096-3001,https://www.swosu.edu/,35.535281,-98.707768,True,1
207935,Tulsa Community College,,tulsa-community-college,Tulsa,OK,74119,https://www.tulsacc.edu/,36.147629,-95.986186,True,1
207962,Tulsa Welding School-Tulsa,"TWS, TWS-Tulsa",tulsa-welding-school-tulsa,Tulsa,OK,74104,https://www.tws.edu/,36.148202,-95.954378,True,5
207971,University of Tulsa,Tulsa University,university-of-tulsa,Tulsa,OK,74104-3189,https://utulsa.edu/,36.152324,-95.945941,True,1
208035,Western Oklahoma State College,"Western,WOSC",western-oklahoma-state-college,Altus,OK,73521-1397,https://www.wosc.edu/,34.669018,-99.33699,True,1
208044,Formations Institute of Cosmetology & Barbering,Formations Institute,formations-institute-of-cosmetology-barbering,Woodward,OK,73801,https://formationsinstitute.edu/,36.43491,-99.386309,True,1
208053,High Plains Technology Center,,high-plains-technology-center,Woodward,OK,73801,https://www.hptc.edu/,36.40621,-99.427304,True,1
208275,Blue Mountain Community College,BMCC,blue-mountain-community-college,Pendleton,OR,97801,https://bluecc.edu/,45.677313,-118.816944,True,1
208318,Central Oregon Community College,COCC,central-oregon-community-college,Bend,OR,97703,https://www.cocc.edu/,44.071401,-121.348585,True,1
208390,Chemeketa Community College,,chemeketa-community-college,Salem,OR,97305,https://www.chemeketa.edu/,44.978655,-122.978076,True,1
208406,Clackamas Community College,,clackamas-community-college,Oregon City,OR,97045-8980,https://www.clackamas.edu/,45.323185,-122.574272,True,1
208415,Clatsop Community College,,clatsop-community-college,Astoria,OR,97103,https://www.clatsopcc.edu/,46.183107,-123.823339,True,1
208433,College of Hair Design Careers,Hair Design Careers | CHDC,college-of-hair-design-careers,Salem,OR,97301-1952,https://www.collegeofhairdesigncareers.com/,44.949897,-122.981554,True,1
208512,Sumner College,,sumner-college,Portland,OR,97220,https://sumnercollege.edu/,45.574935,-122.576024,True,1
208637,East West College of the Healing Arts,,east-west-college-of-the-healing-arts,Portland,OR,97201-0000,https://www.eastwestcollege.edu/,45.513392,-122.681029,True,1
208646,Eastern Oregon University,EOU,eastern-oregon-university,La Grande,OR,97850,https://www.eou.edu/,45.319795,-118.092495,True,1
208725,New Hope Christian College-Eugene,,new-hope-christian-college-eugene,Eugene,OR,97405,https://www.newhope.edu/,44.032674,-123.15355,True,1
208822,George Fox University,GFU,george-fox-university,Newberg,OR,97132,https://www.georgefox.edu/,45.303629,-122.967494,True,1
208859,Phagans Grants Pass College of Beauty,,phagans-grants-pass-college-of-beauty,Grants Pass,OR,97526,https://www.phagans-schools.com/,42.435266,-123.298826,True,1
209038,Lane Community College,,lane-community-college,Eugene,OR,97405-0640,https://www.lanecc.edu/,44.009325,-123.032644,True,1
209056,Lewis & Clark College,Lewis and Clark College,lewis-clark-college,Portland,OR,97219-7899,https://www.lclark.edu/,45.450882,-122.669137,True,1
209065,Linfield University,Linfield College|Linfield|LC|Lindfield|Lynfield|Linnfield|Lynnfield|Linfeld|Lindfield College|Lynfield College|Linnfield College|Lynnfield College|Linfeld College|Linfield University|Lindfield University|Lynfield University|Lynnfield University|Linfeld University|Linfeild|Linfeild College|Linfeild University|Wildcats|Mac Campus,linfield-university,McMinnville,OR,97128-6894,https://www.linfield.edu/,45.201173,-123.199642,True,1
209074,Linn-Benton Community College,LBCC,linn-benton-community-college,Albany,OR,97321,https://www.linnbenton.edu/index.php,44.587663,-123.11403,True,1
209083,Northwest College-Beaverton,Northwest College - School of Beauty,northwest-college-beaverton,Beaverton,OR,97005,https://www.nwcollege.edu/,45.489301,-122.805741,False,5
209205,Northwest College-Clackamas,Northwest College - School of Beauty,northwest-college-clackamas,Happy Valley,OR,97086,https://www.nwcollege.edu/,45.438533,-122.576902,True,5
209241,Mount Angel Seminary,,mount-angel-seminary,Saint Benedict,OR,97373,https://www.mountangelabbey.org/seminary,45.057871,-122.775405,True,1
209250,Mt Hood Community College,MHCC,mt-hood-community-college,Gresham,OR,97030,https://www.mhcc.edu/,45.514862,-122.396972,True,1
209296,National University of Natural Medicine,,national-university-of-natural-medicine,Portland,OR,97201-4848,https://www.nunm.edu/,45.501931,-122.6766,True,1
209409,Bushnell University,Bushnell,bushnell-university,Eugene,OR,97401-3745,https://www.bushnell.edu/,44.047483,-123.079754,True,2
209490,Oregon Health & Science University,OHSU| Oregon Health and Sciences University,oregon-health-science-university,Portland,OR,97239-3098,https://www.ohsu.edu/,45.498772,-122.686096,True,1
209506,Oregon Institute of Technology,OIT|Oregon Tech,oregon-institute-of-technology,Klamath Falls,OR,97601-8801,https://www.oit.edu/,42.257152,-121.785177,True,1
209542,Oregon State University,OSU,oregon-state-university,Corvallis,OR,97331,https://oregonstate.edu/,44.56395,-123.274723,True,2
209551,University of Oregon,UO,university-of-oregon,Eugene,OR,97403,https://www.uoregon.edu/,44.045146,-123.075792,True,1
209603,Pacific Northwest College of Art,PNCA,pacific-northwest-college-of-art,Portland,OR,97209-3404,https://willamette.edu/pnca/index.html,45.526766,-122.678182,True,1
209612,Pacific University,Pacific|PU|Pac U|PacificU|Pacific University Oregon,pacific-university,Forest Grove,OR,97116,https://www.pacificu.edu/,45.521394,-123.108777,True,1
209667,Phagans Beauty College,,phagans-beauty-college,Corvallis,OR,97333,https://www.phagans-schools.com/,44.549973,-123.310594,True,1
209676,Phagans Central Oregon Beauty College,,phagans-central-oregon-beauty-college,Bend,OR,97701,https://www.phagans-schools.com/,44.063609,-121.264194,True,1
209694,Phagans School of Beauty,,phagans-school-of-beauty,Salem,OR,97301,https://www.phagans-schools.com/,44.937695,-122.981962,True,1
209700,Phagans School of Hair Design,,phagans-school-of-hair-design,Happy Valley,OR,97086,https://www.phagans.com/,45.435373,-122.574975,True,1
209719,Summit Salon Academy-Portland,Summit Salon Academy-PDX,summit-salon-academy-portland,Tigard,OR,97223,https://www.summitsalonacademyportland.com/,45.433994,-122.766574,True,1
209746,Portland Community College,,portland-community-college,Portland,OR,97219-7132,https://www.pcc.edu/,45.438154,-122.730876,True,1
209807,Portland State University,,portland-state-university,Portland,OR,97201,https://www.pdx.edu/,45.511601,-122.686289,True,1
209825,University of Portland,,university-of-portland,Portland,OR,97203-5798,https://www.up.edu/,45.572724,-122.726691,True,1
209922,Reed College,Reed,reed-college,Portland,OR,97202-8199,https://www.reed.edu/,45.480959,-122.630348,True,1
209940,Rogue Community College,,rogue-community-college,Grants Pass,OR,97527-9291,https://www.roguecc.edu/,42.412159,-123.39326,True,1
210146,Southern Oregon University,SOU,southern-oregon-university,Ashland,OR,97520,https://www.sou.edu/,42.185077,-122.695081,True,1
210155,Southwestern Oregon Community College,,southwestern-oregon-community-college,Coos Bay,OR,97420-2193,https://www.socc.edu/,43.395327,-124.25224,True,1
210234,Treasure Valley Community College,,treasure-valley-community-college,Ontario,OR,97914,https://www.tvcc.cc/,44.020811,-116.974487,True,1
210270,Umpqua Community College,,umpqua-community-college,Roseburg,OR,97470-0226,https://www.umpqua.edu/,43.289317,-123.332475,True,1
210304,Warner Pacific University,Warner Pacific College ADP,warner-pacific-university,Portland,OR,97215,https://www.warnerpacific.edu/,45.506265,-122.592498,True,1
210331,Corban University,Warriors,corban-university,Salem,OR,97317-9392,https://www.corban.edu/,44.882399,-122.961129,True,1
210368,Western Seminary,Western Seminary-San JoseWestern Seminary-Portland,western-seminary,Portland,OR,97215-3367,https://www.westernseminary.edu/,45.512091,-122.606374,True,2
210401,Willamette University,,willamette-university,Salem,OR,97301,https://www.willamette.edu/,44.935457,-123.030537,True,1
210429,Western Oregon University,Western Oregon State College,western-oregon-university,Monmouth,OR,97361-1394,https://wou.edu/,44.852235,-123.238309,True,1
210438,University of Western States,Western States Chiropractic College,university-of-western-states,Portland,OR,97213,https://www.uws.edu/,45.5365193,-122.580586,True,1
210492,Bryn Athyn College of the New Church,Bryn Athyn College,bryn-athyn-college-of-the-new-church,Bryn Athyn,PA,19009-0717,https://www.brynathyn.edu/,40.134393,-75.060808,True,1
210508,Academy of Vocal Arts,,academy-of-vocal-arts,Philadelphia,PA,19103-6685,https://www.avaopera.org/,39.94796,-75.173735,True,1
210571,Albright College,,albright-college,Reading,PA,19604,https://www.albright.edu/home/,40.361351,-75.909742,True,1
210599,All-State Career School,,all-state-career-school,Essington,PA,19029,https://www.allstatecareer.edu/,39.866057,-75.303038,True,1
210605,Community College of Allegheny County,CCAC,community-college-of-allegheny-county,Pittsburgh,PA,15233-1895,https://www.ccac.edu/,40.450908,-80.018453,True,1
210669,Allegheny College,,allegheny-college,Meadville,PA,16335-3902,https://allegheny.edu/,41.64869,-80.147168,True,1
210711,The  Beauty Institute,The Beauty Institute,the-beauty-institute,Whitehall,PA,18052,https://www.thebeautyinstituteskp.edu/,40.631236,-75.481024,True,1
210739,DeSales University,,desales-university,Center Valley,PA,18034-9568,https://www.desales.edu/,40.539091,-75.375608,True,1
210748,Altoona Beauty School Inc,,altoona-beauty-school-inc,Altoona,PA,16602-6039,https://www.altoonabeautyschool.com/,40.501861,-78.387852,True,1
210775,Alvernia University,,alvernia-university,Reading,PA,19607-1799,https://www.alvernia.edu/,40.310028,-75.936754,True,1
210784,The Beauty Institute-Ambler,The Beauty Institute,the-beauty-institute-ambler,Ambler,PA,19002,https://ambler.thebeautyinstituteskp.edu/,40.154233,-75.222204,True,2
210809,American College of Financial Services,The American College,american-college-of-financial-services,King of Prussia,PA,19406,https://www.theamericancollege.edu/,40.101644,-75.394652,True,1
211006,Automotive Training Center-Exton,,automotive-training-center-exton,Exton,PA,19341-1310,https://www.autotraining.edu/,40.058206,-75.643079,True,2
211079,Community College of Beaver County,CCBC,community-college-of-beaver-county,Monaca,PA,15061-2588,https://www.ccbc.edu/,40.655601,-80.305876,True,1
211088,Arcadia University,Beaver College,arcadia-university,Glenside,PA,19038-3295,https://www.arcadia.edu/,40.092606,-75.163876,True,1
211273,Bryn Mawr College,,bryn-mawr-college,Bryn Mawr,PA,19010,https://www.brynmawr.edu/,40.02736,-75.313223,True,1
211291,Bucknell University,,bucknell-university,Lewisburg,PA,17837,https://www.bucknell.edu/,40.954317,-76.882616,True,1
211307,Bucks County Community College,,bucks-county-community-college,Newtown,PA,18940-4106,https://www.bucks.edu/,40.239102,-74.965841,True,3
211316,Beauty Culture School LLC,Bucks County School of Beauty Culture,beauty-culture-school-llc,Feasterville,PA,19053-7368,https://www.bcsbc.edu/,40.166449,-75.007054,True,1
211334,Butler Beauty Academy,,butler-beauty-academy,Butler,PA,16001,https://beautyacademies.net/,40.859152,-79.895107,True,3
211343,Butler County Community College,BC3,butler-county-community-college,Butler,PA,16002,https://www.bc3.edu/,40.829364,-79.911433,True,1
211431,Carlow University,,carlow-university,Pittsburgh,PA,15213-3165,https://www.carlow.edu/,40.439293,-79.963448,True,1
211440,Carnegie Mellon University,Carnegie Mellon; CMU,carnegie-mellon-university,Pittsburgh,PA,15213-3890,https://www.cmu.edu/,40.44357,-79.941993,True,1
211468,Cedar Crest College,,cedar-crest-college,Allentown,PA,18104-6196,https://www.cedarcrest.edu/,40.586318,-75.519221,True,1
211477,Central Penn College,Central Penn,central-penn-college,Summerdale,PA,17025,https://www.centralpenn.edu/,40.3049,-76.934461,True,1
211556,Chatham University,Chatham,chatham-university,Pittsburgh,PA,15232,https://www.chatham.edu/,40.448432,-79.926083,True,1
211583,Chestnut Hill College,CHC,chestnut-hill-college,Philadelphia,PA,19118-2693,https://www.chc.edu/,40.08678,-75.228742,True,1
211608,Cheyney University of Pennsylvania,,cheyney-university-of-pennsylvania,Cheyney,PA,19319-0200,https://www.cheyney.edu/,39.932274,-75.529262,True,1
211635,Citizens School of Nursing,,citizens-school-of-nursing,Tarentum,PA,15084,https://www.ahn.org/education/citizens-school-nursing,40.573248,-79.798934,True,1
211802,DLP Conemaugh Memorial Medical Center,Memorial Medical Center,dlp-conemaugh-memorial-medical-center,Johnstown,PA,15905-4398,https://www.conemaugh.org/education,40.305445,-78.918445,True,1
211893,Curtis Institute of Music,,curtis-institute-of-music,Philadelphia,PA,19103,https://www.curtis.edu/,39.948857,-75.170727,True,1
211927,Delaware County Community College,,delaware-county-community-college,Media,PA,19063-1094,https://www.dccc.edu/,39.966724,-75.39308,True,1
211981,Delaware Valley University,,delaware-valley-university,Doylestown,PA,18901-2697,https://www.delval.edu/,40.298659,-75.158452,True,1
212009,Dickinson College,,dickinson-college,Carlisle,PA,17013-2896,https://www.dickinson.edu/,40.202796,-77.197854,True,1
212045,Douglas Education Center,,douglas-education-center,Monessen,PA,15062,https://www.dec.edu/,40.161519,-79.888461,True,1
212054,Drexel University,Drexel,drexel-university,Philadelphia,PA,19104,https://drexel.edu/,39.955217,-75.190051,True,1
212106,Duquesne University,,duquesne-university,Pittsburgh,PA,15282,https://www.duq.edu/,40.43589,-79.993123,True,1
212115,East Stroudsburg University of Pennsylvania,East Stroudsburg University,east-stroudsburg-university-of-pennsylvania,East Stroudsburg,PA,18301-2999,https://www.esu.edu/,40.99599,-75.173905,True,1
212133,Eastern University,,eastern-university,Saint Davids,PA,19087-3696,https://www.eastern.edu/about/student-consumer-information,40.050448,-75.370316,True,1
212197,Elizabethtown College,,elizabethtown-college,Elizabethtown,PA,17022-2298,https://www.etown.edu/,40.149236,-76.593224,True,1
212230,Empire Beauty School-Lebanon,,empire-beauty-school-lebanon,Lebanon,PA,17042,https://www.empire.edu/,40.311029,-76.423302,False,7
212267,Empire Beauty School-York,,empire-beauty-school-york,York,PA,17402,https://www.empire.edu/,39.972543,-76.674663,False,13
212276,Empire Beauty School-Lancaster,,empire-beauty-school-lancaster,Lancaster,PA,17603,https://www.empire.edu/,40.038813,-76.354033,False,10
212294,Empire Beauty School-Shamokin Dam,,empire-beauty-school-shamokin-dam,Shamokin Dam,PA,17876,https://www.empire.edu/,40.854559,-76.815891,False,10
212300,Empire Beauty School-Pottsville,,empire-beauty-school-pottsville,Pottsville,PA,17901,https://www.empire.edu/,40.706451,-76.186417,True,9
212328,Empire Beauty  School-Lehigh Valley,,empire-beauty-school-lehigh-valley,Whitehall,PA,18052,https://www.empire.edu/,40.63006,-75.485471,True,10
212337,Empire Beauty School-Gwinnett,,empire-beauty-school-gwinnett,Lawrenceville,GA,30044-3045,https://www.empire.edu/,33.939252,-84.121878,False,9
212355,Empire Beauty School-Wyoming Valley,,empire-beauty-school-wyoming-valley,Moosic,PA,18507,https://www.empire.edu/,41.375743,-75.701735,True,13
212382,Empire Beauty School-Harrisburg,,empire-beauty-school-harrisburg,Harrisburg,PA,17109,https://www.empire.edu/,40.293647,-76.828798,False,7
212391,Empire Beauty School-Reading,,empire-beauty-school-reading,Reading,PA,19605,https://www.empire.edu/,40.370166,-75.927465,False,13
212434,Erie Institute of Technology Inc,,erie-institute-of-technology-inc,Erie,PA,16565,https://www.erieit.edu/,42.071725,-80.100853,True,1
212577,Franklin and Marshall College,Franklin & Marshall College|Franklin & Marshall|Franklin and Marshall|F&M|FandM,franklin-and-marshall-college,Lancaster,PA,17604-3003,https://www.fandm.edu/,40.048045,-76.319037,True,1
212601,Gannon University,,gannon-university,Erie,PA,16541-0001,https://www.gannon.edu/,42.128403,-80.087166,True,1
212656,Geneva College,,geneva-college,Beaver Falls,PA,15010-3599,https://www.geneva.edu/,40.772518,-80.321826,True,1
212674,Gettysburg College,,gettysburg-college,Gettysburg,PA,17325,https://www.gettysburg.edu/,39.836597,-77.236792,True,1
212753,Empire Beauty School-NE Philadelphia,,empire-beauty-school-ne-philadelphia,Philadelphia,PA,19154,https://www.empire.edu/,40.084983,-74.971093,True,8
212771,Gratz College,,gratz-college,Jenkintown,PA,19046,https://www.gratz.edu/,40.067206,-75.133915,True,1
212805,Grove City College,,grove-city-college,Grove City,PA,16127-2104,https://www.gcc.edu/,41.1558,-80.081481,True,1
212832,Gwynedd Mercy University,,gwynedd-mercy-university,Gwynedd Valley,PA,19437-0901,https://www.gmercyu.edu/,40.19774,-75.237224,True,1
212869,Harcum College,,harcum-college,Bryn Mawr,PA,19010-3476,https://www.harcum.edu/s/1044/edu/start.aspx,40.022582,-75.314801,True,1
212878,Harrisburg Area Community College,HACC,harrisburg-area-community-college,Harrisburg,PA,17110-2999,https://www.hacc.edu/,40.296777,-76.886408,True,5
212911,Haverford College,,haverford-college,Haverford,PA,19041-1392,https://www.haverford.edu/,40.007452,-75.305207,True,1
212975,Commonwealth Technical Institute,CTI,commonwealth-technical-institute,Johnstown,PA,15905,https://www.dli.pa.gov/Individuals/Disability-Services/CTI-HGAC/Pages/Home.aspx,40.301691,-78.947004,True,1
212984,Holy Family University,Holy Family,holy-family-university,Philadelphia,PA,19114-2009,https://www.holyfamily.edu/,40.060581,-74.986451,True,1
213011,Immaculata University,,immaculata-university,Immaculata,PA,19345,https://www.immaculata.edu/,40.027981,-75.570711,True,1
213020,Indiana University of Pennsylvania,,indiana-university-of-pennsylvania,Indiana,PA,15705-1098,https://www.iup.edu/,40.617531,-79.159332,True,1
213163,UPMC Jameson School of Nursing,,upmc-jameson-school-of-nursing,New Castle,PA,16105,https://www.upmc.com/healthcare-professionals/education/schools-of-nursing/campuses/jameson,41.026499,-80.353,True,2
213181,Great Lakes Institute of Technology,,great-lakes-institute-of-technology,Erie,PA,16509-2482,https://www.glit.edu/,42.079508,-80.091816,True,1
213233,Johnson College,,johnson-college,Scranton,PA,18508-1495,https://www.johnson.edu/,41.450409,-75.642476,True,1
213251,Juniata College,,juniata-college,Huntingdon,PA,16652-2196,https://www.juniata.edu/,40.500523,-78.017292,True,1
213303,Keystone College,,keystone-college,La Plume,PA,18440-0200,https://www.keystone.edu/,41.558969,-75.777456,True,1
213321,King's College,Kings College|King's|Kings,king-s-college,Wilkes-Barre,PA,18711-0801,https://www.kings.edu/,41.250097,-75.879822,True,1
213330,Butler Beauty Academy-Kittanning Beauty Academy,,butler-beauty-academy-kittanning-beauty-academy,Kittanning,PA,16201,https://beautyacademies.net/,40.813778,-79.52003,False,3
213349,Kutztown University of Pennsylvania,,kutztown-university-of-pennsylvania,Kutztown,PA,19530-0730,https://www.kutztown.edu/,40.513561,-75.783933,True,1
213358,La Roche University,LRU,la-roche-university,Pittsburgh,PA,15237-5898,https://www.laroche.edu/,40.568615,-80.014851,True,1
213367,La Salle University,,la-salle-university,Philadelphia,PA,19141-1199,https://www.lasalle.edu/,40.037979,-75.153061,True,1
213376,Lackawanna College,,lackawanna-college,Scranton,PA,18509-3206,https://www.lackawanna.edu/,41.411556,-75.658963,True,1
213385,Lafayette College,,lafayette-college,Easton,PA,18042-1768,https://www.lafayette.edu/,40.69956,-75.209786,True,1
213400,Lancaster Bible College,,lancaster-bible-college,Lancaster,PA,17601-5036,https://www.lbc.edu/,40.075347,-76.287761,True,1
213455,Lancaster School of Cosmetology & Therapeutic Bodywork,,lancaster-school-of-cosmetology-therapeutic-bodywork,Lancaster,PA,17602,https://lancasterschoolofcosmetology.com/,40.040746,-76.283649,True,1
213473,Lansdale School of Business,,lansdale-school-of-business,North Wales,PA,19454-4114,https://www.lsb.edu/,40.22379,-75.284662,True,1
213491,Lansdale School of Cosmetology Inc,,lansdale-school-of-cosmetology-inc,Lansdale,PA,19446-2003,https://www.lansdalecosmetology.com/,40.243302,-75.286281,True,1
213507,Lebanon Valley College,LVC,lebanon-valley-college,Annville,PA,17003-1400,https://www.lvc.edu/,40.330604,-76.514431,True,1
213525,Lehigh Carbon Community College,LCCC,lehigh-carbon-community-college,Schnecksville,PA,18078-2598,https://www.lccc.edu/,40.66474,-75.610715,True,1
213534,Miller-Motte College-Berks Technical Institute,,miller-motte-college-berks-technical-institute,Wyomissing,PA,19610-1168,https://www.berks.edu/,40.344627,-75.978873,False,18
213543,Lehigh University,,lehigh-university,Bethlehem,PA,18015,https://www.lehigh.edu/,40.606822,-75.380236,True,1
213570,Lincoln Technical Institute-Allentown,Lincoln Tech  LTI,lincoln-technical-institute-allentown,Allentown,PA,18104-9889,https://www.lincolntech.edu/campus/allentown-pa,40.591908,-75.568979,False,8
213589,Lincoln Technical Institute-Levittown,,lincoln-technical-institute-levittown,Levittown,PA,19056,https://www.lincolntech.edu/campus/levittown-pa,40.049548,-74.999686,False,8
213598,Lincoln University,,lincoln-university-3,Lincoln University,PA,19352-0999,https://www.lincoln.edu/,39.807723,-75.926458,True,1
213622,UPMC St. Margaret School of Nursing,,upmc-st-margaret-school-of-nursing,Pittsburgh,PA,15238-3250,https://www.upmc.com/stmargson,40.491687,-79.863106,True,1
213631,United Lutheran Seminary,,united-lutheran-seminary,Gettysburg,PA,17325-1795,https://www.unitedlutheranseminary.edu/,39.831701,-77.244111,True,1
213659,Luzerne County Community College,,luzerne-county-community-college,Nanticoke,PA,18634,https://www.luzerne.edu/,41.194728,-75.991095,True,1
213668,Lycoming College,,lycoming-college,Williamsport,PA,17701-5192,https://www.lycoming.edu/,41.24666,-77,True,1
213774,Manor College,,manor-college,Jenkintown,PA,19046-3399,https://www.manor.edu/,40.08714,-75.104786,True,1
213826,Marywood University,Marywood,marywood-university,Scranton,PA,18509-1598,https://www.marywood.edu/,41.434587,-75.634142,True,1
213914,Vet Tech Institute,,vet-tech-institute,Pittsburgh,PA,15222-3400,https://www.vettechinstitute.edu/campuses/pittsburgh-campus,40.443884,-80.000229,True,1
213932,Roxborough Memorial Hospital School of Nursing,,roxborough-memorial-hospital-school-of-nursing,Philadelphia,PA,19128,https://www.roxboroughmemorial.com/,40.028912,-75.209985,True,1
213987,Mercyhurst University,,mercyhurst-university,Erie,PA,16546,https://www.mercyhurst.edu/,42.10578,-80.053412,True,1
213996,Messiah University,,messiah-university,Mechanicsburg,PA,17055,https://www.messiah.edu/,40.156579,-76.988269,True,1
214023,ASPIRA City College,,aspira-city-college,Philadelphia,PA,19140-2302,https://aspiracitycollege.edu/,40.017493,-75.135042,True,1
214041,Millersville University of Pennsylvania,,millersville-university-of-pennsylvania,Millersville,PA,17551-0302,https://www.millersville.edu/,40.000337,-76.357381,True,1
214069,Misericordia University,,misericordia-university,Dallas,PA,18612-1098,https://www.misericordia.edu/,41.345277,-75.971541,True,1
214111,Montgomery County Community College,,montgomery-county-community-college,Blue Bell,PA,19422-0796,https://www.mc3.edu/,40.175609,-75.276093,True,1
214148,Moore College of Art and Design,Moore College,moore-college-of-art-and-design,Philadelphia,PA,19103-1179,https://www.moore.edu/,39.957078,-75.172105,True,1
214157,Moravian University,Moravian Theological Seminary | Moravian | Moravian Seminary,moravian-university,Bethlehem,PA,18018-6650,https://www.moravian.edu/,40.630947,-75.383638,True,1
214166,Mount Aloysius College,,mount-aloysius-college,Cresson,PA,16630-1999,https://www.mtaloy.edu/,40.459679,-78.600898,True,1
214175,Muhlenberg College,,muhlenberg-college,Allentown,PA,18104,https://www.muhlenberg.edu/,40.596416,-75.508502,True,1
214272,Neumann University,Neumann,neumann-university,Aston,PA,19014-1298,https://www.neumann.edu/,39.874876,-75.440022,True,1
214290,New Castle School of Trades,,new-castle-school-of-trades,New Castle,PA,16101,https://www.ncstrades.edu/,41.035228,-80.401417,True,3
214379,Northampton County Area Community College,Northampton Community College,northampton-county-area-community-college,Bethlehem,PA,18020-7599,https://www.northampton.edu/,40.67253,-75.32351,True,2
214476,Heritage Valley Health System School of Nursing,Heritage Valley Kennedy School of Nursing,heritage-valley-health-system-school-of-nursing,McKees Rocks,PA,15136,https://www.heritagevalley.org/,40.472356,-80.091066,True,1
214528,Orleans Technical College,,orleans-technical-college,Philadelphia,PA,19114-1014,https://www.orleanstech.edu/,40.090338,-75.011324,True,1
214582,Pennsylvania Institute of Technology,,pennsylvania-institute-of-technology,Media,PA,19063-4098,https://www.pit.edu/,39.908335,-75.38893,True,1
214591,Pennsylvania State University-Penn State Erie-Behrend College,Behrend College,pennsylvania-state-university-penn-state-erie-behrend-college,Erie,PA,16563-0001,https://behrend.psu.edu/,42.119417,-79.983818,False,21
214607,Pennsylvania State University-Penn State Great Valley,Great Valley,pennsylvania-state-university-penn-state-great-valley,Malvern,PA,19355-1488,https://greatvalley.psu.edu/,40.052444,-75.522409,False,21
214625,Pennsylvania State University-Penn State New Kensington,Penn State,pennsylvania-state-university-penn-state-new-kensington,New Kensington,PA,15068-1765,https://newkensington.psu.edu/,40.551056,-79.697461,False,21
214634,Pennsylvania State University-Penn State Shenango,Penn State,pennsylvania-state-university-penn-state-shenango,Sharon,PA,16146-1537,https://shenango.psu.edu/,41.235131,-80.50924,False,21
214643,Pennsylvania State University-Penn State Wilkes-Barre,Wilkes-Barre,pennsylvania-state-university-penn-state-wilkes-barre,Dallas,PA,18627-0217,https://wilkesbarre.psu.edu/,41.305602,-76.016151,False,21
214652,Pennsylvania State University-Penn State Scranton,Penn State,pennsylvania-state-university-penn-state-scranton,Dunmore,PA,18512-1602,https://scranton.psu.edu/,41.439843,-75.621401,False,21
214670,Pennsylvania State University-Penn State Lehigh Valley,Penn State,pennsylvania-state-university-penn-state-lehigh-valley,Center Valley,PA,18034-8447,https://lehighvalley.psu.edu/,40.559201,-75.40267,False,21
214689,Pennsylvania State University-Penn State Altoona,Penn State,pennsylvania-state-university-penn-state-altoona,Altoona,PA,16601-3777,https://altoona.psu.edu/,40.541759,-78.409601,False,21
214698,Pennsylvania State University-Penn State Beaver,Penn State,pennsylvania-state-university-penn-state-beaver,Monaca,PA,15061-2764,https://beaver.psu.edu/,40.678271,-80.296316,False,21
214704,Pennsylvania State University-Penn State Berks,Penn State,pennsylvania-state-university-penn-state-berks,Reading,PA,19610-1016,https://berks.psu.edu/,40.358839,-75.97329,False,21
214713,Pennsylvania State University-Penn State Harrisburg,Penn State,pennsylvania-state-university-penn-state-harrisburg,Middletown,PA,17057-4846,https://harrisburg.psu.edu/,40.204253,-76.741216,False,21
214731,Pennsylvania State University-Penn State Brandywine,Penn State,pennsylvania-state-university-penn-state-brandywine,Media,PA,19063-5522,https://brandywine.psu.edu/,39.927123,-75.449704,False,21
214740,Pennsylvania State University-Penn State DuBois,Penn State,pennsylvania-state-university-penn-state-dubois,DuBois,PA,15801-2549,https://dubois.psu.edu/,41.127184,-78.751554,False,21
214759,Pennsylvania State University-Penn State Fayette- Eberly,Penn State,pennsylvania-state-university-penn-state-fayette-eberly,Lemont Furnace,PA,15456-1025,https://fayette.psu.edu/,39.946455,-79.659317,False,21
214768,Pennsylvania State University-Penn State Hazleton,Penn State,pennsylvania-state-university-penn-state-hazleton,Hazleton,PA,18202-8025,https://hazleton.psu.edu/,40.98396,-76.030975,False,21
214777,Pennsylvania State University-Main Campus,Penn State,pennsylvania-state-university-main-campus,University Park,PA,16802-1503,https://psu.edu/,40.7965,-77.862848,True,21
214786,Pennsylvania State University-Penn State Greater Allegheny,Penn State,pennsylvania-state-university-penn-state-greater-allegheny,McKeesport,PA,15132-7644,https://greaterallegheny.psu.edu/,40.345591,-79.827428,False,21
214795,Pennsylvania State University-Penn State Mont Alto,Penn State,pennsylvania-state-university-penn-state-mont-alto,Mont Alto,PA,17237-9700,https://montalto.psu.edu/,39.842212,-77.541797,False,21
214801,Pennsylvania State University-Penn State Abington,Penn State,pennsylvania-state-university-penn-state-abington,Abington,PA,19001-3918,https://abington.psu.edu/,40.117101,-75.110724,False,21
214810,Pennsylvania State University-Penn State Schuylkill,Penn State,pennsylvania-state-university-penn-state-schuylkill,Schuylkill Haven,PA,17972-2202,https://schuylkill.psu.edu/,40.640512,-76.166374,False,21
214829,Pennsylvania State University-Penn State York,Penn State,pennsylvania-state-university-penn-state-york,York,PA,17403-3326,https://york.psu.edu/,39.95283,-76.703486,False,21
214883,Peirce College,,peirce-college,Philadelphia,PA,19103-5443,https://www.peirce.edu/,39.949623,-75.168105,True,1
214892,Penn Commercial Business/Technical School,Penn Commercial Inc.,penn-commercial-business-technical-school,Washington,PA,15301-6822,https://www.penncommercial.edu/,40.182387,-80.238844,True,1
214944,Pennco Tech-Bristol,,pennco-tech-bristol,Bristol,PA,19007,https://www.penncotech.edu/,40.097992,-74.870959,True,1
214971,Pennsylvania Academy of the Fine Arts,PAFA,pennsylvania-academy-of-the-fine-arts,Philadelphia,PA,19102-1510,https://www.pafa.org/,39.955692,-75.163456,True,1
215008,Pennsylvania Gunsmith School,,pennsylvania-gunsmith-school,Pittsburgh,PA,15202-2637,https://pagunsmith.edu/,40.496672,-80.068863,True,1
215044,Cortiva Institute,Pennsylvania School of Muscle Therapy,cortiva-institute-3,King of Prussia,PA,19406,https://www.cortiva.edu/,40.08063,-75.378356,True,1
215053,Pennsylvania College of Art and Design,,pennsylvania-college-of-art-and-design,Lancaster,PA,17603-0059,https://pcad.edu/,40.041152,-76.308769,True,1
215062,University of Pennsylvania,"Penn, U of PA, U-Penn, U of P, Pennsylvania, UPenn, Pennsylvania University, University of Pennsylvania, Wharton, Wharton School of Business",university-of-pennsylvania,Philadelphia,PA,19104-6303,https://www.upenn.edu/,39.950929,-75.19391,True,1
215114,Cairn University-Langhorne,Cairn,cairn-university-langhorne,Langhorne,PA,19047-2990,https://www.cairn.edu/,40.165809,-74.909509,True,1
215123,Philadelphia College of Osteopathic Medicine,PCOM,philadelphia-college-of-osteopathic-medicine,Philadelphia,PA,19131,https://www.pcom.edu/,40.004885,-75.216092,True,1
215239,Community College of Philadelphia,,community-college-of-philadelphia,Philadelphia,PA,19130-3991,https://www.ccp.edu/,39.962458,-75.165604,True,1
215266,University of Pittsburgh-Bradford,Pitt-Bradford,university-of-pittsburgh-bradford,Bradford,PA,16701,https://www.upb.pitt.edu/,41.943415,-78.673701,False,5
215275,University of Pittsburgh-Greensburg,,university-of-pittsburgh-greensburg,Greensburg,PA,15601-5860,https://www.greensburg.pitt.edu/,40.276447,-79.532676,False,5
215284,University of Pittsburgh-Johnstown,,university-of-pittsburgh-johnstown,Johnstown,PA,15904,https://www.upj.pitt.edu/,40.265957,-78.834163,False,5
215293,University of Pittsburgh-Pittsburgh Campus,,university-of-pittsburgh-pittsburgh-campus,Pittsburgh,PA,15260,https://www.pitt.edu/,40.444388,-79.953254,True,5
215309,University of Pittsburgh-Titusville,,university-of-pittsburgh-titusville,Titusville,PA,16354,https://www.titusville.pitt.edu/home,41.628697,-79.664156,False,5
215381,Pittsburgh Institute of Aeronautics,PIA Career Services,pittsburgh-institute-of-aeronautics,West Mifflin,PA,15122,https://pia.edu/,40.350804,-79.926575,True,1
215390,Pittsburgh Institute of Mortuary Science Inc,PIMS,pittsburgh-institute-of-mortuary-science-inc,Pittsburgh,PA,15206-3706,https://www.pims.edu/,40.459175,-79.930487,True,1
215424,Pittsburgh Theological Seminary,,pittsburgh-theological-seminary,Pittsburgh,PA,15206-2596,https://www.pts.edu/,40.467347,-79.921397,True,1
215442,Point Park University,,point-park-university,Pittsburgh,PA,15222-1984,https://www.pointpark.edu/,40.438768,-80.002061,True,1
215479,Joseph F McCloskey School of Nursing,Joseph F McCloskey School of Nursing,joseph-f-mccloskey-school-of-nursing,Pottsville,PA,17901,https://www.lvhn.org/education/joseph-f-mccloskey-school-nursing,40.692149,-76.189544,True,1
215530,The Salon Professional Academy-Altoona,,the-salon-professional-academy-altoona,Altoona,PA,16601-2419,https://www.tspaaltoona.com/,40.467868,-78.404069,True,2
215585,Reading Area Community College,RACC,reading-area-community-college,Reading,PA,19603,https://www.racc.edu/,40.334861,-75.935086,True,1
215594,Reading Hospital School of Health Sciences,RHSHS,reading-hospital-school-of-health-sciences,Reading,PA,19611,https://reading.towerhealth.org/academics/health-sciences/,40.32606,-75.950474,True,1
215619,Reconstructionist Rabbinical College,RRC,reconstructionist-rabbinical-college,Wyncote,PA,19095-1898,https://www.rrc.edu/,40.087689,-75.149506,True,1
215637,Walnut Hill College,,walnut-hill-college,Philadelphia,PA,19104,https://www.walnuthillcollege.edu/,39.955098,-75.20749,True,1
215655,Robert Morris University,,robert-morris-university,Moon Township,PA,15108-1189,https://www.rmu.edu/,40.520415,-80.210468,True,1
215682,Rosedale Technical College,,rosedale-technical-college,Pittsburgh,PA,15205-9791,https://www.rosedaletech.edu/,40.45205,-80.103926,True,1
215691,Rosemont College,,rosemont-college,Rosemont,PA,19010-1699,https://www.rosemont.edu/,40.033417,-75.32925,True,1
215743,Saint Francis University,,saint-francis-university,Loretto,PA,15940,https://www.francis.edu/,40.506734,-78.63904,True,1
215770,Saint Joseph's University - Philadelphia,SJU,saint-joseph-s-university-philadelphia,Philadelphia,PA,19131-1395,https://www.sju.edu/,39.994442,-75.238343,True,2
215798,Saint Vincent College,,saint-vincent-college,Latrobe,PA,15650-2690,https://www.stvincent.edu/,40.29265,-79.403762,True,1
215813,Saint Vincent Seminary,,saint-vincent-seminary,Latrobe,PA,15650-2690,https://www.saintvincentseminary.edu/,40.29265,-79.403762,False,1
215886,Schuylkill Technology Center,,schuylkill-technology-center,Frackville,PA,17931,https://adult.stcenters.org/,40.775735,-76.22938,True,1
215929,University of Scranton,,university-of-scranton,Scranton,PA,18510-4699,https://www.scranton.edu/,41.406556,-75.656915,True,1
215947,Seton Hill University,,seton-hill-university,Greensburg,PA,15601,https://www.setonhill.edu/,40.309407,-79.557433,True,1
215974,UPMC Shadyside School of Nursing,,upmc-shadyside-school-of-nursing,Pittsburgh,PA,15232,https://www.upmc.com/shyson,40.454751,-79.939494,True,2
215992,Laurel Technical Institute,LTI,laurel-technical-institute,Hermitage,PA,16148,https://www.laurel.edu/,41.189936,-80.463868,True,1
216010,Shippensburg University of Pennsylvania,Ship|SU|Shipensburg|Shippenburg|Shipenburg,shippensburg-university-of-pennsylvania,Shippensburg,PA,17257-2299,https://www.ship.edu/,40.057933,-77.522335,True,1
216038,Slippery Rock University of Pennsylvania,,slippery-rock-university-of-pennsylvania,Slippery Rock,PA,16057-1383,https://www.sru.edu/,41.062719,-80.045965,True,1
216047,Saint Charles Borromeo Seminary-Overbrook,,saint-charles-borromeo-seminary-overbrook,Ambler,PA,19002,https://www.scs.edu/,40.201235,-75.231732,True,1
216074,South Hills Beauty Academy,,south-hills-beauty-academy,Pittsburgh,PA,15216,https://www.shnhbeauty.com/,40.38933,-80.041544,True,1
216083,South Hills School of Business & Technology,,south-hills-school-of-business-technology,State College,PA,16801-4516,https://www.southhills.edu/,40.775033,-77.855466,True,2
216162,St Lukes Hospital School of Nursing,,st-lukes-hospital-school-of-nursing,Bethlehem,PA,18015,https://www.slhn.org/bethlehem,40.607054,-75.394494,True,1
216223,The Beauty Institute,The Beauty Institute,the-beauty-institute-2,Stroudsburg,PA,18360-1720,https://www.thebeautyinstituteskp.edu/,40.989612,-75.223872,True,1
216278,Susquehanna University,Susquahanna|Susquehana|Sesquehanna,susquehanna-university,Selinsgrove,PA,17870-1025,https://www.susqu.edu/,40.797502,-76.875329,True,1
216287,Swarthmore College,Swat,swarthmore-college,Swarthmore,PA,19081,https://www.swarthmore.edu/,39.905159,-75.354278,True,1
216296,Thaddeus Stevens College of Technology,,thaddeus-stevens-college-of-technology,Lancaster,PA,17602-3198,https://stevenscollege.edu/,40.037951,-76.288718,True,1
216311,Talmudical Yeshiva of Philadelphia,,talmudical-yeshiva-of-philadelphia,Philadelphia,PA,19131,https://www.meterware.com/typ/Talmudical_Yeshiva_of_Philadelphia/?C=N;O=D,39.989249,-75.247964,True,1
216339,Temple University,Temple,temple-university,Philadelphia,PA,19122-6096,https://www.temple.edu/,39.980546,-75.156859,True,1
216348,Theological Seminary of the Reformed Episcopal Church,Reformed Episcopal Seminary,theological-seminary-of-the-reformed-episcopal-church,Oreland,PA,19075,https://reseminary.edu/,40.102057,-75.182362,True,1
216357,Thiel College,,thiel-college,Greenville,PA,16125-2181,https://www.thiel.edu/,41.41354,-80.384383,True,1
216366,Thomas Jefferson University,"Jefferson, (Philadelphia University + Thomas Jefferson University), Philadelphia University, PhilaU, Jefferson",thomas-jefferson-university,Philadelphia,PA,19107,https://www.jefferson.edu/,39.948274,-75.158266,True,1
216463,Trinity Anglican Seminary,Trinity School for Ministry,trinity-anglican-seminary,Ambridge,PA,15003-2397,https://tas.edu/,40.593403,-80.230178,True,1
216524,Ursinus College,,ursinus-college,Collegeville,PA,19426-1000,https://www.ursinus.edu/,40.193023,-75.456505,True,1
216542,University of Valley Forge,VFCC; UVF; Valley Forge,university-of-valley-forge,Phoenixville,PA,19460-2373,https://www.valleyforge.edu/,40.117835,-75.5469,True,1
216551,Valley Forge Military College,VFMC,valley-forge-military-college,Wayne,PA,19087-3695,https://www.vfmcollege.edu/,40.053697,-75.382097,True,1
216579,Venus Beauty Academy,,venus-beauty-academy,Aston,PA,19014,https://www.venusbeautyacademy.com/,39.855718,-75.422229,True,1
216597,Villanova University,,villanova-university,Villanova,PA,19085-1699,https://www.villanova.edu/,40.036463,-75.340502,True,1
216630,Washington Health System School of Nursing,,washington-health-system-school-of-nursing,Washington,PA,15301,https://whs.org/school-of-nursing/,40.183984,-80.245709,True,1
216667,Washington & Jefferson College,W&J,washington-jefferson-college,Washington,PA,15301,https://www.washjeff.edu/,40.170622,-80.24049,True,1
216694,Waynesburg University,Waynesburg College,waynesburg-university,Waynesburg,PA,15370-1257,https://www.waynesburg.edu/,39.899871,-80.186205,True,1
216746,Welder Training and Testing Institute,W.T.T.I.,welder-training-and-testing-institute,Allentown,PA,18109-3253,https://www.wtti.edu/,40.626469,-75.447263,True,1
216764,West Chester University of Pennsylvania,WCU,west-chester-university-of-pennsylvania,West Chester,PA,19383,https://www.wcupa.edu/,39.953398,-75.59812,True,1
216773,Western Pennsylvania Hospital School of Nursing,West Penn Hospital School of Nursing,western-pennsylvania-hospital-school-of-nursing,Pittsburgh,PA,15224,https://www.ahn.org/health-care-professionals/education/nursing/schools/west-penn-hospital,40.462132,-79.945111,True,1
216807,Westminster College,,westminster-college-2,New Wilmington,PA,16172,https://www.westminster.edu/,41.119272,-80.331017,True,1
216816,Westminster Theological Seminary,,westminster-theological-seminary,Glenside,PA,19038,https://www.wts.edu/,40.09815,-75.176327,True,1
216825,Westmoreland County Community College,Westmoreland College,westmoreland-county-community-college,Youngwood,PA,15697-1895,https://westmoreland.edu/,40.234321,-79.564897,True,1
216852,Widener University,,widener-university,Chester,PA,19013-5792,https://www.widener.edu/,39.861689,-75.355363,True,1
216931,Wilkes University,Wilkes,wilkes-university,Wilkes-Barre,PA,18766,https://www.wilkes.edu/,41.244199,-75.890262,True,1
216940,Williamson College of the Trades,,williamson-college-of-the-trades,Media,PA,19063-5299,https://www.williamson.edu/,39.90807,-75.422024,True,1
217013,Wilson College,,wilson-college,Chambersburg,PA,17201-1285,https://www.wilson.edu/,39.949659,-77.650712,True,1
217040,Yeshivath Beth Moshe,,yeshivath-beth-moshe,Scranton,PA,18505-2196,https://yeshivabethmoshe.com/,41.394852,-75.656191,True,1
217059,York College of Pennsylvania,YCP,york-college-of-pennsylvania,York,PA,17403-3651,https://www.ycp.edu/,39.94614,-76.727984,True,1
217077,YTI Career Institute-York,YTI,yti-career-institute-york,York,PA,17402,https://www.yti.edu/,39.992432,-76.660321,True,1
217156,Brown University,,brown-university,Providence,RI,02912,https://www.brown.edu/,41.82617,-71.40385,True,1
217165,Bryant University,,bryant-university,Smithfield,RI,02917-1291,https://www.bryant.edu/,41.920092,-71.539547,True,1
217235,Johnson & Wales University-Providence,,johnson-wales-university-providence,Providence,RI,02903-3703,https://www.jwu.edu/campuses/providence/,41.819956,-71.41277,True,2
217305,New England Institute of Technology,New England Tech,new-england-institute-of-technology,East Greenwich,RI,02818-1205,https://www.neit.edu/,41.661783,-71.502892,True,1
217323,New England Tractor Trailer Training School of Rhode Island,NETTTS,new-england-tractor-trailer-training-school-of-rhode-island,Pawtucket,RI,02860,https://nettts.com/,41.880296,-71.405906,True,2
217402,Providence College,,providence-college,Providence,RI,02918-0001,https://www.providence.edu/,41.842742,-71.437446,True,1
217420,Rhode Island College,RIC|RI College|R.I. College|,rhode-island-college,Providence,RI,02908,https://www.ric.edu/,41.842415,-71.46556,True,1
217475,Community College of Rhode Island,CCRI,community-college-of-rhode-island,Warwick,RI,02886-1807,https://www.ccri.edu/,41.712817,-71.481509,True,1
217484,University of Rhode Island,URI,university-of-rhode-island,Kingston,RI,02881,https://web.uri.edu/,41.484691,-71.527356,True,1
217493,Rhode Island School of Design,RISD,rhode-island-school-of-design,Providence,RI,02903-2784,https://www.risd.edu/,41.827114,-71.409309,True,1
217518,Roger Williams University,RWU,roger-williams-university,Bristol,RI,02809-2921,https://www.rwu.edu/,41.650214,-71.260374,True,2
217536,Salve Regina University,,salve-regina-university,Newport,RI,02840-4192,https://www.salve.edu/,41.471545,-71.30124,True,1
217581,Empire Beauty School-Warwick,Warwick Academy of Beauty Culture |Arthur Angelo School of Cosmetology,empire-beauty-school-warwick,Providence,RI,02903,https://www.empire.edu/,41.821724,-71.422425,False,9
217606,Northpoint Bible College,,northpoint-bible-college,Haverhill,MA,01835,https://www.northpoint.edu/,42.765357,-71.079335,True,1
217615,Aiken Technical College,,aiken-technical-college,Graniteville,SC,29829,https://www.atc.edu/,33.533833,-81.841666,True,1
217624,Allen University,Allen University,allen-university,Columbia,SC,29204,https://www.allenuniversity.edu/,34.010348,-81.020045,True,1
217633,Anderson University,AU,anderson-university-2,Anderson,SC,29621-4035,https://www.andersonuniversity.edu/,34.5152,-82.640358,True,1
217688,Charleston Southern University,CSU|CHARLESTON SOUTHERN|,charleston-southern-university,Charleston,SC,29406-9121,https://www.charlestonsouthern.edu/,32.983047,-80.072587,True,1
217712,Technical College of the Lowcountry,"TCL  , Lowcountry",technical-college-of-the-lowcountry,Beaufort,SC,29901-1288,https://www.tcl.edu/,32.420197,-80.689468,True,1
217721,Benedict College,,benedict-college,Columbia,SC,29204-1086,https://www.benedict.edu/,34.012941,-81.020403,True,1
217749,Bob Jones University,,bob-jones-university,Greenville,SC,29614-0001,https://www.bju.edu/,34.874016,-82.365838,True,1
217776,Southern Wesleyan University,SWU,southern-wesleyan-university,Central,SC,29630-1020,https://www.swu.edu/,34.728068,-82.761586,True,1
217794,Charleston Cosmetology Institute,,charleston-cosmetology-institute,Charleston,SC,29420,https://www.charlestoncosmetology.com/,32.91777,-80.111988,True,1
217819,College of Charleston,,college-of-charleston,Charleston,SC,29424-0001,https://www.charleston.edu/,32.784225,-79.939794,True,1
217837,Northeastern Technical College,,northeastern-technical-college,Cheraw,SC,29520,https://www.netc.edu/,34.698248,-79.939245,True,1
217864,Citadel Military College of South Carolina,The Citadel,citadel-military-college-of-south-carolina,Charleston,SC,29409,https://citadel.edu/,32.797183,-79.958775,True,1
217873,Claflin University,,claflin-university,Orangeburg,SC,29115-4498,https://www.claflin.edu/,33.498444,-80.854319,True,1
217882,Clemson University,,clemson-university,Clemson,SC,29634,https://www.clemson.edu/,34.679381,-82.835114,True,1
217891,Clinton College,,clinton-college,Rock Hill,SC,29730,https://www.clintoncollege.edu/,34.913721,-81.043469,True,1
217907,Coker University,Coker,coker-university,Hartsville,SC,29550,https://coker.edu/,34.37696,-80.070416,True,1
217925,Columbia International University,CIU,columbia-international-university,Columbia,SC,29203-1513,https://www.ciu.edu/,34.07551,-81.07443,True,1
217934,Columbia College,,columbia-college-3,Columbia,SC,29203,https://www.columbiasc.edu/,34.045581,-81.029967,True,1
217961,Converse University,,converse-university,Spartanburg,SC,29302-0006,https://www.converse.edu/,34.955534,-81.917881,True,1
217989,Denmark Technical College,DTC,denmark-technical-college,Denmark,SC,29042,https://www.denmarktech.edu/,33.313355,-81.123629,True,1
217998,Erskine College,Erskine College and Seminary,erskine-college,Due West,SC,29639,https://www.erskine.edu/,34.332087,-82.39095,True,1
218025,Florence-Darlington Technical College,,florence-darlington-technical-college,Florence,SC,29501-0548,https://www.fdtc.edu/,34.243882,-79.81469,True,1
218061,Francis Marion University,,francis-marion-university,Florence,SC,29506,https://www.fmarion.edu/,34.189777,-79.652854,True,1
218070,Furman University,Furman University,furman-university,Greenville,SC,29613-6162,https://www.furman.edu/,34.924676,-82.440458,True,1
218113,Greenville Technical College,GTC,greenville-technical-college,Greenville,SC,29606,https://www.gvltec.edu/,34.826212,-82.371178,True,1
218140,Horry-Georgetown Technical College,HGTC,horry-georgetown-technical-college,Conway,SC,29526,https://www.hgtc.edu/,33.79614,-79.003611,True,1
218159,Kenneth Shuler School of Cosmetology-North Augusta,,kenneth-shuler-school-of-cosmetology-north-augusta,North Augusta,SC,29841,https://www.kennethshuler.com/,33.497587,-81.957885,True,2
218195,Kenneth Shuler School of Cosmetology and Nails-Columbia,,kenneth-shuler-school-of-cosmetology-and-nails-columbia,West Columbia,SC,29169,https://www.kennethshuler.com/,34.045282,-81.132969,True,3
218229,Lander University,Lander University,lander-university,Greenwood,SC,29649-2099,https://www.lander.edu/,34.199892,-82.164736,True,1
218335,Medical University of South Carolina,MUSC,medical-university-of-south-carolina,Charleston,SC,29425,https://musc.edu/,32.784363,-79.947158,True,1
218353,Midlands Technical College,MTC,midlands-technical-college,West Columbia,SC,29170-2176,https://www.midlandstech.edu/,33.949325,-81.115761,True,1
218399,Morris College,,morris-college,Sumter,SC,29150-3599,https://www.morris.edu/,33.938574,-80.346155,True,1
218414,Newberry College,,newberry-college,Newberry,SC,29108,https://www.newberry.edu/,34.285868,-81.619777,True,1
218441,North Greenville University,,north-greenville-university,Tigerville,SC,29688-1892,https://www.ngu.edu/,35.069758,-82.37026,True,1
218487,Orangeburg Calhoun Technical College,OCtech,orangeburg-calhoun-technical-college,Orangeburg,SC,29118-8299,https://www.octech.edu/,33.54485,-80.82927,True,1
218520,Piedmont Technical College,,piedmont-technical-college,Greenwood,SC,29646,https://www.ptc.edu/,34.207415,-82.120635,True,1
218539,Presbyterian College,PC,presbyterian-college,Clinton,SC,29325,https://www.presby.edu/,34.465834,-81.87448,True,1
218645,University of South Carolina Aiken,"University of South Carolina Aiken, USC Aiken, USCA, USC-Aiken, University of South Carolina at Aiken, UofSC Aiken",university-of-south-carolina-aiken,Aiken,SC,29801,https://www.usca.edu/,33.572704,-81.767612,True,1
218654,University of South Carolina Beaufort,USC Beaufort,university-of-south-carolina-beaufort,Bluffton,SC,29909,https://www.uscb.edu/,32.303308,-80.973595,True,1
218663,University of South Carolina-Columbia,,university-of-south-carolina-columbia,Columbia,SC,29208,https://www.sc.edu/,33.996788,-81.026935,True,1
218672,University of South Carolina-Lancaster,,university-of-south-carolina-lancaster,Lancaster,SC,29720-0889,https://www.sc.edu/about/system_and_campuses/lancaster/index.php,34.736282,-80.787069,True,1
218681,University of South Carolina-Salkehatchie,,university-of-south-carolina-salkehatchie,Allendale,SC,29810-0617,https://sc.edu/about/system_and_campuses/salkehatchie/index.php,33.014312,-81.301838,True,1
218690,University of South Carolina-Sumter,,university-of-south-carolina-sumter,Sumter,SC,29150-2498,https://www.sc.edu/about/system_and_campuses/sumter/index.php,33.934698,-80.373459,True,1
218706,University of South Carolina-Union,,university-of-south-carolina-union,Union,SC,29379-0729,https://www.sc.edu/about/system_and_campuses/union/index.php,34.717771,-81.621042,True,1
218724,Coastal Carolina University,,coastal-carolina-university,Conway,SC,29526,https://www.coastal.edu/,33.794995,-79.011767,True,1
218733,South Carolina State University,,south-carolina-state-university,Orangeburg,SC,29117-0001,https://scsu.edu/,33.497968,-80.848722,True,1
218742,University of South Carolina-Upstate,,university-of-south-carolina-upstate,Spartanburg,SC,29303-4999,https://www.uscupstate.edu/,34.996403,-81.970583,True,1
218751,Sherman College of Chiropractic,Sherman College / SCSC / Sherman College of Chiropractic / Sherman,sherman-college-of-chiropractic,Boiling Springs,SC,29316,https://www.sherman.edu/,35.014602,-81.985878,True,1
218821,Spartanburg Methodist College,SMC,spartanburg-methodist-college,Spartanburg,SC,29301-5899,https://www.smcsc.edu/,34.955117,-81.970863,True,1
218830,Spartanburg Community College,,spartanburg-community-college,Spartanburg,SC,29303,https://www.sccsc.edu/,34.974587,-81.989811,True,1
218858,Central Carolina Technical College,Central Carolina|CCTC|CCT|Sumter Tech|Central Carolina Tech,central-carolina-technical-college,Sumter,SC,29150-2499,https://www.cctech.edu/,33.933342,-80.37101,True,1
218885,Tri-County Technical College,"TCTC, Tricounty Technical College, Tri-County Tech",tri-county-technical-college,Pendleton,SC,29670,https://www.tctc.edu/,34.641914,-82.792015,True,1
218894,Trident Technical College,,trident-technical-college,Charleston,SC,29423-8067,https://www.tridenttech.edu/,32.928767,-80.031276,True,1
218919,Voorhees University,VU,voorhees-university,Denmark,SC,29042,https://www.voorhees.edu/,33.307199,-81.127863,True,1
218955,Williamsburg Technical College,WTC,williamsburg-technical-college,Kingstree,SC,29556-4197,https://www.wiltech.edu/,33.657085,-79.817984,True,1
218964,Winthrop University,,winthrop-university,Rock Hill,SC,29733,https://www.winthrop.edu/,34.941515,-81.031404,True,1
218973,Wofford College,,wofford-college,Spartanburg,SC,29303-3663,https://www.wofford.edu/,34.959411,-81.933568,True,1
218991,York Technical College,,york-technical-college,Rock Hill,SC,29730,https://www.yorktech.edu/,34.934416,-80.995273,True,1
219000,Augustana University,"Augie, Augustana College (SD), Augustana University",augustana-university,Sioux Falls,SD,57197-0001,https://www.augie.edu/,43.525148,-96.736975,True,1
219037,The Salon Professional Academy,,the-salon-professional-academy,Rapid City,SD,57701,https://www.tsparapidcity.com/,44.086343,-103.194526,True,1
219046,Black Hills State University,BHSU,black-hills-state-university,Spearfish,SD,57799-9500,https://www.bhsu.edu/,44.494889,-103.870966,True,1
219082,Dakota State University,Dakota State,dakota-state-university,Madison,SD,57042-1799,https://dsu.edu/,44.013014,-97.113358,True,1
219091,Dakota Wesleyan University,,dakota-wesleyan-university,Mitchell,SD,57301-4398,https://www.dwu.edu/,43.697432,-98.031188,True,1
219125,Paul Mitchell the School-Rapid City,,paul-mitchell-the-school-rapid-city,Rapid City,SD,57701,https://paulmitchell.edu/rapidcity,44.08202,-103.222781,True,1
219143,Lake Area Technical College,LATC/Lake Area Tech,lake-area-technical-college,Watertown,SD,57201-0730,https://www.lakeareatech.edu/,44.901714,-97.095229,True,1
219189,Mitchell Technical College,,mitchell-technical-college,Mitchell,SD,57301,https://www.mitchelltech.edu/,43.688663,-98.002505,True,1
219198,Mount Marty University,,mount-marty-university,Yankton,SD,57078-3724,https://www.mountmarty.edu/,42.874475,-97.409904,True,1
219204,National American University-Rapid City,,national-american-university-rapid-city,Rapid City,SD,57702,https://www.national.edu/locations/campuses/rapid-city/,44.061498,-103.286487,True,1
219240,Kairos University,North American Baptist Seminary,kairos-university,Sioux Falls,SD,57105,https://www.kairos.edu/,43.525446,-96.735896,True,1
219259,Northern State University,NSU,northern-state-university,Aberdeen,SD,57401-7198,https://northern.edu/,45.450829,-98.484728,True,1
219277,Oglala Lakota College,,oglala-lakota-college,Kyle,SD,57752-0490,https://www.olc.edu/,43.366813,-102.240331,True,1
219347,South Dakota School of Mines and Technology,South Dakota Mines,south-dakota-school-of-mines-and-technology,Rapid City,SD,57701-3995,https://www.sdsmt.edu/,44.075439,-103.205753,True,1
219356,South Dakota State University,,south-dakota-state-university,Brookings,SD,57007-1898,https://www.sdstate.edu/,44.317485,-96.782139,True,1
219374,Sinte Gleska University,,sinte-gleska-university,Mission,SD,57555-0105,https://www.sintegleska.edu/,43.298878,-100.622549,True,1
219383,University of Sioux Falls,,university-of-sioux-falls,Sioux Falls,SD,57105-1699,https://www.usiouxfalls.edu/,43.531574,-96.738229,True,1
219392,Sanford Medical Center,,sanford-medical-center,Sioux Falls,SD,57117-5039,https://www.sanfordhealth.org/,43.535591,-96.74341,True,1
219408,Sisseton Wahpeton College,,sisseton-wahpeton-college,Sisseton,SD,57262,https://www.swcollege.edu/newswcollege/,45.562731,-97.060835,True,1
219426,Southeast Technical College,,southeast-technical-college,Sioux Falls,SD,57107-1301,https://www.southeasttech.edu/,43.570446,-96.780241,True,1
219453,Stewart School,,stewart-school,Sioux Falls,SD,57104,https://www.stewartschool.com/,43.554991,-96.746329,True,1
219471,University of South Dakota,USD,university-of-south-dakota,Vermillion,SD,57069-2390,https://www.usd.edu/,42.786019,-96.925283,True,1
219480,Western Dakota Technical College,Western Dakota Tech,western-dakota-technical-college,Rapid City,SD,57703-4018,https://www.wdt.edu/,44.076648,-103.179501,True,1
219505,American Baptist College,,american-baptist-college,Nashville,TN,37207-9980,https://www.abcnash.edu/,36.202623,-86.789912,True,1
219587,Arnolds Beauty School,,arnolds-beauty-school,Milan,TN,38358,https://arnoldsbeautyschool.com/,35.919195,-88.760125,True,1
219596,TCAT Athens,TCAT-Athens,tcat-athens,Athens,TN,37371-0848,https://www.tcatathens.edu/,35.442944,-84.630484,True,1
219602,Austin Peay State University,,austin-peay-state-university,Clarksville,TN,37044,https://www.apsu.edu/,36.533319,-87.354081,True,1
219639,Baptist Health Sciences University,Baptist College of Health Sciences,baptist-health-sciences-university,Memphis,TN,38104,https://www.baptistu.edu/,35.138415,-90.027501,True,1
219709,Belmont University,,belmont-university,Nashville,TN,37212-3757,https://www.belmont.edu/,36.135589,-86.794807,True,1
219718,Bethel University,Bethel,bethel-university-3,McKenzie,TN,38201,https://www.bethelu.edu/,36.137848,-88.516762,True,1
219790,Bryan College-Dayton,William Jennings Bryan College,bryan-college-dayton,Dayton,TN,37321,https://www.bryan.edu/,35.497209,-84.999552,True,1
219806,Carson-Newman University,,carson-newman-university,Jefferson City,TN,37760,https://www.cn.edu/,36.122934,-83.491709,True,1
219824,Chattanooga State Community College,,chattanooga-state-community-college,Chattanooga,TN,37406-1097,https://www.chattanoogastate.edu/,35.100202,-85.237389,True,1
219833,Christian Brothers University,CBU,christian-brothers-university,Memphis,TN,38104,https://www.cbu.edu/,35.127437,-89.983241,True,1
219842,Pentecostal Theological Seminary,,pentecostal-theological-seminary,Cleveland,TN,37311-3330,https://www.ptseminary.edu/,35.162528,-84.868326,True,1
219851,Austin's Beauty College Inc,Austin's Beauty College,austin-s-beauty-college-inc,Clarksville,TN,37040-1121,https://www.austinbeautycollege.com/,36.521386,-87.362846,True,1
219879,Cleveland State Community College,,cleveland-state-community-college,Cleveland,TN,37312,https://www.clevelandstatecc.edu/,35.200103,-84.879284,True,1
219888,Columbia State Community College,Columbia State,columbia-state-community-college,Columbia,TN,38401,https://www.columbiastate.edu/,35.616757,-87.101917,True,1
219903,Concorde Career College-Memphis,,concorde-career-college-memphis,Memphis,TN,38137-0132,https://www.concorde.edu/campus/memphis-tennessee,35.112892,-89.891723,True,3
219949,Cumberland University,CU,cumberland-university,Lebanon,TN,37087,https://www.cumberland.edu/,36.204514,-86.298782,True,1
219976,Lipscomb University,David Lipscomb University  David Lipscomb  Lipscomb,lipscomb-university,Nashville,TN,37204-3951,https://www.lipscomb.edu/,36.106253,-86.799791,True,1
219994,Tennessee College of Applied Technology-Dickson,,tennessee-college-of-applied-technology-dickson,Dickson,TN,37055,https://www.tcatdickson.edu/,36.050549,-87.366455,True,1
220057,Dyersburg State Community College,DSCC,dyersburg-state-community-college,Dyersburg,TN,38024-2411,https://www.dscc.edu/,36.047565,-89.390791,True,1
220075,East Tennessee State University,ETSU,east-tennessee-state-university,Johnson City,TN,37614,https://www.etsu.edu/,36.301643,-82.366954,True,1
220118,Chattanooga College Medical Dental and & Technical Careers,Chattanooga College Medical Dental & Technical Careers,chattanooga-college-medical-dental-and-technical-careers,Chattanooga,TN,37421,https://www.chattanoogacollege.edu/,35.13314,-85.238131,True,1
220127,Tennessee College of Applied Technology-Elizabethton,Tennessee Technology Center at Elizabethton,tennessee-college-of-applied-technology-elizabethton,Elizabethton,TN,37643,https://www.tcatelizabethton.edu/,36.366033,-82.178198,True,1
220163,The Hair Academy LLC,The Hair Academy,the-hair-academy-llc,Fayetteville,TN,37334-0135,https://www.thehairacademy.net/,35.153449,-86.576906,True,1
220181,Fisk University,,fisk-university,Nashville,TN,37208-4501,https://www.fisk.edu/,36.167087,-86.804805,True,1
220206,Welch College,Free will Baptist Bible College,welch-college,Gallatin,TN,37066-8460,https://www.welch.edu/,36.36719,-86.549153,True,1
220215,Freed-Hardeman University,,freed-hardeman-university,Henderson,TN,38340-2399,https://www.fhu.edu/,35.440611,-88.637964,True,1
220251,Tennessee College of Applied Technology-Harriman,,tennessee-college-of-applied-technology-harriman,Harriman,TN,37748-5849,https://www.tcatharriman.edu/,35.966107,-84.517871,True,1
220279,Tennessee College of Applied Technology-Hartsville,,tennessee-college-of-applied-technology-hartsville,Hartsville,TN,37074-2028,https://www.tcathartsville.edu/,36.387191,-86.14366,True,1
220321,Tennessee College of Applied Technology-Hohenwald,,tennessee-college-of-applied-technology-hohenwald,Hohenwald,TN,38462-2201,https://www.tcathohenwald.edu/,35.551687,-87.573757,True,1
220394,Tennessee College of Applied Technology-Jacksboro,Tennessee Technology Center at Jacksboro  |TTC Jacksboro],tennessee-college-of-applied-technology-jacksboro,Jacksboro,TN,37757,https://www.tcatjacksboro.edu/,36.3175,-84.208918,True,2
220400,Jackson State Community College,JSCC,jackson-state-community-college,Jackson,TN,38301-3797,https://www.jscc.edu/,35.645571,-88.780005,True,1
220464,John A Gupton College,,john-a-gupton-college,Nashville,TN,37203-2954,https://www.guptoncollege.edu/,36.156633,-86.7948,True,1
220473,Johnson University,,johnson-university,Knoxville,TN,37998,https://johnsonu.edu/,35.937193,-83.750273,True,1
220491,Paul Mitchell the School-Murfreesboro,"Creative Designs Beauty Academy, Paul Mitchell Partner School",paul-mitchell-the-school-murfreesboro,Murfreesboro,TN,37129,https://www.paulmitchelltheschool.com/,35.849141,-86.42068,True,2
220516,King University,,king-university,Bristol,TN,37620-2699,https://www.king.edu/,36.585309,-82.159421,True,1
220552,South College,,south-college,Knoxville,TN,37909-0000,https://www.south.edu/,35.958283,-83.97362,True,7
220598,Lane College,,lane-college,Jackson,TN,38301-4598,https://www.lanecollege.edu/,35.627378,-88.806535,True,1
220604,Le Moyne-Owen College,,le-moyne-owen-college,Memphis,TN,38126-6595,https://www.loc.edu/,35.118641,-90.034101,True,1
220613,Lee University,,lee-university,Cleveland,TN,37311,https://www.leeuniversity.edu/,35.166019,-84.871399,True,1
220631,Lincoln Memorial University,LMU,lincoln-memorial-university,Harrogate,TN,37752-8231,https://www.lmunet.edu/,36.578508,-83.660198,True,1
220640,Tennessee College of Applied Technology-Livingston,,tennessee-college-of-applied-technology-livingston,Livingston,TN,38570,https://www.tcatlivingston.edu/,36.39594,-85.317248,True,1
220701,The University of Tennessee Southern,,the-university-of-tennessee-southern,Pulaski,TN,38478-2799,https://www.utsouthern.edu/,35.201019,-87.035661,True,1
220710,Maryville College,,maryville-college,Maryville,TN,37804-5907,https://www.maryvillecollege.edu/,35.751505,-83.964223,True,1
220765,Genesis Career College-Cookeville,,genesis-career-college-cookeville,Cookeville,TN,38501-1907,https://www.genesiscareer.edu/,36.176484,-85.485574,True,1
220792,Meharry Medical College,,meharry-medical-college,Nashville,TN,37208,https://www.mmc.edu/,36.165458,-86.807371,True,1
220853,Tennessee College of Applied Technology-Memphis,TCAT Memphis,tennessee-college-of-applied-technology-memphis,Memphis,TN,38105-3604,https://www.tcatmemphis.edu/,35.150262,-90.039188,True,1
220862,University of Memphis,,university-of-memphis,Memphis,TN,38152,https://www.memphis.edu/,35.118878,-89.938068,True,1
220871,Memphis Theological Seminary,,memphis-theological-seminary,Memphis,TN,38104,https://www.memphisseminary.edu/,35.13311,-89.982653,True,1
220978,Middle Tennessee State University,,middle-tennessee-state-university,Murfreesboro,TN,37132,https://www.mtsu.edu/,35.848005,-86.360618,True,1
220996,Middle Tennessee School of Anesthesia Inc,MTSA,middle-tennessee-school-of-anesthesia-inc,Madison,TN,37115,https://mtsa.edu/,36.253425,-86.683859,True,1
221050,Tennessee College of Applied Technology-Morristown,,tennessee-college-of-applied-technology-morristown,Morristown,TN,37813-2094,https://www.tcatmorristown.edu/,36.204643,-83.299503,True,1
221096,Motlow State Community College,Motlow|Motlow College|MSCC,motlow-state-community-college,Tullahoma,TN,37388,https://www.mscc.edu/,35.365903,-86.299184,True,1
221102,Tennessee College of Applied Technology-Murfreesboro,,tennessee-college-of-applied-technology-murfreesboro,Murfreesboro,TN,37129-3311,https://www.tcatmurfreesboro.edu/,35.845661,-86.41026,True,1
221148,Nashville Auto-Diesel College,Nashville Auto Diesel College,nashville-auto-diesel-college,Nashville,TN,37207,https://www.lincolntech.edu/campus/nashville-tn,36.194393,-86.744005,False,9
221184,Nashville State Community College,,nashville-state-community-college,Nashville,TN,37209-4515,https://www.nscc.edu/,36.134857,-86.857342,True,1
221236,Tennessee College of Applied Technology Northwest,TCAT Northwest,tennessee-college-of-applied-technology-northwest,Newbern,TN,38059,https://www.tcatnorthwest.edu/,36.120067,-89.257582,True,1
221281,Tennessee College of Applied Technology-Henry/Carroll,Tennessee College of Applied Technology Henry/Carroll,tennessee-college-of-applied-technology-henry-carroll,Paris,TN,38242,https://www.tcathenrycarroll.edu/,36.296408,-88.296432,True,1
221333,Tennessee College of Applied Technology-Pulaski,TCAT-Pulaski,tennessee-college-of-applied-technology-pulaski,Pulaski,TN,38478-0614,https://www.tcatpulaski.edu/,35.191308,-87.007818,True,1
221351,Rhodes College,Rhodes,rhodes-college,Memphis,TN,38112-1690,https://www.rhodes.edu/,35.154405,-89.990803,True,1
221397,Roane State Community College,,roane-state-community-college,Harriman,TN,37748,https://www.roanestate.edu/,35.880911,-84.620051,True,1
221430,Tennessee College of Applied Technology Crump,TCAT Crump,tennessee-college-of-applied-technology-crump,Crump,TN,38327,https://www.tcatcrump.edu/,35.221452,-88.319153,True,1
221485,Southwest Tennessee Community College,Southwest,southwest-tennessee-community-college,Memphis,TN,38134,https://www.southwest.tn.edu/,35.161335,-89.86634,True,1
221494,Tennessee College of Applied Technology-Shelbyville,Shelbyville Tech,tennessee-college-of-applied-technology-shelbyville,Shelbyville,TN,37160,https://www.tcatshelbyville.edu/,35.485655,-86.421097,True,1
221519,The University of the South,Sewanee|University of the South,the-university-of-the-south,Sewanee,TN,37383-1000,https://www.sewanee.edu/,35.204719,-85.920179,True,1
221582,Tennessee College of Applied Technology-Oneida-Huntsville,,tennessee-college-of-applied-technology-oneida-huntsville,Huntsville,TN,37756-4149,https://tcatoneida.edu/,36.408177,-84.528273,True,1
221591,Tennessee College of Applied Technology-Upper Cumberland,,tennessee-college-of-applied-technology-upper-cumberland,Crossville,TN,38555,https://tcatuppercumberland.edu/,35.946609,-85.039137,True,1
221607,Tennessee College of Applied Technology-McMinnville,TCAT,tennessee-college-of-applied-technology-mcminnville,McMinnville,TN,37110,https://tcatmcminnville.edu/,35.70137,-85.74531,True,1
221616,Tennessee College of Applied Technology-Jackson,,tennessee-college-of-applied-technology-jackson,Jackson,TN,38301,https://www.tcatjackson.edu/,35.606795,-88.919805,True,1
221625,Tennessee College of Applied Technology-Knoxville,TTCK,tennessee-college-of-applied-technology-knoxville,Knoxville,TN,37919,https://www.tcatknoxville.edu/,35.957,-83.964151,True,1
221643,Pellissippi State Community College,,pellissippi-state-community-college,Knoxville,TN,37933-0990,https://www.pstcc.edu/,35.948303,-84.166504,True,1
221661,Southern Adventist University,,southern-adventist-university,Collegedale,TN,37315-0370,https://www.southern.edu/,35.048254,-85.052088,True,1
221670,Southern College of Optometry,SCO,southern-college-of-optometry,Memphis,TN,38104-2211,https://www.sco.edu/,35.138252,-90.019856,True,1
221731,Tennessee Wesleyan University,,tennessee-wesleyan-university,Athens,TN,37303,https://www.tnwesleyan.edu/,35.446331,-84.592728,True,1
221740,The University of Tennessee-Chattanooga,UTC,the-university-of-tennessee-chattanooga,Chattanooga,TN,37403-2598,https://utc.edu/,35.047519,-85.300247,True,1
221759,The University of Tennessee-Knoxville,,the-university-of-tennessee-knoxville,Knoxville,TN,37996,https://www.utk.edu/,35.952082,-83.925852,True,1
221768,The University of Tennessee-Martin,UT Martin,the-university-of-tennessee-martin,Martin,TN,38238,https://www.utm.edu/,36.340338,-88.864211,True,1
221829,Tennessee School of Beauty of Knoxville Inc,,tennessee-school-of-beauty-of-knoxville-inc,Knoxville,TN,37921,https://www.tennesseeschoolofbeauty.edu/,35.974432,-83.995119,True,1
221838,Tennessee State University,,tennessee-state-university,Nashville,TN,37209-1561,https://www.tnstate.edu/,36.166321,-86.828275,True,1
221847,Tennessee Technological University,Tennessee Tech University|Tennessee Tech|TTU|Tenn Tech|TN Tech|Tech|,tennessee-technological-university,Cookeville,TN,38505-0001,https://www.tntech.edu/,36.174754,-85.504039,True,1
221892,Trevecca Nazarene University,,trevecca-nazarene-university,Nashville,TN,37210,https://www.trevecca.edu/,36.141324,-86.754238,True,1
221908,Northeast State Community College,Northeast State Technical Community College,northeast-state-community-college,Blountville,TN,37617-0246,https://www.northeaststate.edu/,36.484961,-82.408885,True,1
221953,Tusculum University,,tusculum-university,Greeneville,TN,37743,https://www.tusculum.edu/,36.172435,-82.760818,True,1
221971,Union University,,union-university,Jackson,TN,38305-3697,https://www.uu.edu/,35.676896,-88.858524,True,1
221999,Vanderbilt University,,vanderbilt-university,Nashville,TN,37240,https://www.vanderbilt.edu/,36.14659,-86.803369,True,1
222053,Volunteer State Community College,VSCC,volunteer-state-community-college,Gallatin,TN,37066-3188,https://www.volstate.edu/,36.362518,-86.497127,True,1
222062,Walters State Community College,WSCC,walters-state-community-college,Morristown,TN,37813-6899,https://www.ws.edu/,36.213179,-83.262503,True,1
222105,William R Moore College of Technology,Moore Tech,william-r-moore-college-of-technology,Memphis,TN,38104-7240,https://www.mooretech.edu/,35.144855,-90.020138,True,1
222178,Abilene Christian University,,abilene-christian-university,Abilene,TX,79699,https://www.acu.edu/,32.468943,-99.709797,True,1
222567,Alvin Community College,Alvin|ACC|Dolphins,alvin-community-college,Alvin,TX,77511-4898,https://www.alvincollege.edu/,29.396244,-95.240671,True,1
222576,Amarillo College,,amarillo-college,Amarillo,TX,79109,https://www.actx.edu/,35.187839,-101.846988,True,1
222628,Amberton University,,amberton-university,Garland,TX,75041-5595,https://www.amberton.edu/,32.859931,-96.65302,True,1
222822,Angelina College,AC,angelina-college,Lufkin,TX,75902-1768,https://www.angelina.edu/,31.287444,-94.731625,True,1
222831,Angelo State University,Angelo State,angelo-state-university,San Angelo,TX,76909,https://www.angelo.edu/,31.440914,-100.465051,True,1
222877,Arlington Baptist University,ABU,arlington-baptist-university,Arlington,TX,76012-3425,https://abu.edu/,32.739489,-97.156024,True,1
222886,Arlington Career Institute,,arlington-career-institute,Arlington,TX,76006-7439,https://www.arlingtoncareerinstitute.edu/,32.762128,-97.072025,True,1
222983,Austin College,,austin-college,Sherman,TX,75090-4400,https://www.austincollege.edu/,33.646345,-96.596331,True,1
222992,Austin Community College District,,austin-community-college-district,Austin,TX,78752-7000,https://www.austincc.edu/,30.326304,-97.713778,True,1
223001,Austin Presbyterian Theological Seminary,Austin Seminary,austin-presbyterian-theological-seminary,Austin,TX,78705-5711,https://www.austinseminary.edu/,30.29201,-97.736958,True,1
223056,Baldwin Beauty School-South Austin,Baldwin Beauty Schools,baldwin-beauty-school-south-austin,Austin,TX,78704-4785,https://baldwinbeautyschools.com/,30.241662,-97.783062,True,2
223083,Baptist Health System School of Health Professions,Baptist School of Health Professions,baptist-health-system-school-of-health-professions,San Antonio,TX,78229,https://www.bshp.edu/,29.517063,-98.567486,True,1
223117,Baptist Missionary Association Theological Seminary,BMA Seminary,baptist-missionary-association-theological-seminary,Jacksonville,TX,75766-5407,https://www.bmats.edu/,31.978961,-95.255524,True,1
223223,Baylor College of Medicine,,baylor-college-of-medicine,Houston,TX,77030-3498,https://www.bcm.edu/,29.7106,-95.395743,True,1
223232,Baylor University,,baylor-university,Waco,TX,76798,https://www.baylor.edu/,31.546872,-97.121041,True,1
223320,Coastal Bend College,CBC,coastal-bend-college,Beeville,TX,78102,https://www.coastalbend.edu/,28.435194,-97.755896,True,1
223427,Blinn College District,,blinn-college-district,Brenham,TX,77833-4098,https://www.blinn.edu/,30.160457,-96.40852,True,1
223463,Remington College-Dallas Campus,,remington-college-dallas-campus,Dallas,TX,75243,https://www.remingtoncollege.edu/locations/dallas-texas/,32.912073,-96.73302,True,10
223472,Vet Tech Institute of Houston,Bradford School|The Bradford School,vet-tech-institute-of-houston,Houston,TX,77027,https://www.vettechinstitute.edu/,29.728907,-95.455533,True,1
223506,Brazosport College,BC,brazosport-college,Lake Jackson,TX,77566,https://www.brazosport.edu/,29.048604,-95.40934,True,1
223816,Central Texas College,,central-texas-college,Killeen,TX,76549-4199,https://www.ctcd.edu/,31.120516,-97.810827,True,1
223852,Charles and Sues School of Hair Design,,charles-and-sues-school-of-hair-design,Bryan,TX,77802,https://www.charlesandsues.com/,30.6528,-96.340102,True,1
223898,Cisco College,CJC,cisco-college,Cisco,TX,76437,https://www.cisco.edu/,32.401132,-98.985206,True,1
223922,Clarendon College,,clarendon-college,Clarendon,TX,79226,https://www.clarendoncollege.edu/,34.944558,-100.902421,True,1
224004,Concordia University Texas,CTX,concordia-university-texas,Austin,TX,78726,https://www.concordia.edu/,30.420232,-97.835703,True,1
224013,BK Cosmo College of Cosmetology,,bk-cosmo-college-of-cosmetology,Kerrville,TX,78028-4312,https://www.bkcosmo.com/,30.055075,-99.15037,True,1
224110,North Central Texas College,NCTC/North Central Texas Community College District/North Central Texas College District,north-central-texas-college,Gainesville,TX,76240-4699,https://www.nctc.edu/,33.6188,-97.1658,True,1
224147,Texas A & M University-Corpus Christi,,texas-a-m-university-corpus-christi,Corpus Christi,TX,78412-5503,https://www.tamucc.edu/,27.713723,-97.32395,True,1
224156,Paul Mitchell the School-Dallas,Paul Mitchell the School Dallas,paul-mitchell-the-school-dallas,Carrollton,TX,75006,https://paulmitchell.edu/dallas,32.973328,-96.843526,True,3
224226,Dallas Baptist University,DBU,dallas-baptist-university,Dallas,TX,75211-9299,https://www.dbu.edu/,32.710017,-96.947006,True,1
224244,Dallas Christian College,,dallas-christian-college,Dallas,TX,75234-7299,https://www.dallas.edu/,32.913692,-96.887117,True,1
224271,Dallas Institute of Funeral Service,"Pierce Mortuary Colleges, Inc.",dallas-institute-of-funeral-service,Dallas,TX,75227-4314,https://www.dallasinstitute.edu/,32.771368,-96.683404,True,1
224305,Dallas Theological Seminary,,dallas-theological-seminary,Dallas,TX,75204,https://www.dts.edu/,32.795361,-96.780497,True,1
224323,University of Dallas,,university-of-dallas,Irving,TX,75062-4736,https://udallas.edu/,32.846221,-96.919512,True,1
224350,Del Mar College,DMC,del-mar-college,Corpus Christi,TX,78404-3897,https://www.delmar.edu/,27.763619,-97.40762,True,1
224527,East Texas Baptist University,,east-texas-baptist-university,Marshall,TX,75670-1498,https://www.etbu.edu/,32.557847,-94.374488,True,1
224545,Texas A&M University-Texarkana,A&M-Texarkana,texas-a-m-university-texarkana,Texarkana,TX,75503,https://www.tamut.edu/,33.490482,-94.103617,True,1
224554,East Texas A&M University,East Texas A&M,east-texas-a-m-university,Commerce,TX,75428,https://www.etamu.edu/,33.242112,-95.904579,True,1
224615,Dallas College,,dallas-college,Dallas,TX,75215-3604,https://www.dallascollege.edu/pages/default.aspx,32.766319,-96.794036,True,1
224642,El Paso Community College,,el-paso-community-college,El Paso,TX,79925-6507,https://www.epcc.edu/,31.773359,-106.373616,True,1
224660,Western Technical College,,western-technical-college,El Paso,TX,79924,https://www.westerntech.edu/,31.877794,-106.425881,False,2
224679,Western Technical College,,western-technical-college-2,El Paso,TX,79927,https://www.westerntech.edu/,31.675953,-106.319269,True,2
224712,Episcopal Theological Seminary of the Southwest,,episcopal-theological-seminary-of-the-southwest,Austin,TX,78705,https://www.ssw.edu/,30.293092,-97.732652,True,1
224891,Frank Phillips College,FPC,frank-phillips-college,Borger,TX,79008-5118,https://www.fpctx.edu/,35.657778,-101.406005,True,1
224961,Galveston College,,galveston-college,Galveston,TX,77550-7496,https://www.gc.edu/,29.284735,-94.807686,True,1
225043,Graham's Barber College,,graham-s-barber-college,DALLAS,TX,75215-1701,https://grahamsbarbercollege.com/,32.774017,-96.76832,True,1
225070,Grayson College,,grayson-college,Denison,TX,75020-8299,https://grayson.edu/,33.70574,-96.633891,True,1
225201,Hallmark University,"Hallmark Institute|Hallmark Aero-Tech, Inc.|Hallmark Institute of Technology|Hallmark Institute of Aviation|Hallmark Institute of Aeronautics|Hallmark College|Hallmark College of Technology|Hallmark College of Aeronautics|Hallmark College of Aviation",hallmark-university,San Antonio,TX,78251,https://www.hallmark.edu/,29.466862,-98.685754,True,1
225247,Hardin-Simmons University,"HSU, Hardin-Simmons",hardin-simmons-university,Abilene,TX,79698-0001,https://www.hsutx.edu/,32.476434,-99.73564,True,1
225308,Trinity Valley Community College,TVCC,trinity-valley-community-college,Athens,TX,75751,https://www.tvcc.edu/,32.196596,-95.858513,True,1
225371,Hill College,,hill-college,Hillsboro,TX,76645,https://www.hillcollege.edu/,32.010928,-97.088332,True,1
225399,Houston Christian University,HCU,houston-christian-university,Houston,TX,77074-3298,https://www.hc.edu/,29.693819,-95.515954,True,1
225414,University of Houston-Clear Lake,UHCL,university-of-houston-clear-lake,Houston,TX,77058-1002,https://www.uhcl.edu/,29.582523,-95.098129,True,1
225423,Houston City College,HCC,houston-city-college,Houston,TX,77002,https://www.hccs.edu/,29.742114,-95.377319,True,1
225432,University of Houston-Downtown,,university-of-houston-downtown,Houston,TX,77002-1014,https://www.uhd.edu/,29.7661,-95.359338,True,1
225502,Texas A&M University-Victoria,A&M-Victoria,texas-a-m-university-victoria,Victoria,TX,77901,https://www.tamuv.edu/,28.816248,-96.976334,True,1
225511,University of Houston,UH,university-of-houston,Houston,TX,77204-2018,https://www.uh.edu/,29.720393,-95.343537,True,1
225520,Howard College,Howard County Junior College,howard-college,Big Spring,TX,79720,https://www.howardcollege.edu/,32.252292,-101.450104,True,2
225548,Howard Payne University,,howard-payne-university,Brownwood,TX,76801-2794,https://www.hputx.edu/,31.716467,-98.985204,True,1
225575,Huston-Tillotson University,,huston-tillotson-university,Austin,TX,78702-2795,https://www.htu.edu/,30.264667,-97.721691,True,1
225627,University of the Incarnate Word,"UIW|Incarnate Word|Incarnate|Incarnate Word, University of|Incarnate Word, Univ of|Univ. of the Incarnate Word",university-of-the-incarnate-word,San Antonio,TX,78209,https://www.uiw.edu/,29.46708,-98.46583,True,1
225876,Jacksonville College-Main Campus,Jacksonville Baptist College  JBC,jacksonville-college-main-campus,Jacksonville,TX,75766-4759,https://jacksonvillecollege.edu/,31.965846,-95.281311,True,1
225885,Jarvis Christian University,The Bulldogs,jarvis-christian-university,Hawkins,TX,75765-1470,https://www.jarvis.edu/,32.587942,-95.181513,True,1
225991,KD Conservatory College of Film and Dramatic Arts,KD Conservatory,kd-conservatory-college-of-film-and-dramatic-arts,Dallas,TX,75207,https://www.kdstudio.com/,32.808265,-96.841975,True,1
226019,Kilgore College,,kilgore-college,Kilgore,TX,75662-3299,https://www.kilgore.edu/,32.377821,-94.871468,True,1
226091,Lamar University,,lamar-university,Beaumont,TX,77705,https://www.lamar.edu/,30.042738,-94.072244,True,1
226107,Lamar State College-Orange,,lamar-state-college-orange,Orange,TX,77630,https://www.lsco.edu/,30.0922,-93.732235,True,1
226116,Lamar State College-Port Arthur,,lamar-state-college-port-arthur,Port Arthur,TX,77640,https://www.lamarpa.edu/,29.880385,-93.925886,True,1
226134,Laredo College,,laredo-college,Laredo,TX,78040-4395,https://www.laredo.edu/index.html,27.506477,-99.520772,True,1
226152,Texas A & M International University,,texas-a-m-international-university,Laredo,TX,78041-1900,https://www.tamiu.edu/,27.571172,-99.436043,True,1
226204,Lee College,,lee-college,Baytown,TX,77520,https://www.lee.edu/,29.732505,-94.978184,True,1
226231,LeTourneau University,,letourneau-university,Longview,TX,75602,https://www.letu.edu/,32.46632,-94.726394,True,1
226277,Lincoln College of Technology-Grand Prairie,,lincoln-college-of-technology-grand-prairie,Grand Prairie,TX,75052,https://www.lincolntech.edu/campus/grand-prairie-tx,32.701684,-97.056391,False,9
226383,Lubbock Christian University,LCU,lubbock-christian-university,Lubbock,TX,79407-2099,https://lcu.edu/,33.575973,-101.934426,True,1
226408,College of the Mainland,COM,college-of-the-mainland,Texas City,TX,77591-2499,https://www.com.edu/,29.39581,-94.999602,True,1
226471,University of Mary Hardin-Baylor,UMHB|MHB|Mary Hardin-Baylor,university-of-mary-hardin-baylor,Belton,TX,76513-2599,https://go.umhb.edu/,31.066793,-97.463471,True,1
226578,McLennan Community College,MCC,mclennan-community-college,Waco,TX,76708,https://www.mclennan.edu/,31.58947,-97.171228,True,1
226587,McMurry University,McMurry College|McM|McM University|McM College|Mcmurry University|Mcmurry College|McMurry|Mcmurry,mcmurry-university,Abilene,TX,79697,https://mcm.edu/,32.429776,-99.748682,True,1
226675,Covenant School of Nursing and Allied Health,Covenant School of Nursing,covenant-school-of-nursing-and-allied-health,Lubbock,TX,79407,https://covenanthealth.org/cson,33.5757,-101.937872,True,1
226806,Midland College,,midland-college,Midland,TX,79705,https://www.midland.edu/,32.029646,-102.106153,True,1
226833,Midwestern State University,MSU Texas,midwestern-state-university,Wichita Falls,TX,76308-2099,https://www.msutexas.edu/,33.874809,-98.519386,True,1
226860,William Edge Institute,,william-edge-institute,New Braunfels,TX,78130-8216,https://williamedgeinstitute.com/,29.698282,-98.100952,True,1
226879,Wade College,,wade-college,Dallas,TX,75207,https://www.wadecollege.edu/,32.800854,-96.819516,True,1
226903,Southern Careers Institute-Austin,,southern-careers-institute-austin,Austin,TX,78744,https://scitexas.edu/,30.226743,-97.784318,True,8
227058,Tint School of Makeup & Cosmetology,,tint-school-of-makeup-cosmetology,Irving,TX,75061-4235,https://tintcosmetologyschools.com/,32.829511,-96.983082,False,3
227146,Navarro College,,navarro-college,Corsicana,TX,75110,https://www.navarrocollege.edu/,32.076061,-96.498731,True,1
227182,Lone Star College System,North Harris Montgomery|North Harris|NHMCCD|N Harris Montgomery|Kingwood|Tomball|Cy-Fair|CyFair|Montgomery|University Park/Houston North,lone-star-college-system,The Woodlands,TX,77381-4399,https://www.lonestar.edu/,30.18737,-95.488103,True,1
227216,University of North Texas,UNT|North Texas|Mean Grean,university-of-north-texas,Denton,TX,76203-1277,https://www.unt.edu/,33.211178,-97.148422,True,1
227225,Northeast Texas Community College,NTCC,northeast-texas-community-college,Mount Pleasant,TX,75455,https://www.ntcc.edu/,33.104931,-94.881855,True,1
227289,Oblate School of Theology,Oblate,oblate-school-of-theology,San Antonio,TX,78216-6693,https://www.ost.edu/,29.505434,-98.503113,True,1
227298,Ocean Corporation,,ocean-corporation,Houston,TX,77099,https://www.oceancorp.com/,29.665467,-95.57034,True,1
227304,Odessa College,,odessa-college,Odessa,TX,79764,https://www.odessa.edu/,31.866812,-102.383477,True,1
227313,Ogle School Hair Skin Nails-Arlington,Ogle School,ogle-school-hair-skin-nails-arlington,Arlington,TX,76013,https://ogleschool.edu/,32.720698,-97.140906,True,4
227322,Ogle School Hair Skin Nails-Ft Worth,Ogle School,ogle-school-hair-skin-nails-ft-worth,Fort Worth,TX,76132-3638,https://www.ogleschool.edu/,32.681742,-97.417657,True,3
227331,Our Lady of the Lake University,OLLU,our-lady-of-the-lake-university,San Antonio,TX,78207-4689,https://www.ollusa.edu/,29.426194,-98.54365,True,1
227368,The University of Texas Rio Grande Valley,UT Rio Grande Valley | UTRGV | University of Texas Rio Grande Valley |,the-university-of-texas-rio-grande-valley,Edinburg,TX,78539-2999,https://www.utrgv.edu/,26.306759,-98.173567,True,1
227377,Texas Southmost College,UTB-TSC,texas-southmost-college,Brownsville,TX,78520,https://www.tsc.edu/,25.899628,-97.492241,True,1
227386,Panola College,,panola-college,Carthage,TX,75633-2397,https://www.panola.edu/,32.156214,-94.356355,True,1
227401,Paris Junior College,,paris-junior-college,Paris,TX,75460,https://www.parisjc.edu/,33.650929,-95.529177,True,1
227429,Paul Quinn College,,paul-quinn-college,Dallas,TX,75241,https://paulquinn.edu/,32.678837,-96.755778,True,1
227526,Prairie View A & M University,PVAMU,prairie-view-a-m-university,Prairie View,TX,77446,https://www.pvamu.edu/,30.092425,-95.989475,True,1
227687,Ranger College,,ranger-college,Ranger,TX,76470,https://www.rangercollege.edu/#gsc.tab=0,32.456773,-98.685215,True,1
227748,Aviation Institute of Maintenance-Houston,N/A,aviation-institute-of-maintenance-houston,Houston,TX,77061,https://aviationmaintenance.edu/campuses/houston-tx,29.65852,-95.28262,True,1
227757,Rice University,,rice-university,Houston,TX,77005-1827,https://www.rice.edu/,29.717897,-95.402035,True,1
227845,Saint Edward's University,"St. Edward's University, St. Edward's",saint-edward-s-university,Austin,TX,78704-6489,https://www.stedwards.edu/,30.229618,-97.754998,True,1
227854,St Philip's College,,st-philip-s-college,San Antonio,TX,78203-2098,https://www.alamo.edu/spc/,29.41508,-98.453285,True,1
227863,University of St Thomas,,university-of-st-thomas-2,Houston,TX,77006-4696,https://www.stthom.edu/,29.736438,-95.393102,True,1
227881,Sam Houston State University,SHSU,sam-houston-state-university,Huntsville,TX,77340,https://www.shsu.edu/,30.714738,-95.546205,True,1
227924,San Antonio College,,san-antonio-college,San Antonio,TX,78212-3941,https://www.alamo.edu/sac,29.44634,-98.497647,True,1
227979,San Jacinto Community College,San Jacinto College,san-jacinto-community-college,Pasadena,TX,77504,https://www.sanjac.edu/,29.660032,-95.114677,True,4
228042,Schreiner University,,schreiner-university,Kerrville,TX,78028-5697,https://schreiner.edu/,30.031458,-99.130586,True,1
228088,Seguin Beauty School-Seguin,,seguin-beauty-school-seguin,Seguin,TX,78155,https://seguinbeautyschool.net/,29.569142,-97.96436,True,1
228149,St. Mary's University,St. Mary's,st-mary-s-university,San Antonio,TX,78228,https://www.stmarytx.edu/,29.453244,-98.562778,True,1
228158,South Plains College,,south-plains-college,Levelland,TX,79336,https://www.southplainscollege.edu/,33.575904,-102.365075,True,1
228194,South Texas College of Law Houston,,south-texas-college-of-law-houston,Houston,TX,77002-7006,https://www.stcl.edu/,29.753171,-95.36455,True,1
228200,South Texas Vocational Technical Institute-Weslaco,,south-texas-vocational-technical-institute-weslaco,Weslaco,TX,78599,https://www.stvt.edu/,26.176606,-98.006077,False,18
228219,Miller-Motte College-STVT-McAllen,South Texas Vo-Tech #70,miller-motte-college-stvt-mcallen,McAllen,TX,78503,https://www.stvt.edu/,26.188539,-98.238293,False,18
228246,Southern Methodist University,SMU,southern-methodist-university,Dallas,TX,75275-0221,https://www.smu.edu/,32.843612,-96.783365,True,1
228282,Southwest School of Business and Technical Careers-San Antonio,,southwest-school-of-business-and-technical-careers-san-antonio,San Antonio,TX,78221-0138,https://www.sws.edu/,29.357965,-98.49583,True,1
228316,Southwest Texas College,SWTX,southwest-texas-college,Uvalde,TX,78801-6297,https://www.swtxc.edu/,29.219671,-99.741237,True,1
228325,Nelson University,SAGU,nelson-university,Waxahachie,TX,75165,https://www.nelson.edu/,32.40443,-96.853492,True,1
228343,Southwestern University,SU,southwestern-university,Georgetown,TX,78626,https://www.southwestern.edu/,30.634341,-97.665738,True,1
228431,Stephen F Austin State University,"SFASU, SFA, Stephen F, Stephen F. Austin",stephen-f-austin-state-university,Nacogdoches,TX,75961,https://www.sfasu.edu/,31.621056,-94.64908,True,1
228459,Texas State University,Texas State|Texas State University-San Marcos|Southwest Texas State University|Southwest Texas State|SWT|SWTSU|Texas State San Marcos|TxSt|TxState|TS|,texas-state-university,San Marcos,TX,78666,https://www.txst.edu/,29.888885,-97.943029,True,1
228468,Southwestern Adventist University,,southwestern-adventist-university,Keene,TX,76059,https://www.swau.edu/,32.397617,-97.32702,True,1
228486,Southwestern Christian College,,southwestern-christian-college,Terrell,TX,75160-4812,https://www.swcc.edu/,32.735508,-96.285649,True,1
228501,Sul Ross State University,Sul Ross,sul-ross-state-university,Alpine,TX,79832,https://www.sulross.edu/,30.363139,-103.651469,True,1
228529,Tarleton State University,Tarleton|Texans|TSU|Tarleton State|,tarleton-state-university,Stephenville,TX,76401-0000,https://www.tarleton.edu/,32.217805,-98.219039,True,1
228547,Tarrant County College District,Tarrant County College,tarrant-county-college-district,Fort Worth,TX,76102,https://www.tccd.edu/,32.757362,-97.337149,True,1
228608,Temple College,Temple Junior College,temple-college,Temple,TX,76504-7435,https://www.templejc.edu/,31.070715,-97.350471,True,1
228635,University of Texas Southwestern Medical Center,UT Southwestern  UT Southwestern Medical School  UT Southwestern Graduate School of Biomedical Sciences  UT Southwestern Allied Health Sciences School  UTSW Medical School  UTSW Graduate School  UTSW Allied Health School  UTSWMC  UTSWMC Medical School  UTSWMC Graduate School  UTSWMC Allied Health School  University of Texas Southwestern Medical School  University of Texas Southwestern Graduate School of Biomedical Sciences  University of Texas Southwestern Allied Health Sciences School  University of Texas Southwestern School of Health Professions,university-of-texas-southwestern-medical-center,Dallas,TX,75390-9096,https://www.utsouthwestern.edu/,32.812307,-96.841156,True,1
228644,The University of Texas Health Science Center at San Antonio,UT Health San Antonio,the-university-of-texas-health-science-center-at-san-antonio,San Antonio,TX,78229-3900,https://www.uthscsa.edu/,29.508107,-98.575655,True,1
228653,The University of Texas Medical Branch at Galveston,UTMB,the-university-of-texas-medical-branch-at-galveston,Galveston,TX,77555-0129,https://www.utmb.edu/,29.310758,-94.775956,True,1
228699,Texarkana College,,texarkana-college,Texarkana,TX,75599,https://www.texarkanacollege.edu/,33.441868,-94.078,True,1
228705,Texas A&M University-Kingsville,Texas A&M-Kingsville,texas-a-m-university-kingsville,Kingsville,TX,78363,https://www.tamuk.edu/,27.525168,-97.882387,True,1
228723,Texas A&M University-College Station,Texas A&M University,texas-a-m-university-college-station,College Station,TX,77843-1246,https://www.tamu.edu/,30.618726,-96.336475,True,2
228769,The University of Texas at Arlington,UT Arlington,the-university-of-texas-at-arlington,Arlington,TX,76019,https://www.uta.edu/,32.729718,-97.11296,True,1
228778,The University of Texas at Austin,UT Austin,the-university-of-texas-at-austin,Austin,TX,78705,https://www.utexas.edu/,30.282825,-97.738273,True,1
228787,The University of Texas at Dallas,UT Dallas,the-university-of-texas-at-dallas,Richardson,TX,75080-3021,https://www.utdallas.edu/,32.984673,-96.749702,True,1
228796,The University of Texas at El Paso,UTEP,the-university-of-texas-at-el-paso,El Paso,TX,79968-0691,https://www.utep.edu/,31.77015,-106.504098,True,1
228802,The University of Texas at Tyler,UT Tyler,the-university-of-texas-at-tyler,Tyler,TX,75799-6699,https://www.uttyler.edu/,32.315772,-95.254337,True,1
228866,Texas Chiropractic College Foundation Inc,TCC/TxChiroCollege/,texas-chiropractic-college-foundation-inc,Pasadena,TX,77505-1699,https://www.txchiro.edu/,29.663702,-95.150135,True,1
228875,Texas Christian University,TCU,texas-christian-university,Fort Worth,TX,76129,https://www.tcu.edu/,32.70961,-97.364758,True,1
228884,Texas College,TC,texas-college,Tyler,TX,75702,https://www.texascollege.edu/,32.37456,-95.312454,True,1
228909,University of North Texas Health Science Center,UNT Health Fort Worth|UNTHSC|University of North Texas Health Science Center at Fort Worth|Texas College of Osteopathic Medicine|TCOM,university-of-north-texas-health-science-center,Fort Worth,TX,76107-2699,https://www.unthealth.edu/,32.749907,-97.369138,True,1
228981,Texas Lutheran University,TLU,texas-lutheran-university,Seguin,TX,78155-5999,https://www.tlu.edu/,29.573261,-97.982669,True,1
229018,The University of Texas Permian Basin,UT Permian Basin,the-university-of-texas-permian-basin,Odessa,TX,79762-0001,https://www.utpb.edu/,31.889509,-102.329634,True,1
229027,The University of Texas at San Antonio,UT San Antonio,the-university-of-texas-at-san-antonio,San Antonio,TX,78249-1644,https://www.utsa.edu/,29.583709,-98.620657,True,1
229063,Texas Southern University,Texas Southern,texas-southern-university,Houston,TX,77004,https://www.tsu.edu/,29.721046,-95.361113,True,1
229115,Texas Tech University,,texas-tech-university,Lubbock,TX,79409-5005,https://www.ttu.edu/,33.583448,-101.874783,True,1
229160,Texas Wesleyan University,,texas-wesleyan-university,Fort Worth,TX,76105-1536,https://www.txwes.edu/,32.732962,-97.279613,True,1
229179,Texas Woman's University,TWU,texas-woman-s-university,Denton,TX,76204,https://www.twu.edu/,33.226211,-97.127842,True,1
229267,Trinity University,Trinity,trinity-university,San Antonio,TX,78212-7200,https://new.trinity.edu/,29.462682,-98.48186,True,1
229300,The University of Texas Health Science Center at Houston,UTHealth Houston,the-university-of-texas-health-science-center-at-houston,Houston,TX,77030,https://www.uth.edu/,29.702873,-95.403183,True,1
229337,Texas Tech University Health Sciences Center,,texas-tech-university-health-sciences-center,Lubbock,TX,79430,https://www.ttuhsc.edu/,33.589284,-101.891915,True,1
229355,Tyler Junior College,,tyler-junior-college,Tyler,TX,75701,https://tjc.edu/,32.33601,-95.284122,True,1
229416,Universal Technical Institute of Texas Inc.,Universal Technical Institute - Houston,universal-technical-institute-of-texas-inc,Houston,TX,77073,https://www.uti.edu/,29.990487,-95.412113,True,5
229425,UCAS University of Cosmetology Arts & Sciences-McAllen,,ucas-university-of-cosmetology-arts-sciences-mcallen,McAllen,TX,78504,https://www.ucastx.com/,26.279439,-98.21787,True,4
229504,Vernon College,Vernon Regional Junior College VRJC VC Vernon,vernon-college,Vernon,TX,76384-4092,https://www.vernoncollege.edu/,34.159298,-99.319094,True,1
229522,Victoria Beauty & Barber College,Victoria Beauty College,victoria-beauty-barber-college,Victoria,TX,77901-6233,https://www.victoriabeautyandbarbercollege.com/,28.807928,-96.990854,True,1
229540,Victoria College,,victoria-college,Victoria,TX,77901,https://www.victoriacollege.edu/,28.816446,-96.979226,True,1
229656,Vogue College of Cosmetology-McAllen,,vogue-college-of-cosmetology-mcallen,McAllen,TX,78501-1945,https://vogue.edu/,26.232656,-98.223022,True,1
229780,Wayland Baptist University,,wayland-baptist-university,Plainview,TX,79072,https://www.wbu.edu/,34.187677,-101.730042,True,1
229799,Weatherford College,,weatherford-college,Weatherford,TX,76086-5699,https://www.wc.edu/,32.74133,-97.792629,True,1
229814,West Texas A & M University,WTAMU,west-texas-a-m-university,Canyon,TX,79016-0001,https://www.wtamu.edu/,34.982789,-101.914736,True,1
229832,Western Texas College,,western-texas-college,Snyder,TX,79549,https://www.wtc.edu/,32.678458,-100.914945,True,1
229841,Wharton County Junior College,,wharton-county-junior-college,Wharton,TX,77488,https://www.wcjc.edu/,29.3238,-96.085815,True,1
229887,Wiley University,,wiley-university,Marshall,TX,75670,https://wileyc.edu/,32.537641,-94.376814,True,1
230010,Bridgerland Technical College,"Bridgerland ATC|BATC|Bridgerland Applied Technology Center|Bridgerland Area Vocational Center, Bridgerland Applied Technology College",bridgerland-technical-college,Logan,UT,84321,https://www.btech.edu/,41.756188,-111.850619,True,1
230038,Brigham Young University,BYU,brigham-young-university,Provo,UT,84602,https://byu.edu/,40.250851,-111.649281,True,1
230047,Brigham Young University-Hawaii,BYUH  BYUHC  BYU Hawaii  BYU Hawaii Campus  Brigham Young University Hawaii  Brigham Young University Hawaii Campus  BYU-H  BYU-HC  BYU-Hawaii  BYU-Hawaii Campus  Brigham Young University Hawaii Campus  BYU - H  BYU - HC  BYU - Hawaii  BYU - Hawaii Campus  Brigham Young University - Hawaii  Brigham Young University - Hawaii Campus  BYUHawaii  BYUHawaii Campus,brigham-young-university-hawaii,Laie,HI,96762-1294,https://www.byuh.edu/,21.642074,-157.926586,True,1
230065,Cameo College of Essential Beauty,,cameo-college-of-essential-beauty,Murray,UT,84107,https://www.cameocollege.com/,40.645694,-111.887832,True,1
230144,Collectiv Academy,Collectiv Academy,collectiv-academy,Sandy,UT,84094,https://www.collectivacademy.com/,40.56441,-111.851661,True,2
230162,Davis Technical College,Davis Tech,davis-technical-college,Kaysville,UT,84037-2699,https://www.davistech.edu/,41.028956,-111.925227,True,1
230171,Utah Tech University,UT,utah-tech-university,Saint George,UT,84770-3876,https://utahtech.edu/,37.102769,-113.565903,True,1
230199,Evans Hairstyling College-Cedar City,,evans-hairstyling-college-cedar-city,Cedar City,UT,84720,https://evanshairstylingcollegecedar.com/,37.679851,-113.064394,True,1
230205,Evans Hairstyling College-St George,,evans-hairstyling-college-st-george,Saint George,UT,84770,https://evanscollege.com/,37.107716,-113.561412,True,1
230214,Paul Mitchell the School-Salt Lake City,,paul-mitchell-the-school-salt-lake-city,Holladay,UT,84117,https://paulmitchell.edu/saltlakecity,40.666643,-111.835077,True,1
230366,Eagle Gate College-Murray,,eagle-gate-college-murray,Murray,UT,84123-6965,https://eaglegatecollege.edu/,40.649984,-111.903609,True,3
230418,Ensign College,Ensign College,ensign-college,Salt Lake City,UT,84101-3500,https://www.ensign.edu/,40.77113,-111.9002,True,1
230490,Ogden-Weber Technical College,Ogden-Weber Tech College,ogden-weber-technical-college,Ogden,UT,84404-4089,https://www.otech.edu/,41.264286,-111.964808,True,1
230597,Snow College,,snow-college,Ephraim,UT,84627,https://www.snow.edu/,39.360177,-111.58296,True,3
230603,Southern Utah University,,southern-utah-university,Cedar City,UT,84720,https://www.suu.edu/,37.674617,-113.070146,True,1
230676,Uintah Basin Technical College,UBTech,uintah-basin-technical-college,Roosevelt,UT,84066,https://www.ubtech.edu/,40.299059,-109.97534,True,1
230728,Utah State University,,utah-state-university,Logan,UT,84322-1400,https://www.usu.edu/,41.740748,-111.81391,True,1
230737,Utah Valley University,UVU,utah-valley-university,Orem,UT,84058-5999,https://www.uvu.edu/,40.281078,-111.716456,True,1
230746,Salt Lake Community College,,salt-lake-community-college,Salt Lake City,UT,84123,https://www.slcc.edu/,40.671575,-111.942809,True,1
230764,University of Utah,The U,university-of-utah,Salt Lake City,UT,84112-9008,https://www.utah.edu/,40.762484,-111.846044,True,1
230782,Weber State University,WSU,weber-state-university,Ogden,UT,84408-1001,https://www.weber.edu/,41.192591,-111.944845,True,1
230807,Westminster University,Westminster|Westminster College Salt Lake|Westminster College Salt Lake City|Westminster College Salt Lake City Utah|Westminster College of Salt Lake|Westminster College of Salt Lake City|Westminster College of Salt Lake City Utah|Westminster Griffins|Griffins|Salt Lake Griffins|Utah Griffins,westminster-university,Salt Lake City,UT,84105,https://www.westminsteru.edu/,40.730779,-111.855757,True,1
230816,Bennington College,Bennington,bennington-college,Bennington,VT,05201-6003,https://www.bennington.edu/,42.919547,-73.237799,True,1
230852,Champlain College,,champlain-college,Burlington,VT,05401,https://www.champlain.edu/,44.473287,-73.202746,True,1
230861,Community College of Vermont,CCV,community-college-of-vermont,Montpelier,VT,05602,https://www.ccv.edu/,44.280811,-72.573774,True,1
230959,Middlebury College,,middlebury-college,Middlebury,VT,05753,https://www.middlebury.edu/college/,44.009117,-73.176068,True,2
230995,Norwich University,,norwich-university,Northfield,VT,05663-1035,https://www.norwich.edu/,44.140237,-72.659783,True,1
231004,O'Briens Aveda Institute,,o-briens-aveda-institute,Williston,VT,05495,https://www.obriensavedainstitute.org/,44.447199,-73.102721,True,1
231059,Saint Michael's College,,saint-michael-s-college,Colchester,VT,05439,https://www.smcvt.edu/,44.494558,-73.167069,True,1
231068,SIT Graduate Institute,SIT; School for International Training,sit-graduate-institute,Brattleboro,VT,05302-0676,https://www.sit.edu/,42.891035,-72.56738,True,1
231095,Sterling College,,sterling-college-2,Craftsbury Common,VT,05827-0072,https://www.sterlingcollege.edu/,44.65225,-72.382372,True,1
231147,Vermont Law and Graduate School,VLGS,vermont-law-and-graduate-school,South Royalton,VT,05068-0096,https://www.vermontlaw.edu/,43.821406,-72.520919,True,1
231165,Vermont State University,VT Tech  VTC,vermont-state-university,Randolph,VT,05061,https://vermontstate.edu/,43.939623,-72.604498,True,1
231174,University of Vermont,UVM,university-of-vermont,Burlington,VT,05405-0160,https://www.uvm.edu/,44.477325,-73.196646,True,1
231280,Paul Mitchell the School-Roanoke,,paul-mitchell-the-school-roanoke,Roanoke,VA,24015,https://paulmitchell.edu/roanoke,37.255284,-79.95759,True,1
231411,Advanced Technology Institute,ATI,advanced-technology-institute,Virginia Beach,VA,23462,https://www.auto.edu/,36.841381,-76.182268,True,1
231420,Averett University,AU,averett-university,Danville,VA,24541,https://www.averett.edu/,36.577287,-79.413203,True,1
231536,Blue Ridge Community College,BRCC|Blue Ridge,blue-ridge-community-college-2,Weyers Cave,VA,24486-0080,https://www.brcc.edu/,38.279075,-78.937471,True,1
231554,Bluefield University,,bluefield-university,Bluefield,VA,24605,https://www.bluefield.edu/,37.244557,-81.246233,True,3
231581,Bridgewater College,BC|Bridgewater,bridgewater-college,Bridgewater,VA,22812-1599,https://www.bridgewater.edu/,38.378484,-78.969007,True,1
231624,William & Mary,William & Mary,william-mary,Williamsburg,VA,23187-8795,https://www.wm.edu/,37.269489,-76.708214,True,1
231651,Regent University,,regent-university,Virginia Beach,VA,23464,https://www.regent.edu/,36.801173,-76.194627,True,1
231688,Central School of Practical Nursing,,central-school-of-practical-nursing-2,Norfolk,VA,23502,https://ntc.npsk12.com/academics/central-school-of-practical-nursing,36.869309,-76.210274,True,1
231697,Central Virginia Community College,,central-virginia-community-college,Lynchburg,VA,24502-2498,https://www.centralvirginia.edu/,37.358809,-79.184238,True,1
231712,Christopher Newport University,CNU,christopher-newport-university,Newport News,VA,23606-3072,https://cnu.edu/,37.062495,-76.494364,True,1
231785,Bryant & Stratton College-Virginia Beach,,bryant-stratton-college-virginia-beach,Virginia Beach,VA,23462,https://www.bryantstratton.edu/,36.827826,-76.13819,False,16
231873,Mountain Gateway Community College,MGCC,mountain-gateway-community-college,Clifton Forge,VA,24422-1000,https://www.mgcc.edu/,37.812275,-79.852536,True,1
231882,Danville Community College,,danville-community-college,Danville,VA,24541-4004,https://www.danville.edu/,36.565286,-79.408803,True,1
232016,Centura College-Chesapeake,,centura-college-chesapeake,Chesapeake,VA,23320,https://www.centuracollege.edu/campuses/chesapeake,36.837648,-76.064499,True,3
232025,Emory & Henry University,,emory-henry-university,Emory,VA,24327-0947,https://www.emoryhenry.edu/,36.772857,-81.829142,True,1
232043,Eastern Mennonite University,EMU,eastern-mennonite-university,Harrisonburg,VA,22802-2462,https://emu.edu/,38.471134,-78.880326,True,1
232052,Eastern Shore Community College,ESCC,eastern-shore-community-college,Melfa,VA,23410,https://www.es.vccs.edu/,37.639652,-75.751129,True,1
232089,Ferrum College,,ferrum-college,Ferrum,VA,24088-9000,https://www.ferrum.edu/,36.926431,-80.020614,True,1
232186,George Mason University,George Mason,george-mason-university,Fairfax,VA,22030-4444,https://www.gmu.edu/,38.83195,-77.307063,True,1
232195,Germanna Community College,,germanna-community-college,Locust Grove,VA,22508-2102,https://www.germanna.edu/,38.375532,-77.78012,True,1
232256,Hampden-Sydney College,"HSC, Hampden-Sydney, H-SC",hampden-sydney-college,Hampden-Sydney,VA,23943,https://www.hsc.edu/,37.240615,-78.464216,True,1
232265,Hampton University,,hampton-university,Hampton,VA,23668-0099,https://www.hamptonu.edu/,37.019944,-76.339161,True,1
232308,Hollins University,Hollins College,hollins-university,Roanoke,VA,24020,https://www.hollins.edu/,37.354201,-79.943277,True,1
232414,J Sargeant Reynolds Community College,Reynolds Community College,j-sargeant-reynolds-community-college,Richmond,VA,23228-2327,https://www.reynolds.edu/,37.636837,-77.473918,True,1
232423,James Madison University,JMU,james-madison-university,Harrisonburg,VA,22807,https://www.jmu.edu/index.shtml,38.436311,-78.870484,True,1
232450,Brightpoint Community College,John Tyler Community College,brightpoint-community-college,Chester,VA,23831-5316,https://www.brightpoint.edu/,37.346254,-77.407919,True,1
232557,Liberty University,,liberty-university,Lynchburg,VA,24515,https://www.liberty.edu/,37.350232,-79.18222,True,1
232566,Longwood University,,longwood-university,Farmville,VA,23909,https://www.longwood.edu/,37.297975,-78.396987,True,1
232575,Laurel Ridge Community College,Lord Fairfax Community College,laurel-ridge-community-college,Middletown,VA,22645,https://www.laurelridge.edu/,39.036001,-78.267336,True,1
232609,University of Lynchburg,Lynchburg,university-of-lynchburg,Lynchburg,VA,24501-3113,https://www.lynchburg.edu/,37.399774,-79.181653,True,1
232618,Centra College,Centra College,centra-college,Lynchburg,VA,24501,https://www.centrahealth.com/college,37.4051,-79.174101,True,1
232672,Mary Baldwin University,MBU,mary-baldwin-university,Staunton,VA,24401,https://www.marybaldwin.edu/,38.153884,-79.069273,True,1
232681,University of Mary Washington,Mary Washington College,university-of-mary-washington,Fredericksburg,VA,22401-5300,https://www.umw.edu/,38.302492,-77.476055,True,1
232706,Marymount University,,marymount-university,Arlington,VA,22207-4299,https://www.marymount.edu/,38.905562,-77.128785,True,1
232724,Sovah School of Health Professions,,sovah-school-of-health-professions,Danville,VA,24541,https://sovahhealth.com/sohp,36.577965,-79.405312,True,1
232788,Mountain Empire Community College,"MECC, Mountain Empire",mountain-empire-community-college,Big Stone Gap,VA,24219,https://www.mecc.edu/,36.854421,-82.758277,True,1
232797,American National University,National College,american-national-university,Salem,VA,24153,https://www.an.edu/locations/,37.299743,-80.023602,True,1
232867,New River Community College,NRCC,new-river-community-college,Dublin,VA,24084-3660,https://www.nr.edu/,37.105239,-80.69605,True,1
232885,Sentara College of Health Sciences,Sentara College,sentara-college-of-health-sciences,Chesapeake,VA,23320,https://www.sentara.edu/,36.777043,-76.243308,True,1
232919,Tidewater Tech-Trades,,tidewater-tech-trades,Norfolk,VA,23502,https://tidewatertechtrades.edu/,36.866307,-76.234223,True,2
232937,Norfolk State University,Norfolk State; NSU,norfolk-state-university,Norfolk,VA,23504-8000,https://www.nsu.edu/,36.848429,-76.261375,True,1
232946,Northern Virginia Community College,,northern-virginia-community-college,Annandale,VA,22003-3796,https://www.nvcc.edu/,38.833361,-77.236718,True,1
232982,Old Dominion University,"ODU, Old Dominion",old-dominion-university,Norfolk,VA,23529,https://www.odu.edu/,36.886418,-76.30666,True,1
233019,Patrick & Henry Community College,Patrick &Henry CC P&HCC P&H,patrick-henry-community-college,Martinsville,VA,24112,https://www.patrickhenry.edu/,36.737893,-79.871133,True,1
233037,Paul D Camp Community College,,paul-d-camp-community-college,Franklin,VA,23851,https://www.pdc.edu/,36.674527,-76.93757,True,1
233082,Southside College of Health Sciences,Southside College of Health Sciences,southside-college-of-health-sciences,Colonial Heights,VA,23834,https://www.schs.edu/,37.267704,-77.400278,True,1
233116,Piedmont Virginia Community College,PVCC,piedmont-virginia-community-college,Charlottesville,VA,22902-7589,https://www.pvcc.edu/,38.006895,-78.483707,True,1
233277,Radford University,RU,radford-university,Radford,VA,24142,https://www.radford.edu/,37.136907,-80.549728,True,1
233286,Sylvain Melloul International Hair Academy,"Sylvain Melloul Int'l Hair Academy, SMIHA",sylvain-melloul-international-hair-academy,Lynchburg,VA,24502,https://smiha.edu/,37.360833,-79.168082,True,1
233295,Randolph-Macon College,Randolph-Macon,randolph-macon-college,Ashland,VA,23005-5505,https://www.rmc.edu/,37.76043,-77.478416,True,1
233301,Randolph College,Randolph | Randolph-Macon Woman's College | Randolph Macon Women's College | Randolph-Macon Womens College | Randolph Macon Womens College | R-MWC | RMWC | Randolf-Macon Women's College | Randolf Macon Women's College | Randolf | Randolph Lynchburg | RC | Lynchburg Randolph,randolph-college,Lynchburg,VA,24503-1555,https://www.randolphcollege.edu/,37.437315,-79.171887,True,1
233310,Rappahannock Community College,RCC,rappahannock-community-college,Glenns,VA,23149-2616,https://www.rappahannock.edu/,37.564425,-76.623913,True,1
233329,Fortis College-Norfolk,Virginia Career Institute,fortis-college-norfolk,Norfolk,VA,23502-4101,https://www.fortis.edu/,36.846983,-76.190241,False,3
233338,Richard Bland College,"Richard Bland, Richard Bland Junior College, Richard Bland College, RBC",richard-bland-college,South Prince George,VA,23805-7100,https://www.rbc.edu/,37.156972,-77.399932,True,1
233356,Bon Secours Memorial College of Nursing,,bon-secours-memorial-college-of-nursing,Richmond,VA,23227-1149,https://www.bsmcon.edu/,37.646698,-77.433569,True,1
233374,University of Richmond,UR/U of Richmond/Richmond,university-of-richmond,University of Richmond,VA,23173,https://www.richmond.edu/,37.577393,-77.538806,True,1
233408,Riverside College of Health Sciences,,riverside-college-of-health-sciences,Newport News,VA,23601,https://www.riversideonline.com/careers/college-of-health-careers,37.034972,-76.456164,True,1
233426,Roanoke College,,roanoke-college,Salem,VA,24153-3794,https://www.roanoke.edu/,37.294861,-80.055467,True,1
233480,Bon Secours St Mary's Hospital School of Medical Imaging,,bon-secours-st-mary-s-hospital-school-of-medical-imaging,Richmond,VA,23227,https://smhsomi.edu/,37.646698,-77.433569,True,1
233541,Shenandoah University,SU,shenandoah-university,Winchester,VA,22601-5195,https://www.su.edu/,39.167355,-78.157433,True,1
233602,Southeastern Free Will Baptist Bible College,Southeastern Free Will Baptist College,southeastern-free-will-baptist-bible-college,Wendell,NC,27591-9072,https://www.sfwbc.edu/,35.80023,-78.4164,True,1
233611,Southern Virginia University,SVU,southern-virginia-university,Buena Vista,VA,24416,https://svu.edu/,37.740368,-79.35037,True,1
233639,Southside Virginia Community College,,southside-virginia-community-college,Alberta,VA,23821,https://www.southside.edu/,36.839066,-77.917962,True,1
233648,Southwest Virginia Community College,Southwest Virginia|Southwest|SVCC|SWVCC|SwVCC|SWCC,southwest-virginia-community-college,Cedar Bluff,VA,24609,https://sw.edu/,37.006196,-81.796682,True,1
233666,Staunton School of Cosmetology,,staunton-school-of-cosmetology,Staunton,VA,24401-4323,https://hairstylingschool.com/,38.149508,-79.070811,True,1
233684,Strayer University-Virginia,,strayer-university-virginia,Arlington,VA,22201,https://www.strayer.edu/campus-locations/virginia/arlington,38.890995,-77.085294,False,22
233718,Sweet Briar College,,sweet-briar-college,Sweet Briar,VA,24595-9998,https://www.sbc.edu/,37.556725,-79.081014,True,1
233754,Virginia Peninsula Community College,Thomas Nelson Community College,virginia-peninsula-community-college,Hampton,VA,23666,https://www.vpcc.edu/,37.063821,-76.420046,True,1
233772,Tidewater Community College,,tidewater-community-college,Norfolk,VA,23510,https://www.tcc.edu/,36.85009,-76.291376,True,1
233842,Union Presbyterian Seminary,Union Presbyterian,union-presbyterian-seminary,Richmond,VA,23227,https://www.upsem.edu/,37.578928,-77.449314,True,2
233897,University of Virginia's College at Wise,UVA Wise,university-of-virginia-s-college-at-wise,Wise,VA,24293-4400,https://www.uvawise.edu/,36.970602,-82.559656,True,1
233903,Virginia Highlands Community College,VHCC,virginia-highlands-community-college,Abingdon,VA,24212-0828,https://www.vhcc.edu/,36.698866,-82.001118,True,1
233921,Virginia Polytechnic Institute and State University,Virginia Tech,virginia-polytechnic-institute-and-state-university,Blacksburg,VA,24061-0131,https://www.vt.edu/,37.229012,-80.423675,True,1
233949,Virginia Western Community College,,virginia-western-community-college,Roanoke,VA,24015,https://www.virginiawestern.edu/,37.245029,-79.973011,True,1
234030,Virginia Commonwealth University,VCU,virginia-commonwealth-university,Richmond,VA,23284-2512,https://www.vcu.edu/,37.54962,-77.452697,True,1
234076,University of Virginia-Main Campus,University of Virginia  UVa  UVA,university-of-virginia-main-campus,Charlottesville,VA,22903-2628,https://www.virginia.edu/,38.035665,-78.503428,True,1
234085,Virginia Military Institute,VMI,virginia-military-institute,Lexington,VA,24450-0304,https://www.vmi.edu/,37.7896,-79.437067,True,1
234137,Virginia University of Lynchburg,,virginia-university-of-lynchburg,Lynchburg,VA,24501,https://www.vul.edu/,37.395187,-79.151615,True,1
234155,Virginia State University,VSU,virginia-state-university,Petersburg,VA,23806,https://www.vsu.edu/,37.234692,-77.419026,True,1
234164,Virginia Union University,VUU,virginia-union-university,Richmond,VA,23220,https://www.vuu.edu/,37.562405,-77.450903,True,1
234173,Virginia Wesleyan University,VWU | Marlins | VA Wesleyan | Wesleyan,virginia-wesleyan-university,Virginia Beach,VA,23455,https://www.vwu.edu/,36.868417,-76.18606,True,1
234207,Washington and Lee University,"Washington and Lee, W&L, WLU",washington-and-lee-university,Lexington,VA,24450-2116,https://www.wlu.edu/,37.788939,-79.443018,True,1
234377,Wytheville Community College,WCC,wytheville-community-college,Wytheville,VA,24382-3308,https://www.wcc.vccs.edu/,36.95731,-81.071181,True,1
234669,Bellevue College,BC,bellevue-college,Bellevue,WA,98007-6484,https://bellevuecollege.edu/,47.584014,-122.150118,True,1
234696,Bellingham Technical College,Bellingham Vocational Technical Institute,bellingham-technical-college,Bellingham,WA,98225-1599,https://www.btc.edu/,48.766189,-122.51216,True,1
234711,Big Bend Community College,,big-bend-community-college,Moses Lake,WA,98837-3299,https://www.bigbend.edu/,47.183651,-119.325678,True,1
234827,Central Washington University,CWU,central-washington-university,Ellensburg,WA,98926,https://www.cwu.edu/,47.002687,-120.538368,True,1
234845,Centralia College,,centralia-college,Centralia,WA,98531-4099,https://www.centralia.edu/,46.715017,-122.960591,True,1
234915,City University of Seattle,CityU,city-university-of-seattle,Seattle,WA,98121,https://www.cityu.edu/,47.617381,-122.344594,True,1
234924,Paul Mitchell the School-Richland,Lucas Marc Academy,paul-mitchell-the-school-richland,Richland,WA,99352,https://paulmitchell.edu/richland,46.22626,-119.246059,True,2
234933,Clark College,,clark-college,Vancouver,WA,98663-3598,https://www.clark.edu/,45.636133,-122.651257,True,1
234951,Clover Park Technical College,CPTC|Clover Pk|Clover Park|Clover Park Tech,clover-park-technical-college,Lakewood,WA,98499-4004,https://www.cptc.edu/,47.176084,-122.497873,True,1
234979,Columbia Basin College,CBC,columbia-basin-college,Pasco,WA,99301,https://www.columbiabasin.edu/,46.25216,-119.12103,True,1
235088,Divers Institute of Technology,DIT,divers-institute-of-technology,Seattle,WA,98103,https://www.diversinstitute.edu/,47.647402,-122.340894,True,1
235097,Eastern Washington University,EWU,eastern-washington-university,Cheney,WA,99004-2496,https://www.ewu.edu/,47.490667,-117.583808,True,1
235103,Edmonds College,Edmonds,edmonds-college,Lynnwood,WA,98036,https://www.edmonds.edu/,47.816376,-122.327598,True,1
235149,Everett Community College,,everett-community-college,Everett,WA,98201,https://www.everettcc.edu/,48.006626,-122.204736,True,1
235167,The Evergreen State College,Evergreen |TESC|,the-evergreen-state-college,Olympia,WA,98505-0001,https://www.evergreen.edu/,47.07382,-122.977492,True,1
235237,Pierce College District,Pierce College,pierce-college-district,Lakewood,WA,98498-1999,https://www.pierce.ctc.edu/,47.172082,-122.570935,True,1
235316,Gonzaga University,,gonzaga-university,Spokane,WA,99258-0001,https://www.gonzaga.edu/,47.666531,-117.400625,True,1
235334,Grays Harbor College,GHC,grays-harbor-college,Aberdeen,WA,98520-7599,https://www.ghc.edu/,46.953881,-123.803068,True,1
235343,Green River College,GRC,green-river-college,Auburn,WA,98092-3622,https://www.greenriver.edu/,47.313648,-122.175819,True,1
235352,Toni & Guy Hairdressing Academy-Shoreline,Evergreen Beauty College (Shoreline),toni-guy-hairdressing-academy-shoreline,Shoreline,WA,98133,https://www.evergreenbeauty.edu/,47.761696,-122.344548,True,1
235422,Heritage University,,heritage-university,Toppenish,WA,98948,https://www.heritage.edu/,46.3748,-120.394972,True,1
235431,Highline College,Highline,highline-college,Des Moines,WA,98198-9800,https://www.highline.edu/,47.388231,-122.303064,True,1
235547,Bastyr University,,bastyr-university,Kenmore,WA,98028-4966,https://www.bastyr.edu/,47.729935,-122.251708,True,1
235671,Bates Technical College,,bates-technical-college,Tacoma,WA,98405,https://www.batestech.edu/,47.251743,-122.44683,True,1
235699,Lake Washington Institute of Technology,LWTech,lake-washington-institute-of-technology,Kirkland,WA,98034-8506,https://www.lwtech.edu/,47.705077,-122.167131,True,1
235750,Lower Columbia College,LCC,lower-columbia-college,Longview,WA,98632,https://lowercolumbia.edu/,46.14214,-122.935928,True,1
236072,North Seattle College,NSCC|North Seattle|NSC,north-seattle-college,Seattle,WA,98103-3599,https://northseattle.edu/,47.698408,-122.333584,True,1
236133,Northwest University,,northwest-university,Kirkland,WA,98083-0579,https://www.northwestu.edu/,47.657945,-122.192763,True,1
236188,Olympic College,OC/Olympic/Olympic Community College/Olympic Jr College,olympic-college,Bremerton,WA,98337-1699,https://www.olympic.edu/,47.574769,-122.635113,True,1
236212,Perry Technical Institute,"Perry Tech, J. M. Perry, PTI, Perry Trade",perry-technical-institute,Yakima,WA,98903-1296,https://www.perrytech.edu/,46.571492,-120.537976,True,1
236230,Pacific Lutheran University,PLU,pacific-lutheran-university,Tacoma,WA,98447-0003,https://www.plu.edu/,47.14516,-122.440421,True,1
236258,Peninsula College,Peninsula Community College,peninsula-college,Port Angeles,WA,98362,https://www.pencol.edu/,48.101295,-123.412865,True,1
236328,University of Puget Sound,,university-of-puget-sound,Tacoma,WA,98416,https://www.pugetsound.edu/,47.26308,-122.478982,True,1
236382,Renton Technical College,,renton-technical-college,Renton,WA,98056-4123,https://www.rtc.edu/,47.489206,-122.176303,True,1
236452,Saint Martin's University,,saint-martin-s-university,Lacey,WA,98503-7500,https://www.stmartin.edu/,47.041068,-122.816354,True,1
236504,South Seattle College,Seattle South|South Seattle|SSCC|South Sea|Sea South|SSC|South CC,south-seattle-college,Seattle,WA,98106-1499,https://southseattle.edu/,47.5475,-122.352672,True,1
236513,Seattle Central College,Seattle Central College|Sea Central|Central Seattle|SCCC|SCC|Seattle CC|Seattle Central CC,seattle-central-college,Seattle,WA,98122,https://seattlecentral.edu/,47.616748,-122.321231,True,1
236577,Seattle Pacific University,SPU,seattle-pacific-university,Seattle,WA,98119-1997,https://spu.edu/,47.650214,-122.361667,True,1
236595,Seattle University,Seattle U,seattle-university,Seattle,WA,98122-4340,https://www.seattleu.edu/,47.608859,-122.318851,True,1
236610,Shoreline College,,shoreline-college,Shoreline,WA,98133-5696,https://www.shoreline.edu/,47.747402,-122.358626,True,2
236638,Skagit Valley College,,skagit-valley-college,Mount Vernon,WA,98273,https://www.skagit.edu/,48.437194,-122.30894,True,1
236656,South Puget Sound Community College,,south-puget-sound-community-college,Olympia,WA,98512-6292,https://www.spscc.edu/,47.023698,-122.929578,True,1
236692,Spokane Community College,,spokane-community-college,Spokane,WA,99217-5399,https://scc.spokane.edu/,47.674034,-117.360065,True,1
236708,Spokane Falls Community College,,spokane-falls-community-college,Spokane,WA,99224-5288,https://sfcc.spokane.edu/,47.676741,-117.463538,True,1
236744,Stylemaster College of Hair Design,,stylemaster-college-of-hair-design,Longview,WA,98632-3027,https://www.stylemasters.edu/,46.136018,-122.934592,True,1
236753,Tacoma Community College,,tacoma-community-college,Tacoma,WA,98466-6100,https://www.tacomacc.edu/,47.244622,-122.524793,True,1
236887,Walla Walla Community College,,walla-walla-community-college,Walla Walla,WA,99362-9267,https://www.wwcc.edu/,46.078557,-118.276505,True,1
236896,Walla Walla University,Walla Walla College,walla-walla-university,College Place,WA,99324-1198,https://www.wallawalla.edu/,46.048088,-118.389555,True,1
236939,Washington State University,,washington-state-university,Pullman,WA,99164-5910,https://wsu.edu/,46.730448,-117.158168,True,6
236948,University of Washington-Seattle Campus,"UW-Seattle, UDub, UW, Washington",university-of-washington-seattle-campus,Seattle,WA,98195,https://www.washington.edu/,47.65538,-122.30514,True,3
236975,Wenatchee Valley College,WVC,wenatchee-valley-college,Wenatchee,WA,98801-1799,https://www.wvc.edu/,47.431234,-120.337198,True,1
237011,Western Washington University,Western Washington State College|Western Washington College of Education,western-washington-university,Bellingham,WA,98225-9008,https://wwu.edu/,48.737812,-122.485734,True,1
237039,Whatcom Community College,,whatcom-community-college,Bellingham,WA,98226,https://whatcom.edu/,48.7939,-122.493253,True,1
237057,Whitman College,,whitman-college,Walla Walla,WA,99362,https://www.whitman.edu/,46.069815,-118.331546,True,1
237066,Whitworth University,Whitworth College,whitworth-university,Spokane,WA,99251,https://www.whitworth.edu/,47.753358,-117.416714,True,1
237109,Yakima Valley College,YVC,yakima-valley-college,Yakima,WA,98907-2520,https://www.yvcc.edu/,46.586098,-120.528525,True,1
237127,Appalachian Beauty School,,appalachian-beauty-school,Belfry,KY,41514,https://appalachianbeautyschool.com/,37.624479,-82.266793,True,1
237136,Appalachian Bible College,ABC,appalachian-bible-college,Mount Hope,WV,25880-9557,https://abc.edu/,37.853335,-81.198867,True,1
237145,B M Spurr School of Practical Nursing,,b-m-spurr-school-of-practical-nursing,Glen Dale,WV,26038,https://wvumedicine.org/reynolds-memorial/,39.946126,-80.752394,True,1
237172,Ben Franklin Career Center,,ben-franklin-career-center,Dunbar,WV,25064,https://bf.kana.k12.wv.us/o/benfranklin,38.367234,-81.75353,True,1
237181,Bethany College,,bethany-college-2,Bethany,WV,26032,https://www.bethanywv.edu/,40.205819,-80.560056,True,1
237215,Bluefield State University,,bluefield-state-university,Bluefield,WV,24701-2198,https://bluefieldstate.edu/,37.265732,-81.239037,True,1
237242,Cabell County Career Technology Center,,cabell-county-career-technology-center,Huntington,WV,25705-2827,https://www.cabellschools.com/Domain/12,38.403244,-82.372418,True,1
237303,Charleston School of Beauty Culture,,charleston-school-of-beauty-culture,Charleston,WV,25304,https://wvcsbc.net/,38.317676,-81.578638,True,1
237312,University of Charleston,,university-of-charleston,Charleston,WV,25304,https://www.ucwv.edu/,38.333367,-81.616244,True,1
237321,Clarksburg Beauty Academy and School of Massage Therapy,,clarksburg-beauty-academy-and-school-of-massage-therapy,Clarksburg,WV,26301,https://clarksburgbeautyacademywv.com/,39.279875,-80.339054,True,1
237330,Concord University,,concord-university,Athens,WV,24712,https://www.concord.edu/,37.423723,-81.006696,True,1
237358,Davis & Elkins College,"Davis and Elkins College, D&E College, D&E",davis-elkins-college,Elkins,WV,26241-3996,https://www.dewv.edu/,38.931232,-79.846022,True,1
237367,Fairmont State University,Fairmont State College,fairmont-state-university,Fairmont,WV,26554-2470,https://www.fairmontstate.edu/,39.483079,-80.162433,True,1
237385,Glenville State University,,glenville-state-university,Glenville,WV,26351-1292,https://www.glenville.edu/,38.93547,-80.834295,True,1
237437,Ameritas College,,ameritas-college,Huntington,WV,25701,https://www.ameritas.edu/,38.419732,-82.443234,True,2
237473,James Rumsey Technical Institute,,james-rumsey-technical-institute,Martinsburg,WV,25403-0259,https://www.jamesrumsey.com/,39.5328,-77.978583,True,1
237491,Ralph R Willis Career and Technical Center,,ralph-r-willis-career-and-technical-center,Stollings,WV,25646,https://boe.logan.k12.wv.us/?pn=schools2,37.82694,-81.94289,True,1
237525,Marshall University,,marshall-university,Huntington,WV,25755,https://www.marshall.edu/,38.422482,-82.428964,True,1
237543,Mercer County Technical Education Center,MCTEC,mercer-county-technical-education-center,Princeton,WV,24740,https://mercercountyschools.sites.thrillshare.com/o/mctec,37.360024,-81.104647,True,1
237561,Monongalia County Technical Education Center,MTEC,monongalia-county-technical-education-center,Morgantown,WV,26501-6841,https://mtec.mono.k12.wv.us/,39.611165,-79.957275,True,1
237570,Morgantown Beauty College Inc,,morgantown-beauty-college-inc,Morgantown,WV,26505-5430,https://www.morgantownbeautycollege.edu/,39.628866,-79.954593,True,1
237686,West Virginia University at Parkersburg,,west-virginia-university-at-parkersburg,Parkersburg,WV,26104,https://www.wvup.edu/,39.216379,-81.506192,True,1
237701,Potomac State College of West Virginia University,,potomac-state-college-of-west-virginia-university,Keyser,WV,26726,https://www.potomacstatecollege.edu/,39.438323,-78.981441,False,3
237729,Academy of Careers and Technology,,academy-of-careers-and-technology,Beckley,WV,25801,https://www.wvact.net/,37.795299,-81.165435,True,1
237783,Salem University,,salem-university,Salem,WV,26426,https://www.salemu.edu/,39.288632,-80.571767,True,1
237792,Shepherd University,,shepherd-university,Shepherdstown,WV,25443,https://www.shepherd.edu/,39.433071,-77.804101,True,1
237817,Southern West Virginia Community and Technical College,,southern-west-virginia-community-and-technical-college,Logan,WV,25601,https://www.southernwv.edu/,37.851756,-82.023014,True,1
237844,Fred W Eberle Technical Center,,fred-w-eberle-technical-center,Buckhannon,WV,26201,https://fetc.edu/,39.001908,-80.225278,True,1
237880,West Virginia School of Osteopathic Medicine,WVSOM,west-virginia-school-of-osteopathic-medicine,Lewisburg,WV,24901,https://www.wvsom.edu/,37.804273,-80.43782,True,1
237899,West Virginia State University,WVSU; STATE,west-virginia-state-university,Institute,WV,25112-1000,https://www.wvstateu.edu/,38.380541,-81.765034,True,1
237905,West Virginia University Hospital Departments of Rad Tech and Nutrition,WVU Medicine Imaging Science Education Programs,west-virginia-university-hospital-departments-of-rad-tech-and-nutrition,Morgantown,WV,26506-8062,https://wvumedicine.org/radtech,39.654269,-79.957959,True,1
237932,West Liberty University,,west-liberty-university,West Liberty,WV,26074,https://www.westliberty.edu/,40.164417,-80.602256,True,1
237950,West Virginia University Institute of Technology,West Virginia University Tech,west-virginia-university-institute-of-technology,Beckley,WV,25801,https://www.wvutech.edu/,37.775924,-81.184072,False,3
237969,West Virginia Wesleyan College,WVWC,west-virginia-wesleyan-college,Buckhannon,WV,26201-2994,https://www.wvwc.edu/,38.990661,-80.218969,True,1
237987,West Virginia Junior College-Charleston,,west-virginia-junior-college-charleston,Cross Lanes,WV,25313-1304,https://www.wvjc.edu/,38.422967,-81.789743,True,2
237996,West Virginia Junior College-Morgantown,,west-virginia-junior-college-morgantown,Morgantown,WV,26505,https://www.wvjc.edu/,39.63248,-79.955006,True,2
238005,International Beauty School,,international-beauty-school,Martinsburg,WV,25401,https://www.theinternationalbeautyschool.com/,39.456357,-77.965463,True,1
238014,West Virginia Northern Community College,WVNCC,west-virginia-northern-community-college,Wheeling,WV,26003-3699,https://www.wvncc.edu/,40.063318,-80.721263,True,1
238032,West Virginia University,WVU,west-virginia-university,Morgantown,WV,26506,https://www.wvu.edu/,39.634371,-79.954391,True,3
238078,Wheeling University,,wheeling-university,Wheeling,WV,26003,https://www.wheeling.edu/,40.070873,-80.690804,True,1
238096,Wood County Technical Center-Practical Nursing,,wood-county-technical-center-practical-nursing,Parkersburg,WV,26101,https://www.woodcountyschoolswv.com/o/wctc/page/practical-nursing,39.242596,-81.54796,True,1
238175,VICI Beauty School,,vici-beauty-school,Greenfield,WI,53228,https://www.vicibeautyschool.com/,42.969877,-88.049912,True,1
238193,Alverno College,,alverno-college,Milwaukee,WI,53234-3922,https://www.alverno.edu/,42.982842,-87.965174,True,1
238263,Madison Area Technical College,Madison College,madison-area-technical-college,Madison,WI,53704-2599,https://madisoncollege.edu/,43.12183,-89.327921,True,1
238324,Bellin College,,bellin-college,Green Bay,WI,54311,https://www.bellincollege.edu/,44.468277,-87.921722,True,1
238333,Beloit College,,beloit-college,Beloit,WI,53511-5595,https://www.beloit.edu/,42.504022,-89.029285,True,1
238397,Blackhawk Technical College,BTC,blackhawk-technical-college,Janesville,WI,53547-5009,https://www.blackhawk.edu/,42.593159,-89.016254,True,1
238458,Carroll University,,carroll-university,Waukesha,WI,53186,https://www.carrollu.edu/,43.004527,-88.228114,True,1
238476,Carthage College,Carthage,carthage-college,Kenosha,WI,53140-1994,https://www.carthage.edu/,42.622969,-87.820924,True,1
238616,Concordia University-Wisconsin,CUW,concordia-university-wisconsin,Mequon,WI,53097-2402,https://www.cuw.edu/,43.253387,-87.91552,True,2
238661,Edgewood University,,edgewood-university,Madison,WI,53711-1997,https://www.edgewood.edu/,43.057059,-89.422884,True,1
238722,Fox Valley Technical College,FVTC,fox-valley-technical-college,Appleton,WI,54912-2277,https://www.fvtc.edu/,44.283174,-88.45893,True,1
238759,Gateway Technical College,,gateway-technical-college,Kenosha,WI,53144-1690,https://www.gtc.edu/,42.605677,-87.846695,True,1
238810,The Professional Hair Design Academy,PHD Academy,the-professional-hair-design-academy,Eau Claire,WI,54701-7633,https://phdacademy.edu/,44.783374,-91.461714,True,1
238980,Lakeland University,,lakeland-university,Plymouth,WI,53073,https://www.lakeland.edu/,43.841573,-87.883414,True,1
239008,Lakeshore Technical College,Lakeshore College,lakeshore-technical-college,Cleveland,WI,53015-1414,https://lakeshore.edu/,43.924774,-87.75454,True,1
239017,Lawrence University,Lawrence,lawrence-university,Appleton,WI,54911,https://www.lawrence.edu/,44.261323,-88.397822,True,1
239071,Maranatha Baptist University,"MBBC, Maranatha College, Maranatha, Maranatha Baptist College, Maranatha Bible College, Maranatha Baptist Bible College, Marantha, Maranatha University, Maranatha Baptist University, MBU, Maranatha Bible University",maranatha-baptist-university,Watertown,WI,53094,https://www.mbu.edu/,43.195013,-88.737016,True,1
239080,Marian University,Marian University of Fond du Lac,marian-university-2,Fond Du Lac,WI,54935-4699,https://www.marianuniversity.edu/,43.777411,-88.420638,True,1
239105,Marquette University,,marquette-university,Milwaukee,WI,53233,https://www.marquette.edu/,43.03903,-87.927961,True,1
239169,Medical College of Wisconsin,,medical-college-of-wisconsin,Milwaukee,WI,53226-0509,https://www.mcw.edu/,43.044527,-88.022674,True,1
239220,Mid-State Technical College,Mid-State  MSTC,mid-state-technical-college,Wisconsin Rapids,WI,54494,https://www.mstc.edu/,44.391091,-89.783785,True,1
239248,Milwaukee Area Technical College,MATC,milwaukee-area-technical-college,Milwaukee,WI,53233-1443,https://www.matc.edu/,43.04359,-87.920818,True,1
239309,Milwaukee Institute of Art & Design,MIAD,milwaukee-institute-of-art-design,Milwaukee,WI,53202-6003,https://www.miad.edu/,43.030917,-87.907925,True,1
239318,Milwaukee School of Engineering,MSOE,milwaukee-school-of-engineering,Milwaukee,WI,53202-3109,https://www.msoe.edu/,43.045364,-87.907691,True,1
239372,Moraine Park Technical College,,moraine-park-technical-college,Fond du Lac,WI,54936-1940,https://www.morainepark.edu/,43.785224,-88.417656,True,1
239390,Mount Mary University,Mount Mary College MMU MMC,mount-mary-university,Milwaukee,WI,53222-4597,https://www.mtmary.edu/,43.072507,-88.030732,True,1
239424,Nashotah House,,nashotah-house,Nashotah,WI,53058-9793,https://www.nashotah.edu/,43.082193,-88.423743,True,1
239442,Nicolet Area Technical College,Nicolet College,nicolet-area-technical-college,Rhinelander,WI,54501-0518,https://www.nicoletcollege.edu/,45.609542,-89.425055,True,1
239460,Northcentral Technical College,North Central Technical College  NTC,northcentral-technical-college,Wausau,WI,54401-1899,https://www.ntc.edu/,44.986458,-89.646369,True,1
239488,Northeast Wisconsin Technical College,NWTC,northeast-wisconsin-technical-college,Green Bay,WI,54307-9042,https://www.nwtc.edu/,44.526467,-88.105675,True,1
239628,Ripon College,,ripon-college,Ripon,WI,54971-0248,https://www.ripon.edu/,43.844135,-88.842333,True,1
239637,Sacred Heart Seminary and School of Theology,SHSST,sacred-heart-seminary-and-school-of-theology,Franklin,WI,53132,https://www.shsst.edu/,42.910829,-88.04438,True,1
239716,Saint Norbert College,SNC,saint-norbert-college,De Pere,WI,54115-2099,https://www.snc.edu/,44.44483,-88.067812,True,1
239877,State College of Beauty Culture,Beauty Culture LLC,state-college-of-beauty-culture,Wausau,WI,54403,https://www.statecollegeofbeauty.com/,44.936911,-89.618062,True,1
239910,Southwest Wisconsin Technical College,Southwest Tech,southwest-wisconsin-technical-college,Fennimore,WI,53809-9778,https://www.swtc.edu/,42.976238,-90.637714,True,1
240107,Viterbo University,Viterbo,viterbo-university,La Crosse,WI,54601-8804,https://www.viterbo.edu/,43.803133,-91.244297,True,1
240116,Chippewa Valley Technical College,CVTC,chippewa-valley-technical-college,Eau Claire,WI,54701-6162,https://www.cvtc.edu/,44.794867,-91.505675,True,1
240125,Waukesha County Technical College,WCTC,waukesha-county-technical-college,Pewaukee,WI,53072-4601,https://www.wctc.edu/,43.071444,-88.256292,True,1
240170,Western Technical College,Western Wisconsin Technical College,western-technical-college-3,La Crosse,WI,54601,https://www.westerntc.edu/,43.815309,-91.246191,True,1
240189,University of Wisconsin-Whitewater,,university-of-wisconsin-whitewater,Whitewater,WI,53190-1790,https://www.uww.edu/,42.835563,-88.742368,True,1
240198,Northwood Technical College,Northwood Tech,northwood-technical-college,Rice Lake,WI,54868,https://www.northwoodtech.edu/,45.48131,-91.747024,True,1
240213,Wisconsin School of Professional Psychology,WSPP,wisconsin-school-of-professional-psychology,Milwaukee,WI,53225-4960,https://www.wspp.edu/,43.10534,-88.026735,True,1
240268,University of Wisconsin-Eau Claire,UW-Eau Claire,university-of-wisconsin-eau-claire,Eau Claire,WI,54701,https://www.uwec.edu/,44.798284,-91.501906,True,1
240277,University of Wisconsin-Green Bay,,university-of-wisconsin-green-bay,Green Bay,WI,54311-7001,https://www.uwgb.edu/,44.532298,-87.919973,True,1
240329,University of Wisconsin-La Crosse,,university-of-wisconsin-la-crosse,La Crosse,WI,54601-9959,https://www.uwlax.edu/,43.81568,-91.23186,True,1
240338,Wisconsin Lutheran College,"WLC, Wisconsin Lutheran",wisconsin-lutheran-college,Milwaukee,WI,53226-4699,https://www.wlc.edu/,43.036943,-88.022718,True,1
240365,University of Wisconsin-Oshkosh,,university-of-wisconsin-oshkosh,Oshkosh,WI,54901,https://www.uwosh.edu/,44.026206,-88.549369,True,1
240374,University of Wisconsin-Parkside,,university-of-wisconsin-parkside,Kenosha,WI,53144,https://www.uwp.edu/,42.647718,-87.855231,True,1
240392,Herzing University-Madison,,herzing-university-madison,Madison,WI,53718,https://www.herzing.edu/,43.14415,-89.291561,True,12
240417,University of Wisconsin-Stout,,university-of-wisconsin-stout,Menomonie,WI,54751,https://www.uwstout.edu/,44.873187,-91.926653,True,1
240426,University of Wisconsin-Superior,,university-of-wisconsin-superior,Superior,WI,54880-4500,https://www.uwsuper.edu/,46.717629,-92.091007,True,1
240444,University of Wisconsin-Madison,,university-of-wisconsin-madison,Madison,WI,53706-1380,https://www.wisc.edu/,43.075409,-89.404098,True,1
240453,University of Wisconsin-Milwaukee,UWM,university-of-wisconsin-milwaukee,Milwaukee,WI,53211,https://uwm.edu/,43.076848,-87.880488,True,1
240462,University of Wisconsin-Platteville,,university-of-wisconsin-platteville,Platteville,WI,53818-3099,https://www.uwplatt.edu/,42.733451,-90.48622,True,1
240471,University of Wisconsin-River Falls,,university-of-wisconsin-river-falls,River Falls,WI,54022-5001,https://www.uwrf.edu/,44.8534,-92.622641,True,1
240480,University of Wisconsin-Stevens Point,UW-Stevens Point,university-of-wisconsin-stevens-point,Stevens Point,WI,54481-3897,https://www.uwsp.edu/,44.529582,-89.570934,True,1
240505,Casper College,,casper-college,Casper,WY,82601-4699,https://www.caspercollege.edu/,42.832788,-106.326712,True,1
240514,Central Wyoming College,CWC|Central Wyoming Community College|Central,central-wyoming-college,Riverton,WY,82501,https://www.cwc.edu/,43.030556,-108.426738,True,1
240596,Eastern Wyoming College,,eastern-wyoming-college,Torrington,WY,82240-1699,https://ewc.wy.edu/,42.079354,-104.190823,True,1
240620,Laramie County Community College,LCCC|L Triple C,laramie-county-community-college,Cheyenne,WY,82007-3299,https://www.lccc.wy.edu/,41.104288,-104.778789,True,1
240657,Northwest College,Northwest Community College,northwest-college,Powell,WY,82435-1898,https://www.nwc.edu/,44.760656,-108.761853,True,1
240666,Northern Wyoming Community College District,Northern Wyoming Community College District|Sheridan College|Gillette College,northern-wyoming-community-college-district,Sheridan,WY,82801,https://www.sheridan.edu/,44.763926,-106.941105,True,1
240693,Western Wyoming Community College,WWCC|Western|Western Wyoming College,western-wyoming-community-college,Rock Springs,WY,82901,https://www.westernwyoming.edu/,41.590964,-109.237126,True,1
240709,Cheeks Beauty Academy,Cheeks International,cheeks-beauty-academy,Cheyenne,WY,82001-4413,https://www.cheeksusa.com/,41.134123,-104.816751,True,2
240718,WyoTech,,wyotech,Laramie,WY,82070-9519,https://www.wyotech.edu/,41.30354,-105.621161,True,1
240727,University of Wyoming,UW,university-of-wyoming,Laramie,WY,82071,https://www.uwyo.edu/,41.311773,-105.57931,True,1
240736,American Samoa Community College,ASCC,american-samoa-community-college,Pago Pago,AS,96799-2609,https://www.amsamoa.edu/,-14.322636,-170.742774,True,1
240745,Guam Community College,GCC,guam-community-college,Mangilao,GU,96913,https://www.guamcc.edu/,13.440649,144.808944,True,1
240754,University of Guam,UOG,university-of-guam,Mangilao,GU,96923,https://www.uog.edu/,13.433047,144.803978,True,1
240790,Northern Marianas College,,northern-marianas-college,Saipan,MP,96950-1250,https://www.marianas.edu/,15.152247,145.721733,True,1
240879,Institute of Beauty Careers,,institute-of-beauty-careers,Arecibo,PR,00613,https://www.ibcbelleza.com/,18.470281,-66.721861,True,1
241146,American Educational College,,american-educational-college,Bayamon,PR,00961,https://www.amedcopr.com/,18.397931,-66.15099,True,1
241182,Antilles School of Technical Careers,,antilles-school-of-technical-careers,San Juan,PR,00909,https://antillespr.edu/,18.438416,-66.059206,True,1
241191,Universidad Adventista de las Antillas,Antillean Adventist University,universidad-adventista-de-las-antillas,Mayaguez,PR,00680-0000,https://www.uaa.edu/,18.205685,-67.111207,True,1
241216,Atlantic University,,atlantic-university,Guaynabo,PR,00970,https://www.atlanticu.edu/,18.357395,-66.111714,True,1
241225,Universidad Central de Bayamon,UCB,universidad-central-de-bayamon,Bayamón,PR,00960-1725,https://ucb.edu.pr/,18.398864,-66.180773,True,1
241331,Albizu University-San Juan,Albizu University-San Juan,albizu-university-san-juan,San Juan,PR,00902-3711,https://www.albizu.edu/,18.466573,-66.113908,True,2
241377,Caribbean University-Bayamon,,caribbean-university-bayamon,Bayamon,PR,00960-0493,https://www.caribbean.edu/,18.383136,-66.168315,True,4
241386,Caribbean University-Carolina,,caribbean-university-carolina,Carolina,PR,00985,https://www.caribbean.edu/,18.380193,-65.960036,False,4
241395,Pontifical Catholic University of Puerto Rico-Arecibo,,pontifical-catholic-university-of-puerto-rico-arecibo,Arecibo,PR,00614-4045,https://www.pucpr.edu/arecibo,18.446006,-66.679114,False,3
241410,Pontifical Catholic University of Puerto Rico-Ponce,PUCPR,pontifical-catholic-university-of-puerto-rico-ponce,Ponce,PR,00717-9997,https://www.pucpr.edu/,18.00165,-66.617138,True,3
241517,CEM College-San Juan,,cem-college-san-juan,San Juan,PR,00926-1931,https://www.cemcollege.edu/cem/,18.393955,-66.035797,True,2
241614,Universidad Teologica del Caribe,UTC,universidad-teologica-del-caribe,Trujillo Alto,PR,00978-0901,https://utcpr.edu/,18.373928,-66.010617,True,1
241720,Colegio Universitario de San Juan,CUNI,colegio-universitario-de-san-juan,San Juan,PR,00918,https://www.cunisanjuan.edu/,18.428528,-66.066529,True,1
241739,Universidad Ana G. Mendez-Cupey Campus,UAGM Cupey,universidad-ana-g-mendez-cupey-campus,San Juan,PR,00928,https://uagm.edu/,18.387183,-66.061647,True,1
241766,Puerto Rico Conservatory of Music,,puerto-rico-conservatory-of-music,San Juan,PR,00907-3373,https://cmpr.edu/,18.454016,-66.078811,True,1
241793,Center for Advanced Studies On Puerto Rico and the Caribbean,Centro de Estudios Avanzados De Puerto Rico y el Caribe,center-for-advanced-studies-on-puerto-rico-and-the-caribbean,San Juan,PR,00901,https://ceaprc.edu/,18.466567,-66.11841,True,1
241836,EDP University of Puerto Rico Inc-San Sebastian,EDP,edp-university-of-puerto-rico-inc-san-sebastian,San Sebastian,PR,00685,https://www.edpuniversity.edu/,18.338036,-66.992287,False,6
241951,Escuela de Artes Plasticas y Diseno de Puerto Rico,EAPD,escuela-de-artes-plasticas-y-diseno-de-puerto-rico,San Juan,PR,00902-1112,https://www.eap.edu/,18.46778,-66.121348,True,1
242042,Instituto Tecnologico de Puerto Rico-Recinto de Manati,ITEC-MANATI,instituto-tecnologico-de-puerto-rico-recinto-de-manati,Manati,PR,00674-1091,https://itec.pr/ITPR-Joomla/,18.432962,-66.472476,False,5
242112,Huertas College,Huertas College,huertas-college,Caguas,PR,00725,https://www.huertas.edu/,18.236147,-66.025572,True,1
242121,Humacao Community College,,humacao-community-college,Humacao,PR,00791,https://www.hccpr.edu/,18.148274,-65.826857,True,1
242130,ICPR Junior College-Arecibo,,icpr-junior-college-arecibo,Arecibo,PR,00614-0067,https://www.icprjc.edu/,18.478059,-66.759324,False,4
242149,ICPR Junior College-Mayaguez,,icpr-junior-college-mayaguez,Mayaguez,PR,00681-1108,https://www.icprjc.edu/,18.202277,-67.144762,False,4
242556,Instituto Tecnologico de Puerto Rico-Recinto de Guayama,Tecnologico / ITPR,instituto-tecnologico-de-puerto-rico-recinto-de-guayama,Guayama,PR,00784-0000,https://www.venestudiaconnosotros.com/itpr,17.977897,-66.118728,False,5
242583,Instituto Tecnologico de Puerto Rico-Recinto de San Juan,,instituto-tecnologico-de-puerto-rico-recinto-de-san-juan,San Juan,PR,00924,https://instituto-tecnologico-de-puerto-rico-1.jimdosite.com/,18.411097,-66.016003,False,5
242617,Inter American University of Puerto Rico-San German,,inter-american-university-of-puerto-rico-san-german,San German,PR,00683,https://www.sg.inter.edu/,18.08353,-67.05082,True,1
242626,Inter American University of Puerto Rico-Aguadilla,,inter-american-university-of-puerto-rico-aguadilla,Aguadilla,PR,00603,https://aguadilla.inter.edu/,18.467886,-67.121671,True,1
242635,Inter American University of Puerto Rico-Arecibo,,inter-american-university-of-puerto-rico-arecibo,Arecibo,PR,00614,https://www.arecibo.inter.edu/,18.47509,-66.75901,True,1
242644,Inter American University of Puerto Rico-Barranquitas,,inter-american-university-of-puerto-rico-barranquitas,Barranquitas,PR,00794,https://www.br.inter.edu/,18.182777,-66.303153,True,1
242653,Inter American University of Puerto Rico-Metro,,inter-american-university-of-puerto-rico-metro,San Juan,PR,00919,https://metro.inter.edu/,18.368988,-66.077711,True,1
242662,Inter American University of Puerto Rico-Ponce,Inter Ponce,inter-american-university-of-puerto-rico-ponce,Mercedita,PR,00715-1602,https://ponce.inter.edu/,18.007388,-66.578498,True,1
242680,Inter American University of Puerto Rico-Fajardo,,inter-american-university-of-puerto-rico-fajardo,Fajardo,PR,00738-7003,https://fajardo.inter.edu/,18.329222,-65.648052,True,1
242699,Inter American University of Puerto Rico-Guayama,,inter-american-university-of-puerto-rico-guayama,Guayama,PR,00784,https://www.guayama.inter.edu/,17.96635,-66.108164,True,1
242705,Inter American University of Puerto Rico-Bayamon,,inter-american-university-of-puerto-rico-bayamon,Bayamon,PR,00957-6257,https://bayamon.inter.edu/,18.351631,-66.182473,True,1
242723,Inter American University of Puerto Rico-School of Law,,inter-american-university-of-puerto-rico-school-of-law,San Juan,PR,00936-8351,https://www.derecho.inter.edu/,18.428145,-66.072656,True,1
242820,Liceo de Arte y Tecnologia,,liceo-de-arte-y-tecnologia,San Juan,PR,00917,https://www.liceo.edu/,18.421013,-66.056421,True,1
242945,Modern Hairstyling Institute-Bayamon,,modern-hairstyling-institute-bayamon,Bayamon,PR,00961,https://www.modern.edu/,18.400061,-66.155872,True,1
242954,Modern Hairstyling Institute-Arecibo,ISRAEL A BERRIOS,modern-hairstyling-institute-arecibo,Arecibo,PR,00612,https://www.modern.edu/,18.47582,-66.754059,True,1
242972,NUC University,National University College - Bayamon,nuc-university,Bayamon,PR,00960,https://www.nuc.edu/,18.396872,-66.157027,True,31
243081,Ponce Health Sciences University,,ponce-health-sciences-university,Ponce,PR,00716-2347,https://www.phsu.edu/,17.993201,-66.620307,True,3
243106,University of Puerto Rico-Aguadilla,"UPRAg, University of Puerto Rico at Aguadilla, UPR-Aguadilla",university-of-puerto-rico-aguadilla,Aguadilla,PR,00604-1309,https://www.uprag.edu/,18.498652,-67.13793,True,1
243115,University of Puerto Rico-Arecibo,UPRA,university-of-puerto-rico-arecibo,Arecibo,PR,00614-4010,https://www.upra.edu/,18.469199,-66.74114,True,1
243133,University of Puerto Rico,UPRB,university-of-puerto-rico,Bayamon,PR,00959,https://www.uprb.edu/,18.371398,-66.143541,True,1
243142,University of Puerto Rico-Carolina,UPRCA,university-of-puerto-rico-carolina,Carolina,PR,00984-4800,https://www.uprc.edu/,18.392069,-65.990165,True,1
243151,University of Puerto Rico at Cayey,UPR-Cayey,university-of-puerto-rico-at-cayey,Cayey,PR,00737-2230,https://www.cayey.upr.edu/,18.11882,-66.162066,True,1
243179,University of Puerto Rico-Humacao,,university-of-puerto-rico-humacao,Humacao,PR,00792,https://www.upr.edu/humacao/,18.146589,-65.838602,True,1
243188,University of Puerto Rico-Utuado,,university-of-puerto-rico-utuado,Utuado,PR,00641,https://www.uprutuado.edu/,18.254577,-66.721667,True,1
243197,University of Puerto Rico-Mayaguez,UPRM|RUM|Colegio|Colegio de Mayaguez|UPR-Mayaguez|CAAM|Recinto de Mayaguez|,university-of-puerto-rico-mayaguez,Mayaguez,PR,00681,https://www.uprm.edu/,18.211142,-67.139172,True,1
243203,University of Puerto Rico-Medical Sciences,,university-of-puerto-rico-medical-sciences,San Juan,PR,00936-5067,https://www.rcm.upr.edu/,18.396548,-66.074894,True,1
243212,University of Puerto Rico at Ponce,UPR-Ponce,university-of-puerto-rico-at-ponce,Ponce,PR,00716-9996,https://www.uprp.edu/,17.993314,-66.606215,True,1
243221,University of Puerto Rico-Rio Piedras,UPRRP,university-of-puerto-rico-rio-piedras,San Juan,PR,00931-0000,https://www.uprrp.edu/,18.402826,-66.050009,True,1
243346,Universidad Ana G. Mendez-Carolina Campus,UAGM Carolina,universidad-ana-g-mendez-carolina-campus,Carolina,PR,00985-0985,https://uagm.edu/,18.414805,-65.983869,True,1
243443,Universidad del Sagrado Corazon,Sagrado,universidad-del-sagrado-corazon,Santurce,PR,00907,https://www.sagrado.edu/,18.441166,-66.059617,True,1
243498,Seminario Evangelico de Puerto Rico,,seminario-evangelico-de-puerto-rico,San Juan,PR,00925,https://www.se-pr.edu/,18.406454,-66.052655,True,1
243568,Universidad Central Del Caribe,UCC,universidad-central-del-caribe,Bayamon,PR,00960-6032,https://www.uccaribe.edu/,18.366171,-66.153758,True,1
243577,Universidad Politecnica de Puerto Rico,,universidad-politecnica-de-puerto-rico,Hato Rey,PR,00919,https://www.pupr.edu/,18.422195,-66.056084,True,3
243586,Pontifical Catholic University of Puerto Rico-Mayaguez,PUCPR-Mayaguez,pontifical-catholic-university-of-puerto-rico-mayaguez,Mayaguez,PR,00680-1713,https://recintomayaguez.pucpr.edu/,18.182375,-67.145695,False,3
243601,Universidad Ana G. Mendez-Gurabo Campus,UAGM Gurabo,universidad-ana-g-mendez-gurabo-campus,Gurabo,PR,00778-3030,https://uagm.edu/,18.239647,-66.006259,True,1
243638,College of Micronesia-FSM,COM-FSM|COMFSM|COM-FSM National|Sharks|COM-FSM Palikir,college-of-micronesia-fsm,Pohnpei,FM,96941,https://www.comfsm.fm/,6.909759,158.158189,True,1
243647,Palau Community College,PCC,palau-community-college,Koror,PW,96940,https://palau.edu/,7.343177,134.473744,True,1
243665,University of the Virgin Islands,UVI,university-of-the-virgin-islands,Charlotte Amalie,VI,00802-9990,https://www.uvi.edu/,18.344193,-64.972866,True,2
243744,Stanford University,,stanford-university,Stanford,CA,94305,https://www.stanford.edu/,37.429434,-122.167359,True,1
243780,Purdue University-Main Campus,Purdue-West Lafayette|Purdue|PU|Purdue-WL,purdue-university-main-campus,West Lafayette,IN,47907-2040,https://www.purdue.edu/,40.428206,-86.914435,True,12
243823,Parker University,,parker-university,Dallas,TX,75229-5668,https://www.parker.edu/,32.880335,-96.893564,True,1
243832,EDP University of Puerto Rico Inc-San Juan,EDP University of PR Inc.,edp-university-of-puerto-rico-inc-san-juan,San Juan,PR,00918,https://edpuniversity.edu/,18.415375,-66.055403,True,6
243841,ICPR Junior College,,icpr-junior-college,Hato Rey,PR,00919-0304,https://www.icprjc.edu/,18.415291,-66.05712,True,4
244279,Meridian College,,meridian-college,Sarasota,FL,34240,https://www.meridian.edu/,27.380724,-82.425309,True,2
244437,Georgia State University-Perimeter College,,georgia-state-university-perimeter-college,Atlanta,GA,30303-3083,https://perimeter.gsu.edu/,33.7527,-84.38667,False,2
244446,Georgia Piedmont Technical College,,georgia-piedmont-technical-college,Clarkston,GA,30021-2397,https://www.gptc.edu/,33.789898,-84.234504,True,1
244613,ETI School of Skilled Trades,"ETI , Environmental Technical Institute",eti-school-of-skilled-trades,Willowbrook,IL,60527,https://www.eticampus.edu/,41.748334,-87.936249,True,1
245281,Traxlers School of Hair,,traxlers-school-of-hair,Jackson,MS,39212,https://traxlerschoolofhair.com/,32.268023,-90.261863,True,1
245625,Warren County Community College,,warren-county-community-college,Washington,NJ,07882-4343,https://www.warren.edu/,40.744812,-75.018309,True,1
245652,St. John's College,,st-john-s-college-3,Santa Fe,NM,87505-4599,https://www.sjc.edu/,35.666974,-105.912478,True,1
245777,Bais Medrash Elyon,,bais-medrash-elyon,Monsey,NY,10952,https://baismedroshelyon.com/,41.114079,-74.069798,True,1
245838,Antioch University-Los Angeles,AULA|Antioch|Antiok|Antioc|Antoich,antioch-university-los-angeles,Culver City,CA,90230-7615,https://www.antiochla.edu/,33.988533,-118.384458,False,5
245847,Antioch University-Santa Barbara,AUSB,antioch-university-santa-barbara,Santa Barbara,CA,93101,https://www.antiochsb.edu/,34.419203,-119.6958,False,5
245865,Antioch University-New England,Antioch New England Graduate School,antioch-university-new-england,Keene,NH,03431,https://www.antiochne.edu/,42.932344,-72.293798,False,5
245883,Antioch University-Seattle,,antioch-university-seattle,Seattle,WA,98121-1814,https://www.antiochseattle.edu/,47.615916,-122.346318,False,5
245892,Antioch University,Antioch University McGregor,antioch-university,Yellow Springs,OH,45387,https://www.antioch.edu/,39.80321,-83.908684,True,5
245953,Mid-America Christian University,Gulf Coast Bible College|Mid-America Bible College|MACU,mid-america-christian-university,Oklahoma City,OK,73170,https://www.macu.edu/,35.347785,-97.578297,True,1
245962,Miller-Motte College-Tulsa,,miller-motte-college-tulsa,Tulsa,OK,74145,https://www.miller-motte.edu/,36.109468,-95.903824,False,18
245980,Ponca City Beauty College,,ponca-city-beauty-college,Ponca City,OK,74601,https://www.poncacity-beautycollege.com/,36.73957,-97.06801,True,1
245999,Francis Tuttle Technology Center,,francis-tuttle-technology-center,Oklahoma City,OK,73142-2789,https://www.francistuttle.edu/,35.60052,-97.640672,True,1
246017,Central Technology Center,Central Tech,central-technology-center,Drumright,OK,74030,https://www.centraltech.edu/,35.994261,-96.585322,True,1
246035,Carrington College-Portland,Carrington College-Portland formerly Apollo College-Portland,carrington-college-portland,Portland,OR,97216,https://carrington.edu/,45.532356,-122.653583,True,2
246071,Career Technology Center of Lackawanna County,,career-technology-center-of-lackawanna-county,Scranton,PA,18508,https://ctclcpn.ctclc.edu/,41.452849,-75.652477,True,1
246354,Palo Alto College,,palo-alto-college,San Antonio,TX,78224-2499,https://alamo.edu/pac/,29.322955,-98.543468,True,1
246415,UCAS University of Cosmetology Arts & Sciences-San Antonio 410,,ucas-university-of-cosmetology-arts-sciences-san-antonio-410,San Antonio,TX,78201,https://www.ucastx.com/,29.493246,-98.551137,True,1
246460,Central Texas Beauty College-Round Rock,,central-texas-beauty-college-round-rock,Round Rock,TX,78664-4604,https://www.centraltexasbeautycollege.com/,30.520723,-97.685077,True,2
246789,HJ International Graduate School for Peace and Public Leadership,HJI,hj-international-graduate-school-for-peace-and-public-leadership,New York,NY,10001-1000,https://www.uts.edu/,40.754309,-73.981154,True,1
246813,Athens Technical College,,athens-technical-college,Athens,GA,30601,https://www.athenstech.edu/,33.990183,-83.339598,True,1
246895,GateWay Community College-Central City,,gateway-community-college-central-city,Phoenix,AZ,85034-4101,https://www.gatewaycc.edu/community/non-credit-training,33.435686,-112.054912,False,2
246974,Carrington College-San Leandro Campus,Western Career College-San Leandro,carrington-college-san-leandro-campus,San Leandro,CA,94578-3711,https://carrington.edu/,37.699627,-122.12567,False,16
247010,Headmasters School of Hair Design,,headmasters-school-of-hair-design,Lewiston,ID,83501,https://headmasters.edu/,46.421026,-117.025943,True,1
247047,The Salon Professional Academy-Nampa,The Salon Professional Academy,the-salon-professional-academy-nampa,Nampa,ID,83686-5104,https://www.tspanampa.com/,43.567768,-116.563413,True,1
247065,Beckfield College-Florence,,beckfield-college-florence,Florence,KY,41042,https://www.beckfield.edu/,39.017166,-84.641475,True,1
247153,Dorsey College-Wayne,Dorsey College- Wayne,dorsey-college-wayne,Wayne,MI,48184,https://www.dorsey.edu/,42.28171,-83.382299,False,7
247162,Ecumenical Theological Seminary,ETS,ecumenical-theological-seminary,Detroit,MI,48201-3035,https://www.etseminary.edu/,42.344129,-83.055266,True,1
247409,Ross Medical Education Center-Saginaw,,ross-medical-education-center-saginaw,Saginaw,MI,48603-5227,https://rosseducation.edu/,43.469473,-83.967884,False,9
247603,Sussex County Community College,,sussex-county-community-college,Newton,NJ,07860,https://www.sussex.edu/,41.067633,-74.758079,True,1
247649,Landmark College,,landmark-college,Putney,VT,05346,https://www.landmark.edu/,42.977172,-72.512549,True,1
247773,Yeshiva Gedolah of Greater Detroit,,yeshiva-gedolah-of-greater-detroit,Oak Park,MI,48237,https://www.yeshivagedolahgreaterdetroit.com/,42.471924,-83.200754,True,1
247834,Collin County Community College District,Collin County Community College District|Collin County Community College|Colin County Community College District|Colin County Community College|Collin College|Colin College|Collin|Colin|CCCCD|CCCC|Quad C|,collin-county-community-college-district,McKinney,TX,75069,https://www.collin.edu/,33.16241,-96.63894,True,1
247940,Owensboro Community and Technical College,,owensboro-community-and-technical-college,Owensboro,KY,42303,https://owensboro.kctcs.edu/,37.717355,-87.082861,True,1
248527,Cloyd's Beauty School 3 Inc,,cloyd-s-beauty-school-3-inc,Monroe,LA,71201,https://cloydsbeautyschools.edu/,32.533231,-92.080603,True,1
248606,Moore Norman Technology Center,MNTC,moore-norman-technology-center,Norman,OK,73069-8308,https://www.mntc.edu/,35.274434,-97.457319,True,1
248624,Fayette County Career & Technical Institute Practical Nursing Program,"FCCTI, Fayette County CTI",fayette-county-career-technical-institute-practical-nursing-program,Uniontown,PA,15401,https://www.fayettecti.org/,39.860976,-79.741718,True,1
248633,Franklin County Career and Technology Center,,franklin-county-career-and-technology-center,Chambersburg,PA,17202,https://www.franklincountylpn.org/,39.897693,-77.680541,True,1
248703,Ogle School Hair Skin Nails-Hurst,Ogle School,ogle-school-hair-skin-nails-hurst,Hurst,TX,76053-4650,https://www.ogleschool.edu/,32.822035,-97.201403,True,3
248925,Tennessee College of Applied Technology Nashville,TCAT Nashville,tennessee-college-of-applied-technology-nashville,Nashville,TN,37209-4515,https://www.tcatnashville.edu/,36.132649,-86.856335,True,1
248934,ECPI University,ECPI,ecpi-university,Virginia Beach,VA,23462,https://www.ecpi.edu/,36.842526,-76.178773,True,17
249061,Ms Roberts Academy of Beauty Culture,Ms Roberts Beauty Academy,ms-roberts-academy-of-beauty-culture,Hillside,IL,60162-1121,https://www.msroberts-academy.com/,41.881179,-87.884693,True,1
249238,Paul Mitchell the School-Houston,,paul-mitchell-the-school-houston,Houston,TX,77043,https://paulmitchell.edu/houston,29.785868,-95.559723,True,2
249609,Fortis Institute-Forty Fort,,fortis-institute-forty-fort,Forty Fort,PA,18704-2936,https://www.fortis.edu/,41.281911,-75.882975,False,2
250027,Laurel Technical Institute,LTIU,laurel-technical-institute-2,Uniontown,PA,15401,https://laurel.edu/,39.90248,-79.724907,True,1
250285,Aviation Institute of Maintenance-Philadelphia,,aviation-institute-of-maintenance-philadelphia,Philadelphia,PA,19114-1018,https://aviationmaintenance.edu/campuses/philadelphia-pa,40.070184,-75.007237,True,1
250744,Dorsey College-Roseville,Dorsey College- Roseville,dorsey-college-roseville,Roseville,MI,48066,https://www.dorsey.edu/,42.527764,-82.915541,False,7
250902,Moler-Pickens Beauty Academy,,moler-pickens-beauty-academy,Fairfield,OH,45014,https://molerhollywood.com/,39.317488,-84.499701,True,1
250993,Red River Technology Center,RRTC,red-river-technology-center,Duncan,OK,73533,https://www.rrtc.edu/,34.491393,-97.99029,True,1
251260,Southern Union State Community College,,southern-union-state-community-college,Wadley,AL,36276,https://www.suscc.edu/,33.128785,-85.572382,True,1
251312,South University-Columbia,,south-university-columbia,Columbia,SC,29203,"https://www.southuniversity.edu/columbia#location=Columbia, SC",34.098042,-80.961839,False,9
260363,Greene County Career and Technology Center,Greene County Vocational-Technical School,greene-county-career-and-technology-center,Waynesburg,PA,15370-8281,https://www.greenectc.org/,39.893537,-80.151066,True,1
260372,Lac Courte Oreilles Ojibwe University,,lac-courte-oreilles-ojibwe-university,Hayward,WI,54843,https://www.lco.edu/,45.942252,-91.365002,True,1
260664,Diesel Driving Academy-Shreveport,,diesel-driving-academy-shreveport,Shreveport,LA,71109-5209,https://www.dda.edu/,32.47617,-93.794921,True,1
260691,Pima Medical Institute-Mesa,,pima-medical-institute-mesa,Mesa,AZ,85202,https://pmi.edu/,33.396878,-111.87417,False,13
260789,Platt College-Los Angeles,,platt-college-los-angeles,Alhambra,CA,91803,https://www.plattcollege.edu/,34.081723,-118.150013,True,4
260929,Paul Mitchell the School-Boise,,paul-mitchell-the-school-boise,Boise,ID,83709,https://paulmitchell.edu/boise,43.594479,-116.286058,True,3
260965,Educators of Beauty College of Cosmetology-Rockford,"STERLING SCHOOL OF BEAUTY CULTURE, INC.",educators-of-beauty-college-of-cosmetology-rockford,Rockford,IL,61108,https://www.educatorsofbeauty.com/,42.268515,-88.98081,False,2
261436,Douglas J Aveda Institute,,douglas-j-aveda-institute,East Lansing,MI,48823,https://douglasj.edu/,42.734606,-84.480467,True,1
261676,Ross Medical Education Center-Brighton,,ross-medical-education-center-brighton,Brighton,MI,48116-7402,https://rosseducation.edu/,42.548468,-83.796918,True,11
261685,Ross Medical Education Center-Ann Arbor,,ross-medical-education-center-ann-arbor,Ann Arbor,MI,48108-1301,https://rosseducation.edu/,42.25294,-83.666667,False,11
261719,Dorsey School of Beauty,Dorsey School of Beauty- Taylor,dorsey-school-of-beauty,Taylor,MI,48180-1866,https://www.dorsey.edu/dsbt/taylor-campus/,42.254745,-83.259322,True,1
261773,Pike-Lincoln Technical Center,,pike-lincoln-technical-center,Eolia,MO,63344-0038,https://pltc.edu/,39.245484,-91.019918,True,1
262031,St Charles Community College,SCC,st-charles-community-college,Cottleville,MO,63376-0975,https://www.stchas.edu/,38.759703,-90.641105,True,1
262086,University of Massachusetts Global,,university-of-massachusetts-global,Aliso Viejo,CA,92656,https://www.umassglobal.edu/,33.582886,-117.727737,True,1
262129,New College of Florida,,new-college-of-florida,Sarasota,FL,34243-2109,https://www.ncf.edu/,27.384925,-82.55858,True,1
262165,Montana Bible College,,montana-bible-college,Billings,MT,59106,https://montanabiblecollege.edu/,45.741788,-108.615675,True,1
262341,Conservatory of Recording Arts and Sciences,CRAS,conservatory-of-recording-arts-and-sciences,Tempe,AZ,85282-1707,https://www.cras.edu/,33.407853,-111.889544,True,1
262466,Dr. Ida Rolf Institute,The Rolf Institute of Structural Integration,dr-ida-rolf-institute,Boulder,CO,80301-0000,https://rolf.org/,40.066263,-105.203076,True,1
362700,Aveda Institute-Fort Myers,Sunstate Academy FM,aveda-institute-fort-myers,Fort Myers,FL,33907,https://www.beaveda.com/,26.596006,-81.870312,True,1
363013,Ross Medical Education Center-Port Huron,,ross-medical-education-center-port-huron,Port Huron,MI,48060-1530,https://rosseducation.edu/,43.024632,-82.452984,False,9
363147,Raphael's School of Beauty Culture Inc-Alliance,,raphael-s-school-of-beauty-culture-inc-alliance,Alliance,OH,44601,https://raphaelsbeautyschool.edu/,40.902642,-81.152086,True,1
363165,Metro Technology Centers,,metro-technology-centers,Oklahoma City,OK,73111-5240,https://www.metrotech.edu/,35.512549,-97.478182,True,1
363633,Luna Community College,,luna-community-college,Las Vegas,NM,87701,https://www.luna.edu/,35.616303,-105.250865,True,1
363679,Grabber School of Hair Design,,grabber-school-of-hair-design,St. Louis,MO,63126,https://grabberschool.edu/,38.557164,-90.390799,True,1
363712,Yeshivah Gedolah Rabbinical College,,yeshivah-gedolah-rabbinical-college,Miami Beach,FL,33139,https://www.lecfl.com/,25.782445,-80.141334,True,1
363882,Raphael's School of Beauty Culture Inc-Brunswick,,raphael-s-school-of-beauty-culture-inc-brunswick,Brunswick,OH,44212,https://www.raphaelsbeautyschool.edu/,41.240245,-81.806142,False,2
363907,Caribbean University-Ponce,,caribbean-university-ponce,Ponce,PR,00716-7733,https://www.caribbean.edu/,18.006633,-66.59425,False,4
363916,Caribbean University-Vega Baja,,caribbean-university-vega-baja,Vega Baja,PR,00964,https://www.caribbean.edu/,18.444882,-66.40315,False,4
363934,University of Advancing Technology,,university-of-advancing-technology,Tempe,AZ,85283,https://www.uat.edu/,33.377712,-111.976087,True,1
364016,Paradise Valley Community College,,paradise-valley-community-college,Phoenix,AZ,85032,https://www.paradisevalley.edu/,33.652135,-112.009865,True,1
364025,Chandler-Gilbert Community College,,chandler-gilbert-community-college,Chandler,AZ,85225-2499,https://www.cgc.maricopa.edu/,33.293897,-111.795922,True,1
364548,Great Plains Technology Center,,great-plains-technology-center,Lawton,OK,73505-8399,https://www.greatplains.edu/,34.592907,-98.450321,True,1
364575,Roane-Jackson Technical Center,,roane-jackson-technical-center,Leroy,WV,25252-9700,https://www.rjtcwv.com/,38.82254,-81.561142,True,1
364627,Pioneer Technology Center,,pioneer-technology-center,Ponca City,OK,74601,https://www.pioneertech.edu/,36.72772,-97.093516,True,1
364636,Portage Lakes Career Center,,portage-lakes-career-center,Uniontown,OH,44685,https://www.plcc.edu/,40.943122,-81.472008,True,1
364946,Caddo Kiowa Technology Center,,caddo-kiowa-technology-center,Fort Cobb,OK,73038-0190,https://cktc.edu/,35.108561,-98.443443,True,1
364964,Center for Instruction Technology & Innovation,"Center for Instruction, Technology & Innovation",center-for-instruction-technology-innovation,Mexico,NY,13114,https://www.citiboces.org/page/845,43.457841,-76.259308,True,1
365091,International School of Skin Nailcare & Massage Therapy,ISSNMT,international-school-of-skin-nailcare-massage-therapy,Sandy Springs,GA,30350,https://issnmtschool.com/,33.971309,-84.359649,True,1
365125,Palomar Institute of Cosmetology,,palomar-institute-of-cosmetology,San Marcos,CA,92078,https://pic.edu/,33.13663,-117.188351,True,1
365198,Southern Oklahoma Technology Center,Southern Tech,southern-oklahoma-technology-center,Ardmore,OK,73401,https://www.sotech.edu/,34.186239,-97.082971,True,1
365213,Autry Technology Center,,autry-technology-center,Enid,OK,73703-2506,https://autrytech.edu/,36.419122,-97.89719,True,1
365240,Greene County Career Center,Greene County Vocational School District|Greene JVS|Greene County Joint Vocational School|Greene Career Center|Green County Career Center|Green JVS,greene-county-career-center,Xenia,OH,45385-9545,https://www.greeneccc.com/,39.662386,-83.915659,True,1
365374,Canadian Valley Technology Center,CV Tech,canadian-valley-technology-center,El Reno,OK,73036-9117,https://www.cvtech.edu/,35.509208,-97.881967,True,1
365383,Wilkes-Barre Area Career and Technical Center Practical Nursing,,wilkes-barre-area-career-and-technical-center-practical-nursing,Wilkes Barre,PA,18705-0699,https://www.wbpracnsg.com/,41.262154,-75.810121,True,1
365480,Meridian Technology Center,,meridian-technology-center,Stillwater,OK,74074-1899,https://www.meridiantech.edu/,36.106981,-97.108414,True,1
365505,Waynesville Career Center,Waynesville Technical Academy,waynesville-career-center,Waynesville,MO,65583,https://www.waynesville.k12.mo.us/o/wcc,37.811315,-92.21393,True,1
365693,Capitol Beauty School,,capitol-beauty-school,Omaha,NE,68137-2325,https://www.hairschoolomaha.com/,41.209501,-96.082248,True,1
365763,Morris County Vocational School District,Morris County School of Technology,morris-county-vocational-school-district,Denville,NJ,07834,https://www.mcvts.org/,40.877531,-74.479263,True,1
365824,Ross Medical Education Center-Roosevelt Park,,ross-medical-education-center-roosevelt-park,Roosevelt Park,MI,49441-4188,https://rosseducation.edu/,43.191474,-86.267098,False,9
365833,Ross Medical Education Center-Kentwood,,ross-medical-education-center-kentwood,Kentwood,MI,49508-5271,https://rosseducation.edu/,42.880955,-85.605379,False,7
366003,South Florida Bible College and Theological Seminary,SFBC&TS,south-florida-bible-college-and-theological-seminary,Deerfield Beach,FL,33442,https://www.sfbc.edu/,26.30294,-80.134508,True,1
366155,Cloyd's Barber School 2 Inc,,cloyd-s-barber-school-2-inc,Monroe,LA,71201,https://cloydsbarberschool.edu/,32.485377,-92.090159,True,1
366191,Universal Technical Institute of Illinois Inc,Universal Technical Institute - Lisle,universal-technical-institute-of-illinois-inc,Lisle,IL,60532-0000,https://www.uti.edu/,41.80697,-88.104,False,6
366252,Pennsylvania College of Technology,Penn College,pennsylvania-college-of-technology,Williamsport,PA,17701-5799,https://www.pct.edu/,41.234145,-77.023665,True,1
366261,Commonwealth Institute of Funeral Service,,commonwealth-institute-of-funeral-service,Houston,TX,77090-5918,https://www.commonwealth.edu/,29.989545,-95.430153,True,1
366270,Delta College of Arts & Technology,,delta-college-of-arts-technology,Baton Rouge,LA,70806-1529,https://www.deltacollege.com/,30.463619,-91.113841,True,2
366340,Stone Child College,SCC,stone-child-college,Box Elder,MT,59521-9796,https://www.stonechild.edu/,48.289808,-109.870182,True,1
366368,New York Academy of Art,,new-york-academy-of-art,New York,NY,10013-2911,https://nyaa.edu/,40.718388,-74.006019,True,1
366395,Suffolk County Community College,,suffolk-county-community-college,Selden,NY,11784-2899,https://www.sunysuffolk.edu/,40.848963,-73.056165,True,1
366401,Las Positas College,,las-positas-college,Livermore,CA,94551-7650,https://www.laspositascollege.edu/,37.710873,-121.80058,True,1
366465,Ogeechee Technical College,,ogeechee-technical-college,Statesboro,GA,30458,https://www.ogeecheetech.edu/,32.395767,-81.818517,True,1
366535,Remington College-Mobile Campus,,remington-college-mobile-campus,Mobile,AL,36609,https://www.remingtoncollege.edu/locations/mobile-alabama/,30.67173,-88.143941,False,10
366553,Southern Technical College,,southern-technical-college,Fort Myers,FL,33907-1108,https://www.southerntech.edu/,26.596097,-81.877644,True,1
366571,Mercy-St Luke's School of Radiologic Technology,St. Luke's Methodist Hospital School of Radiologic Technology|Mercy/St. Lukes School of Radiology|Mercy/St. Luke's School of Radiology|St. Luke's Methodist Hospital School of Radiology,mercy-st-luke-s-school-of-radiologic-technology,Cedar Rapids,IA,52402,https://www.mercycare.org/employment/students/school-of-radiologic-technology/,41.985552,-91.660609,True,1
366623,Northwest Technology Center-Alva,,northwest-technology-center-alva,Alva,OK,73717,https://nwtech.edu/,36.786733,-98.675711,True,2
366711,California State University-San Marcos,,california-state-university-san-marcos,San Marcos,CA,92096-0001,https://www.csusm.edu/,33.130569,-117.159013,True,1
367088,Tricoci University of Beauty Culture LLC-Bloomington,Bloomington,tricoci-university-of-beauty-culture-llc-bloomington,Bloomington,IN,47404,https://www.tricociuniversity.edu/,39.181606,-86.536403,True,1
367103,Interactive College of Technology-Newport,,interactive-college-of-technology-newport,Newport,KY,41071,https://www.ict.edu/,39.084818,-84.479078,False,4
367158,Ross Medical Education Center-Taylor,,ross-medical-education-center-taylor,Taylor,MI,48180-6016,https://rosseducation.edu/,42.194933,-83.250307,False,7
367361,Interactive College of Technology,ILS |I.L.S.,interactive-college-of-technology,Houston,TX,77063,https://www.ict.edu/campuses/tx/southwest-houston/,29.734143,-95.539975,False,3
367431,Butler Beauty Academy-New Castle Beauty Academy,,butler-beauty-academy-new-castle-beauty-academy,New Castle,PA,16101,https://beautyacademies.net/,40.999207,-80.341891,False,3
367459,NorthWest Arkansas Community College,NWACC,northwest-arkansas-community-college,Bentonville,AR,72712-5091,https://www.nwacc.edu/,36.357704,-94.17289,True,1
367875,H W Brewster Technical College,Brewster Technical Center,h-w-brewster-technical-college,Tampa,FL,33602,https://www.hillsboroughschools.org/Brewster,27.96373,-82.461722,True,1
367954,University of St. Augustine for Health Sciences,University of St. Augustine,university-of-st-augustine-for-health-sciences,San Marcos,CA,92069,https://www.usa.edu/,33.151849,-117.165964,True,1
367972,Capital Area Career Center,CACC,capital-area-career-center,Springfield,IL,62712-3803,https://caccspringfield.org/,39.718311,-89.626262,True,1
367981,Hair Professionals Career College,,hair-professionals-career-college-2,Palos Hills,IL,60465,https://hairpros.edu/,41.702881,-87.816614,True,1
368230,Empire Beauty School-Bloomfield,,empire-beauty-school-bloomfield,Bloomfield,NJ,07003,https://www.empire.edu/,40.79497,-74.199706,False,7
368364,Southwest Technology Center,,southwest-technology-center,Altus,OK,73521,https://www.swtech.edu/,34.668194,-99.341161,True,1
368407,Western Area Career & Technology Center,Western Area CTC,western-area-career-technology-center,Canonsburg,PA,15317,https://www.wactc.net/,40.254722,-80.246117,True,1
368452,Nossi College of Art and Design,,nossi-college-of-art-and-design,Nashville,TN,37115,https://www.nossi.edu/,36.24323,-86.738561,True,1
368629,Pima Medical Institute-Seattle,,pima-medical-institute-seattle,Seattle,WA,98115,https://pmi.edu/,47.699144,-122.326844,False,13
368647,Mineral County Vocational Technical Center,,mineral-county-vocational-technical-center,Keyser,WV,26726,https://www.boe.mine.k12.wv.us/o/mctc,39.427976,-78.987462,True,1
368771,Hypnosis Motivation Institute,,hypnosis-motivation-institute,Tarzana,CA,91356-4159,https://hypnosis.edu/,34.170219,-118.538719,True,1
368832,Thanh Le College School of Cosmetology,,thanh-le-college-school-of-cosmetology,Garden Grove,CA,92840,https://www.thanhlecollege.org/,33.789713,-117.908306,True,1
368911,Southeastern Technical College,,southeastern-technical-college,Vidalia,GA,30474,https://www.southeasterntech.edu/,32.20393,-82.365827,True,1
369002,Massachusetts School of Law,,massachusetts-school-of-law,Andover,MA,01810,https://www.mslaw.edu/,42.682106,-71.19954,True,1
369400,Universal Technical Institute-Orlando,Universal Technical Institute - Automotive Division - Orlando  Universal Technical Institute - Motorcycle Mechanics Institute Division  Universal Technical Institute - Marine Mechanics Institute Division  MMI-Orlando  Universal Technical Institute   UTI-Orlando,universal-technical-institute-orlando,Orlando,FL,32837,https://www.uti.edu/,28.420257,-81.407041,False,3
369419,Erwin Technical College,D G Erwin Technical Center,erwin-technical-college,Tampa,FL,33610-8299,https://www.hillsboroughschools.org/erwin,27.997242,-82.435933,True,1
369446,Rosel School of Cosmetology,,rosel-school-of-cosmetology,Niles,IL,60714,https://www.roselschool.org/,42.050202,-87.838131,True,1
369455,Worsham College of Mortuary Science,"Worsham College, Inc.",worsham-college-of-mortuary-science,Wheeling,IL,60090-2646,https://www.worsham.edu/,42.147858,-87.927374,True,1
369516,Bryan University,,bryan-university-2,Springfield,MO,65804,https://www.bryanu.edu/,37.135397,-93.248107,True,1
369668,Central Pennsylvania Institute of Science and Technology,,central-pennsylvania-institute-of-science-and-technology,Pleasant Gap,PA,16823,https://www.cpi.edu/,40.882168,-77.740923,True,1
369686,Northwest Educational Center,,northwest-educational-center,Houston,TX,77040,https://nwec.edu/,29.813796,-95.473149,True,2
369783,PCI Health Training Center,,pci-health-training-center,Dallas,TX,75247-4720,https://www.pcihealth.edu/,32.82007,-96.876316,True,1
369950,Hamrick School,,hamrick-school,Medina,OH,44256,https://www.hamrickschool.edu/,41.135812,-81.728742,True,1
371052,Fortis College,Fortis College - Mobile,fortis-college,Mobile,AL,36608,https://www.fortis.edu/,30.68413,-88.205581,True,3
371690,Downey Adult School,,downey-adult-school,Downey,CA,90241,https://www.das.edu/,33.91965,-118.115727,True,1
371830,CRU Institute of Cosmetology and Barbering,,cru-institute-of-cosmetology-and-barbering,Garden Grove,CA,92845-4321,https://www.cruinstitute.com/,33.790145,-118.030758,True,1
371928,Modern Technology School,M.T. X-ray Inc.,modern-technology-school,Fountain Valley,CA,92708,https://mtschool.edu/about-us/,33.723142,-117.918837,True,1
371964,National Career Education,,national-career-education,Citrus Heights,CA,95610,https://nce.edu/,38.679835,-121.273917,False,3
372028,North-West College-Glendale,,north-west-college-glendale,Glendale,CA,91203,https://www.nw.edu/,34.148981,-118.255462,False,2
372073,Fremont University,,fremont-university,Cerritos,CA,90703,https://www.fremont.edu/,33.868382,-118.097019,True,1
372082,Pomona Unified School District Adult and Career Education,"Pomona Adult School, Pomona Adult Education, Pomona Adult and Career Education",pomona-unified-school-district-adult-and-career-education,Pomona,CA,91767,https://ace.pusd.org/,34.061736,-117.720478,True,1
372240,Universal College of Beauty Inc-Los Angeles 2,,universal-college-of-beauty-inc-los-angeles-2,Los Angeles,CA,90008,https://www.universalcollegeofbeauty.com/,34.004498,-118.332236,True,1
372329,IBMC College,"IBMC, Institute of Business and Medical Careers",ibmc-college,Fort Collins,CO,80525,https://www.ibmc.edu/,40.534067,-105.078989,True,1
372356,Avalon Institute-Aurora,Xenon International School of Hair Design,avalon-institute-aurora,Aurora,CO,80014,https://avalon.edu/aurora-co/,39.676308,-104.848602,True,1
372462,Academy of Cosmetology,,academy-of-cosmetology,Merritt Island,FL,32953,https://academyofcosmetology.edu/,28.394053,-80.70372,True,1
372921,Fortis College-Smyrna,,fortis-college-smyrna,Smyrna,GA,30080-1348,https://fortis.edu/,33.900255,-84.543009,False,5
373085,Ross College-Davenport,Ross College-Quad Cities,ross-college-davenport,Davenport,IA,52807-2095,https://rosseducation.edu/,41.555054,-90.550669,False,11
373216,Pivot Point Academy,,pivot-point-academy,Bloomingdale,IL,60108-0000,https://www.pivotpoint.edu/,41.955935,-88.076665,True,2
373456,Blalock's Professional Beauty College,,blalock-s-professional-beauty-college,Shreveport,LA,71105,https://blalocksbeauty.com/,32.436926,-93.716987,True,1
373526,Diesel Driving Academy-Baton Rouge,,diesel-driving-academy-baton-rouge,Baton Rouge,LA,70815,https://www.dda.edu/,30.465289,-91.103287,True,1
373678,New England Hair Academy,,new-england-hair-academy,Malden,MA,02148,https://www.newenglandhairacademy.com/,42.427969,-71.067282,True,1
373696,Rob Roy Academy-Worcester,,rob-roy-academy-worcester,Worcester,MA,01609,https://www.rob-roy.com/,42.263673,-71.807728,True,2
373711,Upper Cape Cod Regional Technical School,Upper Cape Tech,upper-cape-cod-regional-technical-school,Bourne,MA,02532,https://www.uctpracticalnursing.com/,41.745328,-70.578837,True,1
373784,All-State Career-Baltimore,,all-state-career-baltimore,Baltimore,MD,21224,https://www.allstatecareer.edu/,39.264664,-76.544942,True,4
374024,Adler Graduate School,,adler-graduate-school,Minnetonka,MN,55343,https://www.alfredadler.edu/,44.893479,-93.410236,True,1
374316,Mississippi Barber Academy,,mississippi-barber-academy,Jackson,MS,39211,https://mississippibarberacademy.com/,32.376376,-90.147044,True,2
374343,KC's School of Hair Design,,kc-s-school-of-hair-design,Pontotoc,MS,38863-0000,https://www.kcsschoolofhair.com/,34.256411,-89.015947,True,1
374574,Lincoln Technical Institute-Moorestown,,lincoln-technical-institute-moorestown,Moorestown,NJ,08057,https://www.lincolntech.edu/campus/moorestown-nj,39.94847,-74.955631,False,5
374592,MCVSD,mcvsd,mcvsd,Freehold,NJ,07728-5033,https://www.mcvsd.org/,40.265559,-74.249254,True,1
375230,Yeshiva Gedolah Imrei Yosef D'spinka,,yeshiva-gedolah-imrei-yosef-d-spinka,Brooklyn,NY,11219,https://spinka58st.com/,40.628468,-73.992328,True,1
375373,Knox County Career Center,Knox Technical Center,knox-county-career-center,Mount Vernon,OH,43050,https://www.knoxtechnicalcenter.com/,40.375889,-82.475117,True,1
375407,Madison Adult Career Center,,madison-adult-career-center,Mansfield,OH,44905,https://www.madisonadultcc.org/o/macc,40.774328,-82.460912,True,1
375416,Remington College-Cleveland Campus,,remington-college-cleveland-campus,Cleveland,OH,44125-1957,https://www.remingtoncollege.edu/locations/cleveland-ohio/,41.422951,-81.579347,False,10
375568,Brown & Clermont Adult Career Campuses,Grant Career Center,brown-clermont-adult-career-campuses,Bethel,OH,45106,https://www.bccareer.org/,38.969393,-84.094071,True,1
375656,Chisholm Trail Technology Center,CTTC,chisholm-trail-technology-center,Omega,OK,73764-6335,https://www.cttc.edu/,35.84221,-98.20184,True,1
375683,Gordon Cooper Technology Center,Gordon Cooper Area Vocational-Technical School District #5,gordon-cooper-technology-center,Shawnee,OK,74804,https://www.gctech.edu/,35.380321,-96.908013,True,1
375726,Kiamichi Technology Center-McAlester,Kiamichi Technology Centers,kiamichi-technology-center-mcalester,McAlester,OK,74501,https://www.ktc.edu/,34.924173,-95.745999,True,1
375939,YTI Career Institute-Altoona,,yti-career-institute-altoona,Altoona,PA,16601,https://www.yti.edu/,40.485879,-78.401194,True,1
375966,Eastern Center for Arts and Technology,,eastern-center-for-arts-and-technology,Willow Grove,PA,19090,https://www.eastech.org/,40.158437,-75.108649,True,1
375984,Empire Beauty School-Center City Philadelphia,,empire-beauty-school-center-city-philadelphia,Philadelphia,PA,19102-2701,https://www.empire.edu/,39.950921,-75.166566,False,7
376224,CEM College-Humacao,,cem-college-humacao,Humacao,PR,00791-4210,https://www.cemcollege.edu/cem/,18.148771,-65.821107,False,2
376242,Colegio Mayor de Tecnologia Inc,Colegio Mayor de Tecnologia,colegio-mayor-de-tecnologia-inc,Arroyo,PR,00714-0270,https://www.cmtarroyo.com/,17.971111,-66.060409,True,1
376288,Institucion Chaviano de Mayaguez,Mayaguez Institute of Technology,institucion-chaviano-de-mayaguez,Mayaguez,PR,00680,https://www.mitpr.edu/,18.200763,-67.137002,True,1
376330,Liceo de Arte-Dise-O y Comercio,,liceo-de-arte-dise-o-y-comercio,Caguas,PR,00725,https://www.liceocaguas.com/,18.233122,-66.034057,True,1
376385,Universal Technology College of Puerto Rico,Unitec of PR,universal-technology-college-of-puerto-rico,Aguadilla,PR,00603,https://www.unitecpr.edu/,18.42812,-67.155628,True,1
376446,Academy of Hair Technology,,academy-of-hair-technology,Greenville,SC,29615-2363,https://www.hairchamps.com/,34.874681,-82.327426,True,1
376631,Mr Wayne's School of Unisex Hair Design,,mr-wayne-s-school-of-unisex-hair-design,Cookeville,TN,38501,https://www.misterwaynes.com/,36.158772,-85.512381,True,1
376695,College of the Marshall Islands,CMI,college-of-the-marshall-islands,Majuro,MH,96960,https://www.cmi.edu/,7.102688,171.378129,True,2
377111,Remington College-Fort Worth Campus,,remington-college-fort-worth-campus,North Richland Hills,TX,76180,https://www.remingtoncollege.edu/locations/fort-worth-texas/,32.847676,-97.24061,False,10
377193,UCAS University of Cosmetology Arts & Sciences,,ucas-university-of-cosmetology-arts-sciences,San Antonio,TX,78214,https://www.ucastx.com/,29.354354,-98.484836,True,1
377218,School of Automotive Machinists & Technology,,school-of-automotive-machinists-technology,Houston,TX,77055-1803,https://samtech.edu/,29.805166,-95.476017,True,1
377272,Nuvani Institute,,nuvani-institute,San Antonio,TX,78212-1901,https://www.nuvani.edu/,29.457062,-98.498977,True,2
377281,Nuvani Institute,,nuvani-institute-2,Eagle Pass,TX,78852-4859,https://www.nuvani.edu/,28.707864,-100.506009,True,3
377315,Texas College of Cosmetology-Abilene,,texas-college-of-cosmetology-abilene,Abilene,TX,79605,https://www.texascollegecosmetology.com/,32.448891,-99.747159,True,3
377449,Centura College-Newport News,N/A,centura-college-newport-news,Newport News,VA,23608,https://www.centuracollege.edu/campuses/newport-news,37.140484,-76.517328,False,3
377458,Centura College-Norfolk,N/A,centura-college-norfolk,Norfolk,VA,23518-4833,https://www.centuracollege.edu/campuses/norfolk,36.908434,-76.232569,False,3
377485,Virginia Beach City Public Schools School of Practical Nursing,Virginia Beach School of Practical Nursing,virginia-beach-city-public-schools-school-of-practical-nursing,Virginia Beach,VA,23456-2499,https://techcenter.vbschools.com/school/programs-of-study/licensed-practical-nursing,36.743065,-76.074108,True,1
377546,Northwest College of Art & Design,NCAD,northwest-college-of-art-design,Tacoma,WA,98402,https://ncad.edu/,47.25249,-122.43885,True,1
377555,University of Washington-Bothell Campus,"UWB, UW-B, UW-Bothell",university-of-washington-bothell-campus,Bothell,WA,98011-8246,https://www.uwb.edu/,47.759773,-122.191293,False,3
377564,University of Washington-Tacoma Campus,"UWT, UW-T, UW-Tacoma",university-of-washington-tacoma-campus,Tacoma,WA,98402-3100,https://www.tacoma.uw.edu/,47.244594,-122.438541,False,3
377643,Huntington School of Beauty Culture,Doll Face Inc,huntington-school-of-beauty-culture,Huntington,WV,25705-2030,https://huntingtonschoolofbeauty.com/,38.410212,-82.325688,True,1
377652,Valley College-Beckley,,valley-college-beckley,Beckley,WV,25801,https://www.valley.edu/,37.789287,-81.187539,True,1
377661,Valley College-Martinsburg,Valley College of Technology|Valley Training Centers|VCT|VTC,valley-college-martinsburg,Martinsburg,WV,25404-6203,https://www.valley.edu/,39.486897,-77.959272,True,3
377722,Bellus Academy-Poway,Bellus Academy,bellus-academy-poway,Poway,CA,92064,https://www.bellusacademy.edu/,32.957184,-117.042531,True,2
377759,Capstone College,,capstone-college,Pasadena,CA,91103,https://www.capstonecollege.edu/,34.165741,-118.149478,True,1
378105,Central Coast College,,central-coast-college,Salinas,CA,93906,https://www.centralcoastcollege.edu/,36.706345,-121.652394,True,1
378576,Pacific College of Health and Science,,pacific-college-of-health-and-science,San Diego,CA,92108-4407,https://www.pacificcollege.edu/,32.778391,-117.16073,True,3
378886,Artistic Nails and Beauty Academy-Tampa,,artistic-nails-and-beauty-academy-tampa,Tampa,FL,33605,https://www.artistic.edu/,27.951358,-82.403486,True,2
378956,National Aviation Academy of Tampa Bay,,national-aviation-academy-of-tampa-bay,Clearwater,FL,33760,https://www.naa.edu/,27.89484,-82.721372,True,1
379621,Madison Oneida BOCES-Practical Nursing Program,,madison-oneida-boces-practical-nursing-program,Verona,NY,13478-0168,https://www.moboces.org/,43.141074,-75.560043,True,1
379746,College of Health Care Professions,,college-of-health-care-professions,Houston,TX,77054,https://www.chcp.edu/,29.678462,-95.420012,False,7
379782,Center for Advanced Legal Studies,,center-for-advanced-legal-studies,Houston,TX,77042-1912,https://www.paralegal.edu/,29.75302,-95.558831,True,1
380067,Houston Training School-Main Campus,,houston-training-school-main-campus,Houston,TX,77029,https://houstontrainingschools.net/,29.77291,-95.24417,True,2
380359,Bay Mills Community College,BMCC,bay-mills-community-college,Brimley,MI,49715,https://bmcc.edu/,46.45482,-84.606312,True,1
380368,Fond du Lac Tribal and Community College,,fond-du-lac-tribal-and-community-college,Cloquet,MN,55720-2342,https://www.fdltcc.edu/,46.690069,-92.451326,True,1
380377,Northwest Indian College,,northwest-indian-college,Bellingham,WA,98226-9217,https://www.nwic.edu/,48.794131,-122.614656,True,1
380438,Provo College,,provo-college,Provo,UT,84601,https://www.provocollege.edu/,40.245294,-111.68431,True,2
381255,CET-Coachella,,cet-coachella,Coachella,CA,92236,https://cetweb.edu/,33.692248,-116.185875,False,11
381282,CET-Oxnard,,cet-oxnard,Oxnard,CA,93030,https://cetweb.edu/,34.194208,-119.18145,False,11
381325,CET-Santa Maria,,cet-santa-maria,Santa Maria,CA,93458,https://www.cetweb.edu/,34.943576,-120.441978,False,11
381352,Colorado Chinese Medicine University,CCMU,colorado-chinese-medicine-university,Denver,CO,80206,https://www.ccmu.edu/,39.739437,-104.960118,True,1
381370,Michigan College of Beauty-Troy,,michigan-college-of-beauty-troy,Troy,MI,48083,https://michigancollegeofbeautytroy.com/,42.570337,-83.12734,True,1
381404,Ogle School Hair Skin Nails-Dallas,Ogle School,ogle-school-hair-skin-nails-dallas,Dallas,TX,75214-2389,https://www.ogleschool.edu/,32.836833,-96.754693,False,3
381459,Phoenix Seminary,,phoenix-seminary,Scottsdale,AZ,85260,https://www.ps.edu/,33.581645,-111.910665,True,1
381486,Faust Institute of Cosmetology-Spirit Lake,,faust-institute-of-cosmetology-spirit-lake,Spirit Lake,IA,51360,https://www.faustinstitute.com/,43.42141,-95.113596,True,1
381699,Cheeks Beauty Academy,Cheeks International,cheeks-beauty-academy-2,Loveland,CO,80538,https://cheeksusa.com/,40.445169,-105.078334,False,2
381732,Colorado School of Healing Arts,CSHA,colorado-school-of-healing-arts,Lakewood,CO,80226,https://www.csha.net/,39.697033,-105.082406,True,1
382258,Mt. Diablo Adult Education-Mt. Diablo USD,MDAE,mt-diablo-adult-education-mt-diablo-usd,Concord,CA,94518-1199,https://mdae.mdusd.org/,37.968852,-122.026805,True,1
382416,Greater Lowell Technical School,Greater Lowell Technical School of Practical Nursing,greater-lowell-technical-school,Tyngsboro,MA,01879,https://www.gltech.org/,42.653908,-71.38618,True,1
382461,Academy of Hair Design-Pearl,,academy-of-hair-design-pearl,Pearl,MS,39208,https://www.academyofhair.com/,32.281983,-90.115129,True,1
382780,Genesis Career College-Lebanon,,genesis-career-college-lebanon,Lebanon,TN,37087,https://www.genesiscareer.edu/,36.21618,-86.337952,True,1
382911,Southwest College for the Deaf,SWCDHoward College - SWCD,southwest-college-for-the-deaf,Big Spring,TX,79720-7298,https://howardcollege.edu/swcd/,32.226498,-101.50294,False,2
382957,Fortis College-Richmond,"Virginia School of Technology, Virginia Career Institute",fortis-college-richmond,Richmond,VA,23230,https://www.fortis.edu/,37.58153,-77.488437,False,3
383020,Midwest College of Oriental Medicine-Racine,,midwest-college-of-oriental-medicine-racine,Racine,WI,53403-9747,https://www.acupuncture.edu/,42.678051,-87.856679,True,2
383084,Hacienda La Puente Adult Education,,hacienda-la-puente-adult-education,La Puente,CA,91746-0002,https://www.hlpae.com/,34.043301,-117.979139,True,1
383163,La Belle Beauty Academy,,la-belle-beauty-academy,Miami,FL,33135,https://www.labellebeauty.net/,25.764817,-80.241978,True,1
383190,Hawaii Community College,Hawaii CC / HawCC,hawaii-community-college,Hilo,HI,96720-5096,https://www.hawaii.hawaii.edu/,19.704756,-155.069653,True,1
383279,Robert Fiance Beauty Schools-North Plainfield,,robert-fiance-beauty-schools-north-plainfield,North Plainfield,NJ,07060,https://www.robertfiance.edu/,40.622543,-74.427019,True,1
383297,Long Island Beauty School-Hauppauge,,long-island-beauty-school-hauppauge,Hauppauge,NY,11788,https://www.libs.edu/,40.828573,-73.200285,True,1
383312,Buckeye Joint Vocational School,Buckeye Career Center,buckeye-joint-vocational-school,New Philadelphia,OH,44663-9450,https://www.buckeyecareercenter.org/,40.470531,-81.401957,True,1
383330,Sandusky Career Center,,sandusky-career-center,Sandusky,OH,44870,https://www.sanduskycareercenter.org/,41.440957,-82.766473,True,1
383367,Greater Altoona Career & Technology Center,Greater Altoona Career & Technology Center,greater-altoona-career-technology-center,Altoona,PA,16602-3616,https://www.gactc.edu/,40.508337,-78.398094,True,1
383464,Central Texas Beauty College-Temple,,central-texas-beauty-college-temple,Temple,TX,76504-6948,https://www.centraltexasbeautycollege.com/,31.084871,-97.379234,False,2
383525,Erie 2 Chautauqua Cattaraugus BOCES-Practical Nursing Program,E2CCB,erie-2-chautauqua-cattaraugus-boces-practical-nursing-program,Angola,NY,14006,https://www.e2ccb.org/,42.117532,-79.21915,True,1
383996,Eastern New Mexico University Ruidoso Branch Community College,ENMU - Ruidoso Branch Community College,eastern-new-mexico-university-ruidoso-branch-community-college,Ruidoso,NM,88345,https://www.ruidoso.enmu.edu/,33.346376,-105.677273,False,3
384236,UEI College-Ontario,,uei-college-ontario,Ontario,CA,91764-5574,https://www.uei.edu/,34.0694,-117.547733,False,12
384245,UEI College-Reseda,,uei-college-reseda,Reseda,CA,91335-4631,https://www.uei.edu/,34.200881,-118.526784,False,12
384254,Beacon College,,beacon-college,Leesburg,FL,34748,https://www.beaconcollege.edu/,28.811281,-81.87415,True,1
384306,Acupuncture and Integrative Medicine College-Berkeley,AIMC,acupuncture-and-integrative-medicine-college-berkeley,Berkeley,CA,94704,https://www.aimc.edu/,37.862754,-122.267636,True,2
384333,Estrella Mountain Community College,,estrella-mountain-community-college,Avondale,AZ,85392-1000,https://www.estrellamountain.edu/,33.480722,-112.343158,True,1
384342,Heartland Community College,,heartland-community-college,Normal,IL,61761-9446,https://www.heartland.edu/,40.53301,-89.014776,True,1
384412,University of the Potomac-Washington DC Campus,,university-of-the-potomac-washington-dc-campus,Washington,DC,20005,https://www.potomac.edu/,38.90054,-77.032531,True,2
384421,Rabbi Jacob Joseph School,,rabbi-jacob-joseph-school,Edison,NJ,08817-4494,https://rabbijacobjoseph.com/,40.501001,-74.397954,True,1
385132,The Salon Professional Academy-Melbourne,,the-salon-professional-academy-melbourne,Melbourne,FL,32904,https://www.tspamelbourne.com/,28.081445,-80.651439,True,2
385415,Albert Einstein College of Medicine,,albert-einstein-college-of-medicine,Bronx,NY,10461-1900,https://www.einsteinmed.edu/,40.852847,-73.846327,True,1
385503,Fortis Institute-Scranton,AMTI-SCR,fortis-institute-scranton,Scranton,PA,18509-2903,https://www.fortis.edu/,41.417104,-75.651683,True,2
385619,Everglades University,,everglades-university,Boca Raton,FL,33431,https://www.evergladesuniversity.edu/,26.391218,-80.108331,True,5
386153,Seminar L'moros Bais Yaakov,,seminar-l-moros-bais-yaakov,Brooklyn,NY,11219,https://seminarlmorosbaisyaakov.com/,40.634863,-73.985376,True,1
386472,Herzing University-Orlando,,herzing-university-orlando,Winter Park,FL,32792,https://www.herzing.edu/,28.615784,-81.312669,False,12
387925,Cortiva Institute,,cortiva-institute-4,Maitland,FL,32751,https://www.cortiva.edu/,26.275351,-80.150541,True,2
388520,College of Biblical Studies-Houston,,college-of-biblical-studies-houston,Houston,TX,77036-3211,https://cbshouston.edu/,29.716676,-95.506559,True,1
389745,Mercaz Hatorah of Belle Harbor,,mercaz-hatorah-of-belle-harbor,Belle Harbor,NY,11694-0000,https://ymhbh.com/,,,True,1
389860,Mid-EastCTC-Adult Education,,mid-eastctc-adult-education,Zanesville,OH,43701,https://adulted.mideastctc.org/,39.937192,-81.976056,True,1
390905,Polaris Career Center,,polaris-career-center,Middleburg Heights,OH,44130-3375,https://www.polaris.edu/,41.3644,-81.832474,True,1
391005,P&A Scholars Beauty School,P&A Scholars,p-a-scholars-beauty-school,Detroit,MI,48204,https://www.pandascholars.com/,42.376091,-83.157878,True,1
391759,Sharp's Academy of Hairstyling,Sharp's,sharp-s-academy-of-hairstyling,Grand Blanc,MI,48439,https://www.sharpsacademyofhairstyling.com/,42.912036,-83.624526,True,1
392257,The College of Health Care Professions-Northwest,,the-college-of-health-care-professions-northwest,Houston,TX,77092,https://www.chcp.edu/,29.836247,-95.485204,True,7
392354,School of Professional Horticulture New York Botanical Garden,SoPH - NYBG,school-of-professional-horticulture-new-york-botanical-garden,Bronx,NY,10458-5126,https://www.nybg.org/edu/soph/,40.866742,-73.878164,True,1
392415,Fortis College,All-State Career - Fortis College - Houston South,fortis-college-2,Houston,TX,77082,https://www.fortis.edu/,29.732861,-95.64832,False,4
393649,UEI College-Gardena,UEI College,uei-college-gardena,Gardena,CA,90247-4201,https://www.uei.edu/,33.893016,-118.287234,True,6
393861,Asian-American International Beauty College,,asian-american-international-beauty-college,Westminster,CA,92683,https://www.aabeautycollege.com/,33.759524,-117.991643,True,1
395362,Copper Mountain Community College,CMC,copper-mountain-community-college,Joshua Tree,CA,92252,https://www.cmccd.edu/,34.140464,-116.213939,True,1
395690,Diversified Vocational College,,diversified-vocational-college,Los Angeles,CA,90017-1604,https://www.dvcla.edu/,34.056102,-118.272364,True,1
397942,UEI College-Fresno,UEI College,uei-college-fresno,Fresno,CA,93726-5398,https://www.uei.edu/,36.782858,-119.789002,True,4
399212,Santiago Canyon College,SCC,santiago-canyon-college,Orange,CA,92869-4512,https://www.sccollege.edu/SitePages/Home.aspx,33.795449,-117.766762,True,1
399869,Southern California Institute of Technology,Southern California Institute of Education,southern-california-institute-of-technology,Anaheim,CA,92801-3758,https://www.scitech.edu/,33.8381,-117.950661,True,1
399911,Soka University of America,Soka; SUA,soka-university-of-america,Aliso Viejo,CA,92656-8081,https://www.soka.edu/,33.554546,-117.735344,True,1
400080,Summit College,,summit-college,San Bernardino,CA,92408,https://www.summitcollege.edu/,34.072073,-117.26818,True,1
400187,Advance Beauty College,,advance-beauty-college,Garden Grove,CA,92843,https://www.advancebeautycollege.com/,33.759905,-117.952637,True,1
400558,Los Angeles Pacific College,,los-angeles-pacific-college,Los Angeles,CA,90010-1758,https://www.lapacific.edu/,34.062096,-118.295073,True,1
401223,World Mission University,,world-mission-university,Los Angeles,CA,90020,https://www.wmu.edu/,34.064918,-118.289484,True,1
401250,Yo San University of Traditional Chinese Medicine,Yo San University,yo-san-university-of-traditional-chinese-medicine,Los Angeles,CA,90066,https://yosan.edu/,33.993287,-118.442756,True,1
401764,John Amico School of Hair Design,Cosmetology Concepts,john-amico-school-of-hair-design,Oak Forest,IL,60452-2501,https://www.johnamicoschoolofhairdesign.com/,41.613957,-87.736464,True,1
402563,Delta College Inc,,delta-college-inc,Covington,LA,70433-8947,https://www.deltacollege.com/,30.467468,-90.086695,True,2
402800,Tri-State Cosmetology Institute,,tri-state-cosmetology-institute,El Paso,TX,79935,https://tristatecosmetology.com/,31.749969,-106.3372,True,1
404055,Brookline College-Tempe,,brookline-college-tempe,Tempe,AZ,85281,https://www.brooklinecollege.edu/,33.4163,-111.961365,False,4
404222,Inter American University of Puerto Rico-School of Optometry,,inter-american-university-of-puerto-rico-school-of-optometry,Bayamon,PR,00957,https://www.optonet.inter.edu/,18.351631,-66.182473,True,1
404338,Schiller International University,The Global American University- Schiller,schiller-international-university,Tampa,FL,33602,https://www.schiller.edu/,27.947866,-82.459292,True,1
404426,Coconino Community College,,coconino-community-college,Flagstaff,AZ,86005-2701,https://www.coconino.edu/,35.171328,-111.645631,True,1
404684,Emma's Beauty Academy-Juana Diaz,,emma-s-beauty-academy-juana-diaz,Juana Diaz,PR,00795,https://www.ebajuanadiaz.com/,18.041587,-66.504191,True,1
404718,Brillare Beauty Institute,,brillare-beauty-institute,Cleveland,TN,37312-3862,https://www.brillarebeautyinstitute.edu/,35.191417,-84.881446,True,1
404912,Pima Medical Institute-Denver,,pima-medical-institute-denver,Denver,CO,80221,https://pmi.edu/,39.831679,-105.00252,False,13
405012,Ohio State School of Cosmetology-Heath,Salon Schools Group,ohio-state-school-of-cosmetology-heath,Heath,OH,43056,https://salonschools.ohiostate.edu/,40.03011,-82.440975,True,1
405058,Yeshivas Novominsk,,yeshivas-novominsk,Brooklyn,NY,11204-2138,https://yeshivasnovominsk.com/,40.623395,-73.989968,True,1
405076,Southern Careers Institute-Corpus Christi,,southern-careers-institute-corpus-christi,Corpus Christi,TX,78414,https://scitexas.edu/,27.68504,-97.363145,False,8
405854,Rabbinical College of Ohr Shimon Yisroel,,rabbinical-college-of-ohr-shimon-yisroel,Brooklyn,NY,11211,https://ohr-sy.com/,40.704389,-73.956772,True,1
405872,Carroll Community College,,carroll-community-college,Westminster,MD,21157,https://www.carrollcc.edu/,39.531805,-76.991113,True,1
406024,Galen College of Nursing-Tampa Bay,,galen-college-of-nursing-tampa-bay,Saint Petersburg,FL,33716,https://www.galencollege.edu/tampabay,27.865391,-82.648151,False,23
406033,Galen College of Nursing-San Antonio,,galen-college-of-nursing-san-antonio,San Antonio,TX,78249,https://www.galencollege.edu/sanantonio/,29.507685,-98.585653,False,23
406149,Sarasota School of Massage Therapy,,sarasota-school-of-massage-therapy,Sarasota,FL,34243-6130,https://www.sarasotaschoolofmassagetherapy.edu/,27.389606,-82.485901,True,1
406325,Schuyler Steuben Chemung Tioga Allegany BOCES,Greater Southern Tier BOCES,schuyler-steuben-chemung-tioga-allegany-boces,Elmira,NY,14903,https://www.gstboces.org/page/adult-education,42.148617,-76.837531,True,1
406361,Delaware Chenango Madison Otsego BOCES-Practical Nursing Program,DCMO BOCES,delaware-chenango-madison-otsego-boces-practical-nursing-program,Norwich,NY,13815-3554,https://www.dcmoboces.com/,42.585293,-75.520079,True,1
406422,Central Susquehanna Intermediate Unit LPN Career,Central Susquehanna LPN Career Center,central-susquehanna-intermediate-unit-lpn-career,Milton,PA,17847,https://www.csiu.org/lpn,40.970401,-76.850178,True,1
407090,G Skin & Beauty Institute,Naperville Skin Institute,g-skin-beauty-institute-2,Oakbrook,IL,60523,https://www.gskinbeautyinstitute.edu/,41.851403,-87.949684,True,1
407142,Cosmetology Training Center,,cosmetology-training-center,Lafayette,LA,70503,https://cosmetlafayettela.com/,30.180961,-92.073116,True,1
407151,Stage One-The Hair School,,stage-one-the-hair-school,Lake Charles,LA,70605,https://www.stageoneinc.com/,30.195982,-93.221606,True,1
407179,Empire Beauty School-Malden,,empire-beauty-school-malden,Malden,MA,02148,https://www.empire.edu/,42.427368,-71.076619,False,13
407355,Xenon A Stephanie Moss Academy,Xenon A Stephanie Moss Academy,xenon-a-stephanie-moss-academy,Omaha,NE,68127-3622,https://www.xenonacademy.net/,41.201963,-96.044713,True,1
407434,Orlo School of Hair Design and Cosmetology,Orlo School of Hair Design,orlo-school-of-hair-design-and-cosmetology,Albany,NY,12206,https://www.theorloschool.com/,42.674053,-73.784587,True,1
407461,Eastland-Fairfield Career and Technical Schools,Eastland-Fairfield,eastland-fairfield-career-and-technical-schools,Groveport,OH,43125-9236,https://www.eastlandfairfield.com/,39.88667,-82.884305,True,1
407470,Empire Beauty School-Cincinnati,Gary's Incorporated,empire-beauty-school-cincinnati,Cincinnati,OH,45239,https://www.empire.edu/,39.22325,-84.588841,True,1
407489,Mahoning County Career and Technical Center,,mahoning-county-career-and-technical-center,Canfield,OH,44406-9710,https://mahoningctc.com/adult,41.032696,-80.787668,True,1
407498,Maplewood Area Joint Vocational School,Maplewood Career Center,maplewood-area-joint-vocational-school,Ravenna,OH,44266-9188,https://www.mwood.cc/workforce-development/,,,True,1
407513,Pickaway Ross Joint Vocational School District,Pickaway-Ross Career & Technology Center,pickaway-ross-joint-vocational-school-district,Chillicothe,OH,45601-1038,https://www.pickawayross.com/,39.362601,-83.0027,True,1
407522,Pioneer Career and Technology Center,,pioneer-career-and-technology-center,Shelby,OH,44875,https://www.pctc.k12.oh.us/o/adult-education,40.903305,-82.670445,True,1
407568,Raphael's School of Beauty Culture Inc-Boardman,,raphael-s-school-of-beauty-culture-inc-boardman,Boardman,OH,44512,https://www.raphaelsbeautyschool.edu/,41.02371,-80.679801,True,1
407577,Scioto County Career Technical Center,"Scioto Tech, Scioto County CTC, SCCTC",scioto-county-career-technical-center,Lucasville,OH,45648-0766,https://www.sciototech.org/,38.854707,-82.979481,True,1
407610,Pacific Bible College,,pacific-bible-college,Medford,OR,97501,https://pacificbible.edu/,42.326183,-122.880612,True,1
407629,Lake Erie College of Osteopathic Medicine,LECOM,lake-erie-college-of-osteopathic-medicine,Erie,PA,16509-1025,https://lecom.edu/,42.080699,-80.105969,True,1
407683,UCAS University of Cosmetology Arts & Sciences-Harlingen,,ucas-university-of-cosmetology-arts-sciences-harlingen,Harlingen,TX,78550-5034,https://www.ucastx.com/,26.199163,-97.683979,False,4
407708,Paul Mitchell the School-Federal Way,Paul Mitchell the School Federal Way,paul-mitchell-the-school-federal-way,Federal Way,WA,98003,https://paulmitchell.edu/federalway,47.320505,-122.304472,True,1
407735,Empire Beauty School-Green Bay,,empire-beauty-school-green-bay,Ashwaubenon,WI,54304-4838,https://www.empire.edu/,44.477375,-88.076427,False,9
407832,Warren County Career Center,,warren-county-career-center,Lebanon,OH,45036-1099,https://www.mywccc.org/,39.488772,-84.202969,True,1
408066,Paul Mitchell the School-Wichita,VKSC.edu,paul-mitchell-the-school-wichita,Wichita,KS,67226-0000,https://paulmitchell.edu/wichita,37.741502,-97.2432,True,1
408163,Pinnacle Institute of Cosmetology,,pinnacle-institute-of-cosmetology,Mooresville,NC,28115,https://pinnacleinstitute.edu/,35.596894,-80.816426,True,1
408385,Southern Careers Institute-Pharr,,southern-careers-institute-pharr,Pharr,TX,78577,https://scitexas.edu/,26.211217,-98.201038,False,8
408844,Florida National University-Main Campus,,florida-national-university-main-campus,Hialeah,FL,33012,https://www.fnu.edu/,25.86178,-80.321846,True,3
408862,Georgia Institute of Cosmetology,GIC,georgia-institute-of-cosmetology,Athens,GA,30606-3152,https://gic.edu/,33.936847,-83.454584,True,1
409032,Nouvelle Institute,,nouvelle-institute,Miami,FL,33125,https://nouvelleinstitute.com/,25.779494,-80.249645,True,1
409120,Franklin Technology Center Adult Education,Franklin Technology Center / FTC / Franklin Tech,franklin-technology-center-adult-education,Joplin,MO,64801,https://www.franklintechnologycenter.com/,37.082409,-94.516401,True,1
409193,Professional Technical Institution,PTI,professional-technical-institution,Bayamon,PR,00959,https://www.ptipr.edu/,18.377668,-66.174733,True,1
409254,Erikson Institute,The Erikson Institute,erikson-institute,Chicago,IL,60654-4510,https://www.erikson.edu/,41.890663,-87.632178,True,1
409315,South Texas College,South Texas Community College,south-texas-college,McAllen,TX,78501,https://www.southtexascollege.edu/,26.217591,-98.253634,True,1
409537,Pike County Joint Vocational School District,Pike County Career Technology Center / Vern Riffe Career Technology Center,pike-county-joint-vocational-school-district,Piketon,OH,45661,https://www.pikectc.org/,39.054045,-83.007113,True,1
409591,Lorain County Joint Vocational School District,,lorain-county-joint-vocational-school-district,Oberlin,OH,44074,https://acc.loraincountyjvs.com/,41.262182,-82.213852,True,1
409616,Roger Williams University School of Law,RWU Law,roger-williams-university-school-of-law,Bristol,RI,02809-5171,https://law.rwu.edu/,41.650974,-71.261978,False,2
409698,California State University-Monterey Bay,CSUMB,california-state-university-monterey-bay,Seaside,CA,93955-8001,https://csumb.edu/,36.652397,-121.796178,True,1
410797,Ohio Media School-Valley View,,ohio-media-school-valley-view,Valley View,OH,44125-4220,https://www.beonair.com/,41.393531,-81.615624,True,3
410964,EINE Inc,Electrology Institute of NE Esthetics Institute of NE,eine-inc,Tewksbury,MA,01876,https://electrologyinstitute.com/,42.598024,-71.220396,True,1
411684,Marian Health Careers Center-Los Angeles Campus,Marian College,marian-health-careers-center-los-angeles-campus,Los Angeles,CA,90010,https://www.mariancollege.edu/,34.062273,-118.295677,True,2
411754,Cleveland Clinic School of Health Professions Radiologic Technology Program,,cleveland-clinic-school-of-health-professions-radiologic-technology-program,Beachwood,OH,44122,https://my.clevelandclinic.org/departments/imaging/medical-professionals/school-of-diagnostic-imaging,41.470151,-81.492095,True,1
412173,Academy for Nursing and Health Occupations,ANHO,academy-for-nursing-and-health-occupations,West Palm Beach,FL,33417,https://www.anho.edu/,26.70653,-80.121497,True,1
412535,Shawsheen Valley School of Practical Nursing,,shawsheen-valley-school-of-practical-nursing,Billerica,MA,01821-5499,https://www.shawsheenpracticalnursing.com/,42.546696,-71.217926,True,1
412544,Shear Ego International School of Hair Design,,shear-ego-international-school-of-hair-design,Rochester,NY,14617,https://www.shearegoschool.com/,43.208124,-77.602821,True,1
412599,Remington College-Memphis Campus,,remington-college-memphis-campus,Memphis,TN,38132,https://www.remingtoncollege.edu/locations/memphis-tennessee/,35.071403,-89.989881,False,10
413176,Fayette Institute of Technology,Fayette Institute of Technology,fayette-institute-of-technology,Oak Hill,WV,25901,https://fit.faye.tec.wv.us/,37.988801,-81.146785,True,1
413413,Capella University,,capella-university,Minneapolis,MN,55402-3389,https://www.capella.edu/,44.976286,-93.268796,True,1
413617,College of Menominee Nation,CMN,college-of-menominee-nation,Keshena,WI,54135-1179,https://www.menominee.edu/,44.859044,-88.625628,True,1
413626,Leech Lake Tribal College,,leech-lake-tribal-college,Cass Lake,MN,56633,https://www.lltc.edu/,47.395686,-94.651563,True,1
413680,Spartan College of Aeronautics & Technology,Los Angeles Campus,spartan-college-of-aeronautics-technology,Inglewood,CA,90301-2904,https://www.spartan.edu/,33.956018,-118.377744,True,2
413820,Yukon Beauty College Inc,,yukon-beauty-college-inc,Yukon,OK,73099,https://www.yukonbeautycollege.com/,35.508293,-97.74668,True,1
413893,United Education Institute-Morrow,,united-education-institute-morrow,Morrow,GA,30260-2941,https://www.uei.edu/,33.574109,-84.335896,False,12
414063,Artistic Academy of Hair Design,Artistic Academy,artistic-academy-of-hair-design,Morris Plains,NJ,07950,https://www.artisticacademy.com/,40.855589,-74.486405,True,1
414124,Motoring Technical Training Institute,MTTI,motoring-technical-training-institute,Seekonk,MA,02771,https://www.mtti.edu/,41.791885,-71.324909,True,2
414461,Mech-Tech College,,mech-tech-college,Caguas,PR,00725-0000,https://www.mechtech.edu/,18.237102,-66.053276,True,1
414489,Baldwin Beauty School-North Austin,Baldwin Beauty Schools,baldwin-beauty-school-north-austin,Austin,TX,78757-7068,https://baldwinbeautyschools.com/,30.365855,-97.729371,False,2
414540,Jean Madeline Aveda Institute,"Jean Madeline Education Center of Cosmetology, Inc",jean-madeline-aveda-institute,Philadelphia,PA,19147,https://jeanmadeline.edu/,39.940744,-75.148414,True,1
414595,Pacific College of Health and Science,Pacific College of Health and Science,pacific-college-of-health-and-science-2,New York,NY,10038,https://www.pacificcollege.edu/,40.7088,-74.006721,False,3
414869,Tricoci University of Beauty Culture-Indianapolis,INE,tricoci-university-of-beauty-culture-indianapolis,Indianapolis,IN,46256,https://www.tricociuniversity.edu/,39.928723,-86.03113,True,2
414878,Trine University-Regional/Non-Traditional Campuses,,trine-university-regional-non-traditional-campuses,Angola,IN,46703,https://trine.edu/online/index.aspx,41.632502,-85.008009,False,2
414911,Pennsylvania Highlands Community College,Pennsylvania Highlands,pennsylvania-highlands-community-college,Johnstown,PA,15904-2949,https://www.pennhighlands.edu/,40.26408,-78.837175,True,1
414939,Nevada Career Institute,,nevada-career-institute,Las Vegas,NV,89130,https://www.nevadacareerinstitute.com/,36.217975,-115.20842,False,7
414966,Phillips Theological Seminary,,phillips-theological-seminary,Tulsa,OK,74116-5612,https://www.ptstulsa.edu/,36.167983,-95.868146,True,1
415039,Empire Beauty School-Hanover,,empire-beauty-school-hanover,Hanover,PA,17331,https://www.empire.edu/,39.818109,-76.995146,False,8
415057,Industrial Management Training Institute,IMTI,industrial-management-training-institute,Waterbury,CT,06706,https://imti.edu/,41.549618,-73.035893,True,1
415987,Allen School-Jamaica,Allen School of Health Sciences - Jamaica,allen-school-jamaica,Jamaica,NY,11432,https://www.allenschool.edu/,40.704694,-73.796295,True,3
416458,Premiere Career College,,premiere-career-college,Irwindale,CA,91706-3746,https://www.premierecollege.education/,34.079755,-117.990894,True,1
416801,The University of Texas MD Anderson Cancer Center,MD Anderson Cancer Center| MD Anderson Hospital|MD Anderson Hospital and Tumor Institute|MDACC|UTMDACC|Anderson Cancer Center,the-university-of-texas-md-anderson-cancer-center,Houston,TX,77030-4009,https://www.mdanderson.org/,29.707016,-95.396804,True,1
417062,Estes Institute of Cosmetology Arts and Science,,estes-institute-of-cosmetology-arts-and-science,Visalia,CA,93291,https://www.estescosmetology.com/,36.330422,-119.289234,True,1
417105,Baldwin Park Adult & Community Education,BPACE,baldwin-park-adult-community-education,Baldwin Park,CA,91706-4221,https://bpace.bpusd.net/,34.09673,-117.959486,True,1
417123,Ventura Adult and Continuing Education,,ventura-adult-and-continuing-education,Ventura,CA,93003-0000,https://www.adultedventura.edu/,34.256061,-119.219561,True,1
417442,Career Center of Southern Illinois,Beck School of Practical Nursing Beck Area Career Center,career-center-of-southern-illinois,Red Bud,IL,62278,https://www.gotoccsi.org/,38.289727,-89.948787,True,1
417503,Crave Beauty Academy,Xenon Academy  Xenon International Academy - Ballwin  Xenon Int'l. Academy  Xenon International Academy - Wichita,crave-beauty-academy,Wichita,KS,67203,https://www.cravebeautyacademy.com/,37.684374,-97.387374,True,1
417600,Hastings Beauty School,,hastings-beauty-school,Hastings,MN,55033,https://hastingsbeautyschool.com/,44.744595,-92.85026,True,1
417628,Kirksville Area Technical Center,,kirksville-area-technical-center,Kirksville,MO,63501,https://www.kirksville.k12.mo.us/o/katc,40.18649,-92.565103,True,1
417637,Southern Missouri Technical Institute,SMTI,southern-missouri-technical-institute,West Plains,MO,65775,https://www.somotech.edu/,36.738067,-91.856803,True,1
417646,Saline County Career Center,SCCC,saline-county-career-center,Marshall,MO,65340-1698,https://www.marshallschools.com/o/career-center,39.094261,-93.213659,True,1
417655,Warrensburg Area Career Center,,warrensburg-area-career-center,Warrensburg,MO,64093,https://wacc.warrensburgr6.org/,38.761649,-93.70714,True,1
417682,Cass Career Center,Cass RIX School District,cass-career-center,Harrisonville,MO,64701-2024,https://casscareercenter.com/,38.660248,-94.333774,True,1
417716,Applied Tech,,applied-tech,Sunset Hills,MO,63127,https://www.appliedtech.edu/,38.542285,-90.413236,True,1
417725,Central College of Cosmetology,,central-college-of-cosmetology,Saint Robert,MO,65584,https://centralandsalemcolleges.com/,37.806945,-92.142861,True,1
417734,Southeast Missouri Hospital College of Nursing and Health Sciences,,southeast-missouri-hospital-college-of-nursing-and-health-sciences,Cape Girardeau,MO,63703-4507,https://www.sehcollege.edu/,37.302453,-89.54587,True,1
417752,Messenger College,,messenger-college,Bedford,TX,76021,https://www.messengercollege.edu/,32.85076,-97.161015,True,1
417831,Union County Vocational Technical School,,union-county-vocational-technical-school,Scotch Plains,NJ,07076,https://aps.ucvts.org/,40.616491,-74.358205,True,1
417840,Prism Career Institute-Philadelphia,,prism-career-institute-philadelphia,Philadelphia,PA,19152,https://prismcareerinstitute.edu/,40.057804,-75.046375,True,3
417868,Clinton Essex Warren Washington BOCES,"CEWW BOCES, Champlain Valley Educational Services",clinton-essex-warren-washington-boces,Plattsburgh,NY,12901-0455,https://www.cves.org/,44.693228,-73.517906,True,1
417886,Jefferson Lewis BOCES-Practical Nursing Program,,jefferson-lewis-boces-practical-nursing-program,Watertown,NY,13601-9509,https://www.boces.com/,43.970515,-75.97014,True,1
417910,Veeb Nassau County School of Practical Nursing,VEEB,veeb-nassau-county-school-of-practical-nursing,Hicksville,NY,11801-4302,https://www.veebpnprogram.org/,40.766548,-73.520569,True,1
417983,Cattaraugus Allegany BOCES-Practical Nursing Program,CABOCES,cattaraugus-allegany-boces-practical-nursing-program,Olean,NY,14760,https://www.caboces.org/,42.093196,-78.405395,True,1
417992,Orange Ulster BOCES,,orange-ulster-boces,Newburgh,NY,12550,https://www.ouboces.org/,41.501084,-74.00786,True,1
418010,Broome Delaware Tioga BOCES-Practical Nursing Program,,broome-delaware-tioga-boces-practical-nursing-program,Endicott,NY,13760,https://www.btboces.org/,42.115372,-75.96581,True,1
418029,Washington Saratoga Warren Hamilton Essex BOCES-Practical Nursing Program,WSWHE BOCES - Practical Nursing Program,washington-saratoga-warren-hamilton-essex-boces-practical-nursing-program,Hudson Falls,NY,12839,https://www.wswheboces.org/apps/pages/PracticalNursing,43.32149,-73.594331,True,1
418038,Albany BOCES-Adult Practical Nursing Program,,albany-boces-adult-practical-nursing-program,Albany,NY,12205,https://www.capitalregionboces.org/adult-education/classes-programs/adult-practical-nursing/,42.744858,-73.824182,True,1
418065,Eastern Suffolk BOCES,,eastern-suffolk-boces,Sayville,NY,11782,https://adulteducation.esboces.org/programs-services/eastern-suffolk-school-of-practical-nursing/nursing,40.738793,-73.086618,True,3
418083,Rockland County BOCES-Practical Nursing Program,,rockland-county-boces-practical-nursing-program,West Nyack,NY,10994,https://www.rocklandboces.org/,41.121255,-73.979871,True,1
418126,New York College of Health Professions,,new-york-college-of-health-professions,Syosset,NY,11791-4413,https://nycollege.edu/,40.811129,-73.51534,True,1
418171,Charles Stuart School of Diamond Setting,Charles Stuart School,charles-stuart-school-of-diamond-setting,Brooklyn,NY,11229,https://charlesstuartschool.com./,40.608484,-73.95856,True,1
418205,Career and Technology Education Centers of Licking County,C-TEC of Licking County,career-and-technology-education-centers-of-licking-county,Newark,OH,43055-3399,https://c-tec.edu/o/ctec/page/ps,40.099973,-82.429175,True,1
418223,Northern Career Institute,Willoughby-Eastlake School of Practical Nursing is a program that is offered at the Northern Career Institute,northern-career-institute,Eastlake,OH,44094,https://ncioh.edu/,41.653845,-81.447126,True,1
418250,Washington County Career Center-Adult Technical Training,,washington-county-career-center-adult-technical-training,Marietta,OH,45750,https://www.thecareercenter.net/,39.43299,-81.50106,True,1
418269,Ohio Media School-Cincinnati,,ohio-media-school-cincinnati,Norwood,OH,45212,https://www.beonair.com/,39.158005,-84.458763,False,2
418278,Vantage Career Center,,vantage-career-center,Van Wert,OH,45891,https://www.vantagecareercenter.com/,40.882295,-84.570198,True,1
418296,Indian Capital Technology Center-Muskogee,,indian-capital-technology-center-muskogee,Muskogee,OK,74403-1889,https://www.ictech.edu/,35.774921,-95.311895,True,5
418302,Western Technology Center,,western-technology-center,Burns Flat,OK,73624-1469,https://www.westtech.edu/,35.352842,-99.180998,True,1
418320,Mid-America Technology Center,,mid-america-technology-center,Wayne,OK,73095-0210,https://www.matech.edu/,34.912498,-97.364174,True,1
418348,Eastern Oklahoma County Technology Center,,eastern-oklahoma-county-technology-center,Choctaw,OK,73020-9017,https://www.eoctech.edu/,35.516891,-97.266991,True,1
418357,Wes Watkins Technology Center,,wes-watkins-technology-center,Wetumka,OK,74883-6155,https://www.wwtech.org/,35.233305,-96.266262,True,1
418409,York County School of Technology-Adult & Continuing Education,York County School of Technology,york-county-school-of-technology-adult-continuing-education,York,PA,17402-4696,https://www.educationthatpays.com/,39.929887,-76.685449,True,1
418427,Chester County Intermediate Unit,,chester-county-intermediate-unit,Downingtown,PA,19335,https://www.chestercountynursing.org/,40.005793,-75.679627,True,1
418445,Jefferson County DuBois Area Vocational Technical School,Jeff Tech,jefferson-county-dubois-area-vocational-technical-school,Reynoldsville,PA,15851,https://www.jefftech.edu/,41.109805,-78.892397,True,1
418454,Greater Johnstown Career and Technology Center,,greater-johnstown-career-and-technology-center,Johnstown,PA,15904-2998,https://www.gjctc.org/,40.272734,-78.83114,True,1
418481,Mifflin County Academy of Science and Technology,,mifflin-county-academy-of-science-and-technology,Lewistown,PA,17044-1697,https://www.theacademy.net/practical-nursing/,40.605321,-77.554092,True,1
418515,Lenape Technical School Practical Nursing Program,Lenape Practical Nursing Program,lenape-technical-school-practical-nursing-program,Ford City,PA,16226,https://www.lenapepnp.com/,40.767446,-79.521054,True,1
418524,Venango County Area Vocational Technical School,Venango Technology Center,venango-county-area-vocational-technical-school,Oil City,PA,16301,https://www.vtc1.org/,41.426492,-79.687135,True,1
418533,Lancaster County Career and Technology Center,,lancaster-county-career-and-technology-center,Willow Street,PA,17584,https://www.lancasterctc.edu/,39.984811,-76.266186,True,1
418560,Indiana County Technology Center,ICTC,indiana-county-technology-center,Indiana,PA,15701-1465,https://www.ictc.edu/,40.646071,-79.121853,True,1
418588,Northern Tier Career Center,,northern-tier-career-center,Towanda,PA,18848-9731,https://www.ntccschool.org/,41.801739,-76.487394,True,1
418612,Hazleton Area Career Center,,hazleton-area-career-center,Hazle TWP.,PA,18202,https://www.hasdk12.org/o/hacc/page/practical-nursing-program,40.971393,-75.99218,True,1
418658,All-State Career School-Pittsburgh,,all-state-career-school-pittsburgh,West Mifflin,PA,15122,https://www.allstatecareer.edu/,40.358492,-79.93713,False,4
418773,D'Mart Institute,,d-mart-institute,Barranquitas,PR,00794,https://dmartpr.net/,18.182628,-66.294065,True,1
418782,Automeca Technical College-Aguadilla,,automeca-technical-college-aguadilla,Aguadilla,PR,00605,https://www.automeca.com/,18.448502,-67.1418,False,4
418889,North Central Institute,,north-central-institute,Clarksville,TN,37042,https://www.nci.edu/,36.61484,-87.425177,True,1
418968,Tint School of Makeup and Cosmetology-Dallas,,tint-school-of-makeup-and-cosmetology-dallas,Grand Prairie,TX,75051,https://tintcosmetologyschools.com/,32.710362,-97.009636,True,3
419031,United Technical Center,UTC,united-technical-center,Clarksburg,WV,26301-6313,https://unitedtechnicalcenterwv.com/,39.310658,-80.358395,True,1
419095,Charles H McCann Technical School,,charles-h-mccann-technical-school,North Adams,MA,01247-3999,https://www.mccanntech.org/,42.664578,-73.10149,True,1
419183,Central California School of Continuing Education,,central-california-school-of-continuing-education,San Luis Obispo,CA,93401,https://ccsce.org/,35.262091,-120.64847,True,2
419217,HCA Florida Mercy Hospital School of Practical Nursing,,hca-florida-mercy-hospital-school-of-practical-nursing,Miami,FL,33133,https://www.hcafloridahealthcare.com/,25.740254,-80.213971,True,1
419226,Marion Technical College,MTC,marion-technical-college-2,Ocala,FL,34471-3172,https://www.mariontc.edu/,29.178271,-82.147877,True,1
419235,Rivertown School of Beauty Barber Skin Care and Nails,Rivertown School of Beauty,rivertown-school-of-beauty-barber-skin-care-and-nails,Columbus,GA,31909,https://rivertownschoolofbeauty.com/,32.511932,-84.935823,True,1
419244,Atlanta Institute of Music and Media,AIMM,atlanta-institute-of-music-and-media,Duluth,GA,30096,https://aimm.edu/,33.961164,-84.105311,True,1
419253,Illinois Media School,,illinois-media-school,Chicago,IL,60631,https://beonair.com/locations/ohare-il-campus,41.986156,-87.838707,True,2
419280,New Dimensions School,,new-dimensions-school,Joplin,MO,64801-5017,https://newdimensionsschoolofhairdesign.com/,37.085286,-94.509389,True,1
419341,Jna Institute of Culinary Arts,JNA Institute,jna-institute-of-culinary-arts,Philadelphia,PA,19146,https://www.culinaryarts.edu/,39.935232,-75.167678,True,1
419420,Putnam Career and Technical Center,PCTC,putnam-career-and-technical-center,Eleanor,WV,25070-0640,https://www.pctc.edu/,38.535038,-81.923563,True,1
419633,Texas College of Cosmetology-San Angelo,,texas-college-of-cosmetology-san-angelo,San Angelon,TX,76904,https://www.texascollegecosmetology.com/,31.420928,-100.47194,False,3
419703,Automeca Technical College-Bayamon,,automeca-technical-college-bayamon,Bayamon,PR,00961,https://www.automeca.com/,18.406325,-66.180088,True,4
419712,Automeca Technical College-Caguas,,automeca-technical-college-caguas,Caguas,PR,00725,https://www.automeca.com/,18.230554,-66.037144,False,4
419721,Automeca Technical College-Ponce,,automeca-technical-college-ponce,Ponce,PR,00731,https://www.automeca.com/,18.011516,-66.636951,False,4
420130,Prism Career Institute-Cherry Hill,,prism-career-institute-cherry-hill,Cherry Hill,NJ,08002,https://prismcareerinstitute.edu/,39.931301,-75.051138,False,3
420246,Sonoran University of Health Sciences,,sonoran-university-of-health-sciences,Tempe,AZ,85282,https://www.sonoran.edu/,33.40789,-111.89442,True,1
420325,Yeshiva D'monsey Rabbinical College,,yeshiva-d-monsey-rabbinical-college,Monsey,NY,10952,https://yeshivadmonsey.com/,41.114173,-74.064721,True,1
420343,Lincoln Technical Institute-Mahwah,,lincoln-technical-institute-mahwah,Mahwah,NJ,07430,https://www.lincolntech.edu/campus/mahwah-nj,41.083771,-74.148846,False,9
420398,Northwest Vista College,,northwest-vista-college,San Antonio,TX,78251,https://alamo.edu/nvc/,29.471308,-98.70513,True,1
420431,Oconee Fall Line Technical College,Sandersville Regional Technical Institute,oconee-fall-line-technical-college,Sandersville,GA,31082,https://www.oftc.edu/,32.996687,-82.839621,True,1
420440,York County Community College,,york-county-community-college,Wells,ME,04090,https://www.yccc.edu/,43.306797,-70.590783,True,1
420468,Western Suffolk BOCES,,western-suffolk-boces,Northport,NY,11768,https://www.wilsontech.org/,40.877083,-73.343689,True,1
420538,Arkansas State University-Mountain Home,,arkansas-state-university-mountain-home,Mountain Home,AR,72653,https://www.asumh.edu/,36.320466,-92.388581,True,1
420556,Columbia Gorge Community College,,columbia-gorge-community-college,The Dalles,OR,97058,https://www.cgcc.edu/,45.590724,-121.190197,True,1
420705,Bakke Graduate University,BGU,bakke-graduate-university,Dallas,TX,75243-7039,https://www.bgu.edu/,32.894605,-96.753976,True,1
420723,Tillamook Bay Community College,TBCC,tillamook-bay-community-college,Tillamook,OR,97141,https://tillamookbaycc.edu/,45.456603,-123.813624,True,1
420981,Manhattan School of Computer Technology,,manhattan-school-of-computer-technology,Brooklyn,NY,11230-1401,https://www.manhattanschool.edu/,40.63473,-73.967118,True,1
421513,Ross College-Hopkinsville,,ross-college-hopkinsville,Hopkinsville,KY,42240-4948,https://rosseducation.edu/,36.834025,-87.474774,False,11
421610,Paul Mitchell the School-St. George,,paul-mitchell-the-school-st-george,Saint George,UT,84770-0000,https://paulmitchell.edu/stgeorge,37.083414,-113.606488,True,1
421665,Cadillac Institute of Cosmetology,,cadillac-institute-of-cosmetology,Cadillac,MI,49601-1800,https://instituteofcos.com/,44.251375,-85.400655,True,1
421708,Arizona College of Nursing-Tempe,,arizona-college-of-nursing-tempe,Tempe,AZ,85282-1840,https://www.arizonacollege.edu/,33.403079,-111.965808,True,20
421717,Vanguard-Sentinel Adult Career and Technology Center,Vanguard Adult Career Center,vanguard-sentinel-adult-career-and-technology-center,Fremont,OH,43420,https://www.vscc.k12.oh.us/adult-ed/,41.365056,-83.128188,True,1
421771,Academy of Beauty Professionals,,academy-of-beauty-professionals,Raymore,MO,64083-9195,https://www.academyofbeautyprofessionals.com/,38.812989,-94.467053,True,4
421878,Eastern International College-Jersey City,,eastern-international-college-jersey-city,Jersey City,NJ,07306,https://www.eicollege.edu/,40.735178,-74.060452,True,1
421896,Academia Serrant Inc,Academia Serrant,academia-serrant-inc,Ponce,PR,00717-1250,https://www.serrant.edu/,18.009658,-66.61529,True,1
422020,San Joaquin Valley College-Trades Education Center,,san-joaquin-valley-college-trades-education-center,Fresno,CA,93727-1501,https://www.sjvc.edu/,36.776798,-119.72824,False,17
422695,Pacific College,,pacific-college,Costa Mesa,CA,92626-3402,https://www.pacific-college.edu/,33.680043,-117.873382,True,1
422835,American College of Healthcare and Technology,,american-college-of-healthcare-and-technology,Riverside,CA,92505,https://www.ach.edu/,33.901581,-117.493507,True,3
423120,Compu-Med Vocational Careers Corp,CMVC,compu-med-vocational-careers-corp,Hialeah,FL,33012-4861,https://compumed.edu/,25.848446,-80.306915,True,3
423397,Advantage Technical College,,advantage-technical-college,Manati,PR,00674,https://www.adtecpr.com/,18.427879,-66.493759,True,3
423412,Mid Cities Barber College,MCBC,mid-cities-barber-college,Grand Prairie,TX,75051-4892,https://midcitiesbarbercollege.edu/,32.710329,-97.006955,True,1
423643,Midwestern University-Glendale,,midwestern-university-glendale,Glendale,AZ,85308,https://www.midwestern.edu/,33.663853,-112.183633,False,2
423652,Oregon Coast Community College,,oregon-coast-community-college,Newport,OR,97366,https://www.oregoncoastcc.org/,44.603136,-124.046973,True,1
425250,Gwinnett College,Gwinnett College - Roswell Campus,gwinnett-college,Roswell,GA,30076,https://www.gwinnettcollege.edu/,33.937705,-84.378704,True,1
426314,Embry-Riddle Aeronautical University-Worldwide,Embry Riddle Aeronautical University-Worldwide,embry-riddle-aeronautical-university-worldwide,Daytona Beach,FL,32114-3900,https://worldwide.erau.edu/,29.189903,-81.048367,False,2
427308,Merkaz Bnos-Business School,,merkaz-bnos-business-school,Brooklyn,NY,11214,https://www.mbs-career.org/,40.601511,-73.997176,True,1
427335,Lia Schorr Institute of Cosmetic Skin Care Training,,lia-schorr-institute-of-cosmetic-skin-care-training,New York,NY,10019,https://www.liaschorrinstitute.com/,40.764401,-73.976807,True,1
427973,Aviation Institute of Maintenance-Norfolk,N/A,aviation-institute-of-maintenance-norfolk,Norfolk,VA,23518,https://aviationmaintenance.edu/campuses/norfolk-va,36.914293,-76.216995,True,1
427991,Osceola Technical College,,osceola-technical-college,Kissimmee,FL,34744,https://otech.osceolaschools.net/,28.298648,-81.349696,True,3
428000,Miami Ad School,,miami-ad-school,Miami,FL,33137,https://miamiadschool.com/,25.808818,-80.190728,True,3
428019,Green Country Technology Center,,green-country-technology-center,Okmulgee,OK,74447-1217,https://gctcok.edu/,35.63293,-95.9365,True,1
428055,Nova College de Puerto Rico,,nova-college-de-puerto-rico,Bayamon,PR,00960,https://www.novacollegepr.com/,18.398358,-66.160559,True,1
428125,John Wesley International Barber and Beauty College,John Wesley Intl. Barber and Beauty College,john-wesley-international-barber-and-beauty-college,Long Beach,CA,90813,https://johnwesleybarberbeauty365.com/,33.778235,-118.18469,True,1
428170,Southeastern College-Boynton Beach,,southeastern-college-boynton-beach,Boynton Beach,FL,33426,https://www.sec.edu/,26.702216,-80.085966,True,2
428259,Ottawa University-Milwaukee,Ottawa University - Milwaukee,ottawa-university-milwaukee,Brookfield,WI,53005,https://www.ottawa.edu/,43.02963,-88.115185,False,4
428392,Klamath Community College,,klamath-community-college,Klamath Falls,OR,97603-7121,https://www.klamathcc.edu/,42.195028,-121.698855,True,1
429085,American College of Acupuncture and Oriental Med,ACAOM,american-college-of-acupuncture-and-oriental-med,Houston,TX,77063-4104,https://www.acaom.edu/,29.735747,-95.524765,True,1
429128,Urban College of Boston,,urban-college-of-boston,Boston,MA,02116,https://www.urbancollege.edu/,42.352922,-71.0642,True,1
430184,Strayer University-Maryland,,strayer-university-maryland,Baltimore,MD,21230,https://www.strayer.edu/campus-locations/maryland/prince-georges,38.827438,-76.918039,False,22
430227,Empire Beauty School-Monroeville,,empire-beauty-school-monroeville,Monroeville,PA,15146-2229,https://www.empire.edu/,40.434651,-79.785227,False,10
430245,Southern Careers Institute-San Antonio,,southern-careers-institute-san-antonio,San Antonio,TX,78221,https://scitexas.edu/,29.355774,-98.494238,False,8
430306,Cayce/Reilly School of Massage,"Association for Research and Enlightenment, LLC",cayce-reilly-school-of-massage,Virginia Beach,VA,23451,https://www.caycereilly.edu/,36.892698,-75.990945,True,1
430403,Prism Career Institute-West Atlantic City,,prism-career-institute-west-atlantic-city,West  Atlantic City,NJ,08232,https://prismcareerinstitute.edu/,39.377288,-74.493112,False,3
430564,Studio Jewelers,,studio-jewelers,New York,NY,10016-4112,https://www.studiojewelersltd.com/,40.745464,-73.983774,True,1
430582,Praxis Institute,,praxis-institute,Miami,FL,33174,https://www.praxis.edu/,25.756567,-80.36778,True,1
430670,San Juan Bautista School of Medicine,,san-juan-bautista-school-of-medicine,Caguas,PR,00725-4968,https://www.sanjuanbautista.edu/,18.220528,-66.050389,True,1
430704,Texas Health and Science University,THSU,texas-health-and-science-university,Austin,TX,78741,https://thsu.edu/,30.233143,-97.785289,True,1
430795,Carver Career Center,,carver-career-center,Charleston,WV,25306-6397,https://www.carvercareercenter.edu/,38.289708,-81.562988,True,1
430883,Cayuga Onondaga BOCES-Practical Nursing Program,,cayuga-onondaga-boces-practical-nursing-program,Auburn,NY,13021,https://www.cayboces.org/,42.9419,-76.587981,True,1
430908,Clearfield County Career and Technology Center,CCCTC,clearfield-county-career-and-technology-center,Clearfield,PA,16830,https://ccctc.edu/,41.030572,-78.418679,True,1
430935,Colegio de Cinematografia Artes y Television,CCAT,colegio-de-cinematografia-artes-y-television,Bayamon,PR,00961,https://www.ccatpuertorico.com/,18.399507,-66.155509,True,1
430971,Delaware County Technical School-Practical Nursing Program,,delaware-county-technical-school-practical-nursing-program,Broomall,PA,19008,https://www.dciu.org/lpn,39.988428,-75.367229,True,1
431017,Mid-Del Technology Center,,mid-del-technology-center,Midwest City,OK,73110-4825,https://www.middeltech.com/,35.455237,-97.402578,True,1
431071,New York Institute of Massage Inc,,new-york-institute-of-massage-inc,Williamsville,NY,14221,https://nyinstituteofmassage.com/,42.976035,-78.695815,True,1
431105,Dutchess BOCES-Practical Nursing Program,,dutchess-boces-practical-nursing-program,Poughkeepsie,NY,12601-6599,https://www.dcboces.org/cti/lpn,41.743538,-73.866875,True,1
431123,Escuela Tecnica de Electricidad,,escuela-tecnica-de-electricidad,Ponce,PR,00730-4875,https://www.etepr.edu/,18.010451,-66.619944,True,1
431141,Institute of Technology,Fresno Institute of Technology | Institute of Technology | FIT | IT | Fresno's Institute of Technology,institute-of-technology,Clovis,CA,93612,https://www.iot.edu/,36.83679,-119.723249,True,1
431196,Genesee Valley BOCES-Practical Nursing Program,Genesee Valley BOCES,genesee-valley-boces-practical-nursing-program,Batavia,NY,14020,https://www.gvboces.org/,43.014665,-78.182909,True,1
431266,Henrico County-Saint Marys Hospital School of Practical Nursing,,henrico-county-saint-marys-hospital-school-of-practical-nursing,Richmond,VA,23229,https://cte.henricoschools.us/o/hwcd/page/practical-nursing,37.601392,-77.568129,True,1
431275,Herkimer County BOCES-Practical Nursing Program,Herkimer BOCES LPN Program,herkimer-county-boces-practical-nursing-program,Herkimer,NY,13350,https://www.herkimer-boces.org/page/adult-practical-nursing,43.03504,-74.986641,True,1
431284,Graduate America College,Graduate America,graduate-america-college,Garland,TX,75040-3294,https://www.ibc3.edu/,32.945805,-96.645638,True,1
431558,Cape Coral Technical College,Cape Coral Technical College,cape-coral-technical-college,Cape Coral,FL,33993-2479,https://capecoraltech.edu/,26.658582,-81.976156,True,1
431600,UPMC Mercy School of Nursing,,upmc-mercy-school-of-nursing,Pittsburgh,PA,15219-5166,https://www.upmc.com/mercyson,40.435584,-79.986445,True,1
431716,Ocean County Vocational-Technical School,OCVTS,ocean-county-vocational-technical-school,Toms River,NJ,08753,https://www.ocvts.org/,39.985095,-74.195622,True,1
431983,Yeshiva of the Telshe Alumni,,yeshiva-of-the-telshe-alumni,Riverdale,NY,10471-2897,https://yeshivatelshealumni.com/,40.896668,-73.911096,True,1
432117,Kenneth Shuler School of Cosmetology-Rock Hill,,kenneth-shuler-school-of-cosmetology-rock-hill,Rock Hill,SC,29732,https://www.kennethshuler.com/,34.969958,-80.995498,True,2
432269,CET-El Paso,,cet-el-paso,El Paso,TX,79907,https://cetweb.edu/,31.696199,-106.323115,False,11
432348,Appalachian School of Law,,appalachian-school-of-law,Grundy,VA,24614,https://www.asl.edu/,37.277669,-82.095648,True,1
432384,Platt College-Ontario,,platt-college-ontario,Ontario,CA,91764,https://www.plattcollege.edu/,34.068595,-117.571744,False,4
433004,American University of Health Sciences,AUHS,american-university-of-health-sciences,Signal Hill,CA,90755-3612,https://www.auhs.edu/,33.796849,-118.171366,True,1
433013,Career Networks Institute,CNI College,career-networks-institute,Santa Ana,CA,92705,https://www.cnicollege.edu/,33.721058,-117.8478,True,1
433040,Monty Tech,Montachusett Regional Vocational Technical School,monty-tech,Fitchburg,MA,01420,https://www.montytech.net/,42.560648,-71.860827,True,1
433068,Okaloosa Technical College,,okaloosa-technical-college,Fort Walton Beach,FL,32547,https://www.otcollege.net/,30.46866,-86.614844,True,1
433101,Lincoln Technical Institute-Lincoln,,lincoln-technical-institute-lincoln,Lincoln,RI,02865,https://www.lincolntech.edu/campus/lincoln-ri,41.9385,-71.47748,False,5
433138,Wayne County Schools Career Center,,wayne-county-schools-career-center,Smithville,OH,44677,https://www.wayne-jvs.k12.oh.us/,40.863781,-81.868927,True,1
433174,Carolinas College of Health Sciences,,carolinas-college-of-health-sciences,Charlotte,NC,28204,https://www.carolinascollege.edu/,35.181863,-80.927508,True,1
433387,Western Governors University,WGU Western Governors,western-governors-university,Salt Lake City,UT,84107,https://www.wgu.edu/,40.68481,-111.869752,True,1
433420,California Aeronautical University,California Aeronautical University,california-aeronautical-university,Bakersfield,CA,93308,https://www.calaero.edu/,35.434905,-119.049264,True,1
433536,Herzing University-New Orleans,Herzing College,herzing-university-new-orleans,Metairie,LA,70002,https://www.herzing.edu/,30.019252,-90.155851,False,12
433660,Florida Gulf Coast University,,florida-gulf-coast-university,Fort Myers,FL,33965-6565,https://www.fgcu.edu/,26.463638,-81.7726,True,1
434016,Little Priest Tribal College,,little-priest-tribal-college,Winnebago,NE,68071-0270,https://www.littlepriest.edu/,42.234983,-96.467881,True,1
434061,South Louisiana Community College,,south-louisiana-community-college,Lafayette,LA,70506-4109,https://www.solacc.edu/,30.218616,-92.050933,True,1
434140,Pima Medical Institute-Chula Vista,,pima-medical-institute-chula-vista,Chula Vista,CA,91910,https://pmi.edu/,32.619858,-117.093388,False,13
434159,Lincoln College of Technology-Marietta,,lincoln-college-of-technology-marietta,Marietta,GA,30067,https://www.lincolntech.edu/campus/marietta-ga,33.904619,-84.483943,False,5
434274,Academy of Hair Design-Lufkin,,academy-of-hair-design-lufkin,Lufkin,TX,75901,https://www.lufkinhairdesign.com/,31.330724,-94.718704,True,2
434308,Cortiva Institute,,cortiva-institute-5,Linthicum,MD,21090,https://www.cortiva.edu/,39.215919,-76.672532,True,1
434344,COLLECTIV Academy-Worcester,,collectiv-academy-worcester,Worcester,MA,01605-2213,https://collectivacademy.com/,42.284822,-71.808255,True,1
434362,Northwest HVAC/R Training Center,Inland Northwest HVAC Association & Training Center,northwest-hvac-r-training-center,Spokane,WA,99207,https://www.inwhvac.org/,47.67364,-117.407702,True,1
434432,Myotherapy Institute,,myotherapy-institute,Lincoln,NE,68510,https://www.myotherapy.edu/,40.811958,-96.607025,True,1
434441,Florida College of Integrative Medicine,FCIM,florida-college-of-integrative-medicine,Orlando,FL,32809-5721,https://www.fcim.edu/,28.46359,-81.401757,True,1
434469,New Professions Technical Institute,New Professions Technical Institute,new-professions-technical-institute,Miami,FL,33134,https://www.npti.edu/,25.771488,-80.261873,True,1
434496,Strand College of Hair Design,,strand-college-of-hair-design,Myrtle Beach,SC,29572,https://www.strandcollege.com/,33.748079,-78.815961,True,1
434584,Ilisagvik College,,ilisagvik-college,Barrow,AK,99723,https://www.ilisagvik.edu/,71.324702,-156.679486,True,1
434672,Community College of Baltimore County,CCBC|Community College of Baltimore County|Community College of Baltimore County - Essex|Community College of Baltimore County - Catonsville|Community College of Baltimore County - Dundalk,community-college-of-baltimore-county,Baltimore,MD,21237,https://www.ccbcmd.edu/,39.352647,-76.48211,True,1
434751,White Earth Tribal and Community College,WETCC,white-earth-tribal-and-community-college,Mahnomen,MN,56557,https://www.wetcc.edu/,47.3175,-95.953099,True,1
434821,Blue Cliff College-Metairie,,blue-cliff-college-metairie,Metairie,LA,70002-5714,https://www.bluecliffcollege.edu/,30.002779,-90.172771,True,5
434830,Creative Images Institute of Cosmetology-North Dayton,Creative Images College of Beauty,creative-images-institute-of-cosmetology-north-dayton,Dayton,OH,45414,https://www.creativeimages.edu/,39.855992,-84.188407,True,2
434900,Dewey University-Carolina,,dewey-university-carolina,Carolina,PR,00986,https://dewey.edu/,18.376596,-65.958397,False,4
434937,Yeshiva College of the Nations Capital,,yeshiva-college-of-the-nations-capital,Silver  Spring,MD,20902,https://ycnc.org/,39.042404,-77.030566,True,1
435000,Louisiana State University Health Sciences Center-Shreveport,LSUHSC-S|LSU Health Sciences Center-Shreveport|LSU Health Sciences Center - Shreveport|LSU Health Sciences Center in Shreveport|LSU Health Sciences Center at Shreveport|Louisiana State University Health Sciences Center at Shreveport|Louisiana State University Health Sciences Center in Shreveport|LSU Health Shreveport,louisiana-state-university-health-sciences-center-shreveport,Shreveport,LA,71103,https://www.lsuhs.edu/,32.480683,-93.761018,True,1
436030,Hair Academy II,,hair-academy-ii,Hillcrest Heights,MD,20748-1401,https://hairacademy2.com/,38.839246,-76.948572,True,1
436304,River Parishes Community College,,river-parishes-community-college,Gonzales,LA,70737,https://www.rpcc.edu/,30.191006,-90.930804,True,1
436429,Los Angeles Film School,LA Film School,los-angeles-film-school,Hollywood,CA,90028,https://www.lafilm.edu/,34.098338,-118.3284,True,1
436553,Century College,,century-college-2,San Juan,PR,00918,https://www.centurycollege.edu/,18.40919,-66.06559,True,1
436599,FINE Mortuary College,,fine-mortuary-college,Norwood,MA,02062,https://www.fmc.edu/,42.181479,-71.19293,True,1
436614,International Baptist College and Seminary,,international-baptist-college-and-seminary,Chandler,AZ,85286,https://www.ibcs.edu/,33.273788,-111.879629,True,1
436632,Gwinnett College,Gwinnett College - Raleigh Campus,gwinnett-college-2,Raleigh,NC,27616,https://www.gwinnettcollege.edu/,35.854605,-78.586818,True,1
436650,Delta College South,,delta-college-south,Baton Rouge,LA,70816-5820,https://www.mtcbr.com/,30.427312,-91.069449,True,1
436818,University of Connecticut-Waterbury Campus,,university-of-connecticut-waterbury-campus,Waterbury,CT,06702,https://waterbury.uconn.edu/,41.555617,-73.039242,False,5
436827,University of Connecticut-Avery Point,,university-of-connecticut-avery-point,Groton,CT,06340-6097,https://averypoint.uconn.edu/,41.316419,-72.065336,False,5
436836,University of Connecticut-Stamford,,university-of-connecticut-stamford,Stamford,CT,06901-2315,https://stamford.uconn.edu/,41.056081,-73.542206,False,5
437097,University of Management and Technology,UMT,university-of-management-and-technology,Arlington,VA,22209-1609,https://www.umtweb.edu/,38.89743,-77.072001,True,1
437103,Baton Rouge Community College,BRCC,baton-rouge-community-college,Baton Rouge,LA,70806,https://www.mybrcc.edu/,30.448276,-91.137935,True,1
437237,IYRS School of Technology & Trades,IYRS,iyrs-school-of-technology-trades,Newport,RI,02840,https://www.iyrs.edu/,41.480948,-71.314724,True,1
437556,Midwest Technical Institute-Illinois,,midwest-technical-institute-illinois,Springfield,IL,62707,https://www.midwesttech.edu/,39.840996,-89.595331,True,3
437608,Advanced Barber College and Hair Design,,advanced-barber-college-and-hair-design,Weslaco,TX,78596,https://abcrgv.com/,26.131543,-97.958247,True,1
437635,The College of Health Care Professions-Austin,,the-college-of-health-care-professions-austin,Austin,TX,78723,https://www.chcp.edu/,30.322978,-97.699064,True,3
437723,New Community Career & Technical Institute,,new-community-career-technical-institute,Newark,NJ,07103-2419,https://newcommunitytech.edu/,40.739017,-74.19585,True,1
437732,The Chicago School-College of Nursing,Chicago School of Professional Psychology-College of Nursing,the-chicago-school-college-of-nursing,Richardson,TX,75080,https://www.thechicagoschool.edu/in-the-community/locations/,32.979753,-96.75721,False,8
437750,Professional Golfers Career College,PGCC,professional-golfers-career-college,Temecula,CA,92591,https://www.golfcollege.edu/,33.528952,-117.163739,True,1
437769,Chester Career College,Richmond School of Health and Technology,chester-career-college,CHESTER,VA,23836,https://chestercareercollege.edu/,37.348882,-77.374112,True,1
437778,Milan Institute-San Antonio Ingram,,milan-institute-san-antonio-ingram,San Antonio,TX,78238,https://www.milaninstitute.edu/,29.463767,-98.624719,True,5
437857,Rudae's School of Beauty Culture-Ft Wayne,Rudae's Beauty College,rudae-s-school-of-beauty-culture-ft-wayne,Fort Wayne,IN,46825-5444,https://www.rudaes.edu/,41.128125,-85.139946,True,1
437936,Carrington College-San Jose,Western Career College-San Jose,carrington-college-san-jose,San Jose,CA,95138,https://carrington.edu/,37.248411,-121.777062,False,16
438179,Brookline College-Tucson,,brookline-college-tucson,Tucson,AZ,85711,https://www.brooklinecollege.edu/,32.217799,-110.875869,False,4
438221,Miller-Motte College-Berks Technical Institute-Lewisburg,,miller-motte-college-berks-technical-institute-lewisburg,Lewisburg,PA,17837,https://www.berks.edu/,40.98239,-76.885311,False,18
438258,Carrington College-Pleasant Hill Campus,Western Career College-Pleasant Hill,carrington-college-pleasant-hill-campus,Pleasant Hill,CA,94523-1984,https://carrington.edu/,37.962649,-122.072153,False,16
438285,Cortiva Institute,,cortiva-institute-6,Maitland,FL,32751,https://www.cortiva.edu/,28.629921,-81.397179,False,2
438337,Modern Hairstyling Institute-Carolina,,modern-hairstyling-institute-carolina,Carolina,PR,00985,https://www.modern.edu/,18.379812,-65.963611,True,1
438504,Universal Technical Institute of California Inc,Universal Technical Institute - Rancho Cucamonga,universal-technical-institute-of-california-inc,Rancho Cucamonga,CA,91730-0000,https://www.uti.edu/,34.082782,-117.576366,False,6
438586,American InterContinental University-Atlanta,AIU Atlanta,american-intercontinental-university-atlanta,Atlanta,GA,30328,https://www.aiuniv.edu/online-campus/campus-locations/atlanta,33.938779,-84.354907,False,3
438674,The Academy of Hair Design Six,,the-academy-of-hair-design-six,Hattiesburg,MS,39401-7569,https://www.academyofhair.com/,31.310341,-89.31781,True,1
438708,Eastern West Virginia Community and Technical College,,eastern-west-virginia-community-and-technical-college,Moorefield,WV,26836-0000,https://www.easternwv.edu/,39.075562,-78.932546,True,1
438735,Aviation Institute of Maintenance-Indianapolis,N/A,aviation-institute-of-maintenance-indianapolis,Indianapolis,IN,46241,https://aviationmaintenance.edu/campuses/indianapolis-in,39.753062,-86.288273,True,3
438984,IVAEM College,,ivaem-college,Caguas,PR,00725-0000,https://www.ivaempr.com/,18.23502,-66.033732,True,1
439020,Midwest College of Oriental Medicine-Skokie,,midwest-college-of-oriental-medicine-skokie,Skokie,IL,60077,https://www.acupuncture.edu/,42.044312,-87.754597,False,2
439118,Carrington College-Spokane,Carrington College-Spokane,carrington-college-spokane,Spokane,WA,99206-4187,https://carrington.edu/,47.675918,-117.268126,False,2
439190,Cascadia College,,cascadia-college,Bothell,WA,98011-8205,https://www.cascadia.edu/,47.760915,-122.191572,True,1
439367,CBD College,Community Based Education and Development,cbd-college,Los Angeles,CA,90010,https://www.cbd.edu/,34.06231,-118.306221,True,1
439446,Atlantic Institute of Oriental Medicine,,atlantic-institute-of-oriental-medicine,Fort Lauderdale,FL,33301-3510,https://www.atom.edu/,26.121964,-80.142235,True,1
439455,MDT College of Health Sciences,"ATS Institute of Technology, MDT Institute",mdt-college-of-health-sciences,Chicago,IL,60602,https://www.atsinstitute.edu/,41.882931,-87.626495,True,1
439473,Bennett Career Institute,,bennett-career-institute,Washington,DC,20017,https://www.bennettcareerinstitute.org/,38.93264,-76.995965,True,1
439491,Blue Cliff College-Lafayette,,blue-cliff-college-lafayette,Lafayette,LA,70508,https://bluecliffcollege.edu/,30.18811,-92.011131,False,5
439570,Community Care College,,community-care-college,Tulsa,OK,74145,https://www.communitycarecollege.edu/,36.101615,-95.905178,True,3
439622,Erie 1 BOCES,,erie-1-boces,West Seneca,NY,14224,https://wfd.e1b.org/,42.851567,-78.78642,True,1
439668,HDS Truck Driving Institute,,hds-truck-driving-institute,Tucson,AZ,85756,https://www.hdstruckdrivinginstitute.com/,32.13887,-110.856474,True,1
439701,The King's University,,the-king-s-university,Southlake,TX,76092,https://www.tku.edu/,32.93973,-97.121526,True,1
439738,Fortis College-Baton Rouge,,fortis-college-baton-rouge,Baton Rouge,LA,70817,https://www.fortis.edu/,30.366448,-91.024833,True,4
439747,My Le's Beauty College,,my-le-s-beauty-college,Sacramento,CA,95823-2513,https://www.mylebeautycollegeinc.com/,38.494851,-121.452325,True,1
439774,New Concept Massage and Beauty School,,new-concept-massage-and-beauty-school,Miami,FL,33144,https://www.massagebeautyschool.com/,25.759873,-80.304747,True,1
439783,New York College of Traditional Chinese Medicine,New York Institute of Chinese Medicine,new-york-college-of-traditional-chinese-medicine,Mineola,NY,11501,https://www.nyctcm.edu/,40.73945,-73.638911,True,1
439792,Fortis College-Orange Park,,fortis-college-orange-park,Orange Park,FL,32065,https://fortis.edu/,30.148278,-81.759035,True,1
439817,Northeastern Seminary,,northeastern-seminary,Rochester,NY,14624,https://www.nes.edu/,43.122873,-77.8007,True,1
439844,Omega Institute of Cosmetology,,omega-institute-of-cosmetology,Houma,LA,70360-2716,https://www.omegainstitutes.com/,29.602712,-90.752356,True,1
439862,Pacific Islands University,,pacific-islands-university,Mangilao,GU,96913-5917,https://www.piu.edu/,13.465046,144.835821,True,1
439871,PCI College,,pci-college,Cerritos,CA,90703,https://www.pci-ed.com/,33.87475,-118.100169,True,1
439899,Rosedale Bible College,,rosedale-bible-college,Irwin,OH,43029,https://www.rosedale.edu/,40.077583,-83.456645,True,1
439914,Seattle Institute of East Asian Medicine,SIEAM,seattle-institute-of-east-asian-medicine,Seattle,WA,98108,https://www.sieam.edu/,47.544948,-122.325399,True,1
439932,Shawnee Beauty College,,shawnee-beauty-college,Shawnee,OK,74801,https://www.shawneebeautycollege.com/,35.356032,-96.912574,True,1
440004,Upper Valley Educators Institute,"UVEI, UVTI, UVTTP",upper-valley-educators-institute,Lebanon,NH,03766-1358,https://www.uvei.edu/,43.637595,-72.230822,True,1
440031,Keck Graduate Institute,KGI | Keck Graduate Institute of Applied Life Sciences,keck-graduate-institute,Claremont,CA,91711,https://www.kgi.edu/,34.093329,-117.72351,True,1
440059,Aviation Institute of Maintenance-Atlanta,,aviation-institute-of-maintenance-atlanta,Duluth,GA,30096,https://aviationmaintenance.edu/campuses/atlanta-ga/,33.948914,-84.147864,True,2
440101,Empire Beauty School-Kennesaw,,empire-beauty-school-kennesaw,Kennesaw,GA,30144,https://www.empire.edu/,34.012704,-84.56688,False,9
440262,New York Automotive and Diesel Institute,,new-york-automotive-and-diesel-institute,Jamaica,NY,11433-1433,https://www.nyadi.edu/,40.705073,-73.780592,True,1
440271,Remington College-Baton Rouge Campus,,remington-college-baton-rouge-campus,Baton Rouge,LA,70816,https://www.remingtoncollege.edu/locations/baton-rouge-louisiana/,30.411857,-91.052999,False,10
440396,New Saint Andrews College,NSA,new-saint-andrews-college,Moscow,ID,83843-1525,https://nsa.edu/,46.731422,-117.001804,True,1
440402,Arkansas State University-Newport,ASUN ASU-Newport ASU Newport Arkansas State University Newport Arkansas State University - Newport,arkansas-state-university-newport,Newport,AR,72112,https://www.asun.edu/,35.640492,-91.190594,True,1
440651,Atenas University,AUDMLH,atenas-university,Manati,PR,00674-0000,https://www.atenasuniversity.edu/,18.429776,-66.488422,True,1
440730,Onondaga Cortland Madison BOCES,OCM BOCES,onondaga-cortland-madison-boces,Liverpool,NY,13088,https://ocmboces.org/,43.096302,-76.174381,True,1
440776,Interactive College of Technology,,interactive-college-of-technology-2,Pasadena,TX,77502,https://www.ict.edu/campuses/tx/pasadena/,29.690435,-95.213765,True,3
440794,Pillar College,,pillar-college,Newark,NJ,07102,https://www.pillar.edu/,40.738539,-74.169153,True,1
440828,Oregon State University-Cascades Campus,,oregon-state-university-cascades-campus,Bend,OR,97702,https://osucascades.edu/,44.042795,-121.333703,False,2
440855,Milan Institute-Amarillo,,milan-institute-amarillo,Amarillo,TX,79106,https://www.milaninstitute.edu/,35.185278,-101.916984,False,2
440916,Southern University Law Center,,southern-university-law-center,Baton Rouge,LA,70813,https://www.sulc.edu/,30.523898,-91.194417,False,1
440989,Career Schools of Texas,,career-schools-of-texas,Houston,TX,77036,https://www.txbarber.edu/,29.69036,-95.532975,True,4
441052,American Career College-Anaheim,,american-career-college-anaheim,Anaheim,CA,92801-0000,https://americancareercollege.edu/,33.849912,-117.975599,False,2
441070,Saginaw Chippewa Tribal College,,saginaw-chippewa-tribal-college,Mount Pleasant,MI,48858,https://www.sagchip.edu/,43.612084,-84.731121,True,1
441104,Richmont Graduate University,,richmont-graduate-university,Chattanooga,TN,37404,https://www.richmont.edu/,35.036337,-85.274642,True,1
441131,The Seattle School of Theology & Psychology,The Seattle School,the-seattle-school-of-theology-psychology,Seattle,WA,98144,https://theseattleschool.edu/,47.613373,-122.350945,True,1
441210,East Valley Institute of Technology,EVIT,east-valley-institute-of-technology,Mesa,AZ,85201,https://www.evit.edu/,33.412268,-111.863966,True,1
441229,Smith Chason College,,smith-chason-college,Los Angeles,CA,90010,https://smithchason.edu/,34.061409,-118.302836,True,1
441256,Design's School of Cosmetology,,design-s-school-of-cosmetology,Paso Robles,CA,93446,https://www.designsschool.edu/,35.648459,-120.672526,True,1
441371,Ultimate Medical Academy,,ultimate-medical-academy,Clearwater,FL,33755-4933,https://www.ultimatemedical.edu/,27.965294,-82.78558,True,1
441414,M-DCPS The English Center,The English Center,m-dcps-the-english-center,Miami,FL,33133-2703,https://www.tecmiami.com/,25.74027,-80.25167,True,1
441423,Florida Education Institute,,florida-education-institute,Miami,FL,33144,https://www.fei.edu/,25.76325,-80.290496,True,1
441487,Texas County Technical College,Bolivar Technical College,texas-county-technical-college,Houston,MO,65483,https://www.texascountytech.edu/,37.300967,-91.964963,True,1
441496,Aviation Institute of Maintenance-Kansas City,,aviation-institute-of-maintenance-kansas-city,Kansas City,MO,64129,https://aviationmaintenance.edu/campuses/kansas-city-mo,39.049869,-94.498289,True,1
441502,Blue Cliff College-Gulfport,,blue-cliff-college-gulfport,Gulfport,MS,39503,https://bluecliffcollege.edu/,30.442482,-89.039348,False,5
441575,Metropolitan Learning Institute,MLI,metropolitan-learning-institute,Rego Park,NY,11374,https://www.gettraining.org/,40.72921,-73.858441,True,1
441593,Orleans Niagara BOCES-Practical Nursing Program,,orleans-niagara-boces-practical-nursing-program,Lockport,NY,14094,https://www.onboces.org/,43.169631,-78.692579,True,1
441609,Yeshiva Shaarei Torah of Rockland,,yeshiva-shaarei-torah-of-rockland,Suffern,NY,10901-4003,https://www.yst.edu/,41.12362,-74.090159,True,1
441618,Leon Studio One School of Beauty Knowledge,Leon Studio One school,leon-studio-one-school-of-beauty-knowledge,Williamsville,NY,14221,https://www.leonstudioone.com/school/,42.961017,-78.752161,True,1
441636,American Institute of Alternative Medicine,AIAM,american-institute-of-alternative-medicine,Columbus,OH,43229,https://www.aiam.edu/,40.102442,-82.988733,True,1
441645,Brown Aveda Institute-Mentor,,brown-aveda-institute-mentor,Mentor,OH,44060,https://www.brownaveda.com/,41.672002,-81.324318,True,2
441663,Institute of Technology,,institute-of-technology-2,Salem,OR,97305,https://www.iot.edu/,44.969198,-122.967715,True,1
441672,Susquehanna County Career and Technology Center,SCCTC | Susq. Co. CTC | SCC&TC | Susquehanna Co. CTC |,susquehanna-county-career-and-technology-center,Springville,PA,18844,https://www.scctc-school.org/,41.7386,-75.9558,True,1
441690,Universidad Pentecostal Mizpa,,universidad-pentecostal-mizpa,Rio Piedras,PR,00928,https://mizpa.edu/,18.358258,-66.085117,True,1
441706,Caribbean Forensic and Technical College,,caribbean-forensic-and-technical-college,San Juan,PR,00907,https://www.caribbeanforensic.com/,18.45115,-66.074402,True,1
441742,Concorde Career College-Grand Prairie,,concorde-career-college-grand-prairie,Grand Prairie,TX,75052-3831,https://www.concorde.edu/campus/grand-prairie-texas,32.675369,-97.05498,True,1
441760,Lamar Institute of Technology,,lamar-institute-of-technology,Beaumont,TX,77705,https://www.lit.edu/,30.047885,-94.077126,True,1
441788,Aviation Institute of Maintenance-Dallas,N/A,aviation-institute-of-maintenance-dallas,Irving,TX,75061,https://aviationmaintenance.edu/campuses/dallas-tx,32.836068,-96.941822,True,1
441830,Healing Mountain Massage School,Healing Mountain,healing-mountain-massage-school,Salt Lake City,UT,84102-4002,https://www.healingmountain.edu/,40.761391,-111.876409,True,1
441858,Eastern Virginia Career College,EVCC,eastern-virginia-career-college,Fredericksburg,VA,22408,https://www.evcc.edu/,38.24116,-77.495581,True,1
441876,Rudy & Kelly Academy A Paul Mitchell Partner School,"Rudy & Kelly Academy, A Paul Mitchell Partner School",rudy-kelly-academy-a-paul-mitchell-partner-school,Virginia Beach,VA,23464,https://paulmitchell.edu/virginiabeach,36.779382,-76.189382,True,1
441900,Nevada State University,NS,nevada-state-university,Henderson,NV,89002,https://nevadastate.edu/,35.982345,-114.938044,True,1
441937,California State University-Channel Islands,CSU Channel Islands,california-state-university-channel-islands,Camarillo,CA,93012,https://www.csuci.edu/,34.162949,-119.04356,True,1
441982,Franklin W Olin College of Engineering,Olin College of Engineering,franklin-w-olin-college-of-engineering,Needham,MA,02492-1200,https://www.olin.edu/,42.293527,-71.263378,True,1
442064,Won Institute of Graduate Studies,,won-institute-of-graduate-studies,Warminster,PA,18974,https://www.woninstitute.edu/,40.201117,-75.078944,True,1
442073,Lincoln Technical Institute-Paramus,Lincoln Tech,lincoln-technical-institute-paramus,Paramus,NJ,07652-5002,https://www.lincolntech.edu/campus/paramus-nj,40.915145,-74.057574,False,5
442134,Pima Medical Institute-Colorado Springs,,pima-medical-institute-colorado-springs,Colorado Springs,CO,80919,https://pmi.edu/,38.914019,-104.820989,False,13
442240,Paul Mitchell the School-Costa Mesa,,paul-mitchell-the-school-costa-mesa,Costa Mesa,CA,92626,https://paulmitchell.edu/costamesa,33.695103,-117.927468,True,6
442295,Ave Maria School of Law,,ave-maria-school-of-law,Naples,FL,34119,https://www.avemarialaw.edu/,26.242138,-81.731358,True,1
442329,Tulsa Welding School-Jacksonville,"TWS, TWS Jacksonville",tulsa-welding-school-jacksonville,Jacksonville,FL,32216,https://www.tws.edu/,30.282647,-81.560428,False,5
442356,Saint Joseph's University - Lancaster,PA College,saint-joseph-s-university-lancaster,Lancaster,PA,17601,https://www.sju.edu/lancaster,40.060419,-76.247035,False,2
442426,St Louis College of Health Careers-Fenton,SLCHC,st-louis-college-of-health-careers-fenton,Fenton,MO,63026,https://www.slchc.edu/,38.544635,-90.470904,True,2
442435,Interactive College of Technology-Gainesville,,interactive-college-of-technology-gainesville,Gainesville,GA,30504,https://www.ict.edu/,34.276597,-83.855524,False,4
442444,San Joaquin Valley College-Ontario,,san-joaquin-valley-college-ontario,Ontario,CA,91764-5107,https://sjvc.edu/,34.068584,-117.55038,False,17
442523,Alaska Christian College,,alaska-christian-college,Soldotna,AK,99669,https://www.alaskacc.edu/,60.490459,-151.136005,True,1
442569,University of Arkansas Grantham,,university-of-arkansas-grantham,LIttle Rock,AR,72207,https://www.uagrantham.edu/,34.775996,-92.343582,True,1
442602,Carrington College-Albuquerque,Carrington College-Albuquerque,carrington-college-albuquerque,Albuquerque,NM,87107-1642,https://carrington.edu/,35.110048,-106.633361,False,5
442611,Universal Technical Institute-Mooresville,Universal Technical Institute of Mooresville,universal-technical-institute-mooresville,Mooresville,NC,28117,https://www.uti.edu/,35.605305,-80.855128,False,6
442639,University of the Potomac-VA Campus,,university-of-the-potomac-va-campus,FALLS CHURCH,VA,22043-2536,https://www.potomac.edu/,38.906944,-77.216062,False,2
442657,Milan Institute-Palm Desert,,milan-institute-palm-desert,Palm Desert,CA,92211,https://www.milaninstitute.edu/,33.783343,-116.353268,True,2
442781,Tohono O'odham Community College,,tohono-o-odham-community-college,Sells,AZ,85634-3129,https://www.tocc.edu/,31.989869,-111.715445,True,1
442806,Edward Via College of Osteopathic Medicine,VCOM,edward-via-college-of-osteopathic-medicine,Blacksburg,VA,24060,https://www.vcom.edu/,37.199747,-80.406089,True,1
442842,Pacific College of Health and Science,,pacific-college-of-health-and-science-3,Chicago,IL,60606,https://www.pacificcollege.edu/,41.886588,-87.625488,False,3
442879,Southwest Institute of Healing Arts,SWIHA,southwest-institute-of-healing-arts,Tempe,AZ,85282,https://swiha.edu/,33.39428,-111.913584,True,1
442888,InterCoast Colleges-Riverside,,intercoast-colleges-riverside,Riverside,CA,92508,https://www.intercoast.edu/,33.888511,-117.281383,False,4
442976,Brighton Center's Center for Employment Training,CET,brighton-center-s-center-for-employment-training,Newport,KY,41071-1968,https://www.brightoncenter.com/,39.092904,-84.490096,True,1
442985,California Healing Arts College,CALIFORNIA HEALING ARTS COLLEGE,california-healing-arts-college,Carson,CA,90746-7323,https://www.chac.edu/,33.844718,-118.265919,True,1
443021,Dallas Barber & Stylist College,,dallas-barber-stylist-college,Dallas,TX,75243,https://www.dallasbarberandstylistcollege.com/,32.909891,-96.737009,True,1
443030,Endeavor Health School of Nurse Anesthesia-DePaul University,,endeavor-health-school-of-nurse-anesthesia-depaul-university,Evanston,IL,60201-1718,https://www.endeavorhealth.org/academics-medical-education/specialized-training-programs/school-of-nurse-anesthesia,42.065549,-87.684445,True,1
443049,Faith International University,Faith Seminary,faith-international-university,Tacoma,WA,98407-2607,https://www.faithiu.edu/,47.280168,-122.51687,True,1
443058,Family of Faith Christian University,Family of Faith College,family-of-faith-christian-university,Shawnee,OK,74804,https://www.familyoffaith.edu/,35.462234,-96.901413,True,1
443076,Hood Theological Seminary,,hood-theological-seminary,Salisbury,NC,28144,https://www.hoodseminary.edu/,35.644603,-80.480643,True,1
443100,Colegio Educativo Tecnologico Industrial Inc,,colegio-educativo-tecnologico-industrial-inc,Arecibo,PR,00612-0000,https://www.ceticollege.com/,18.471007,-66.714906,True,1
443137,Irene's Myomassology Institute,,irene-s-myomassology-institute,Southfield,MI,48033,https://irenes.edu/,42.480113,-83.287169,True,1
443146,Jay's Technical Institute,Jay's Barber College     JTI,jay-s-technical-institute,Houston,TX,77071,https://jaystechnicalinstitute.edu/,29.64877,-95.525281,True,1
443216,P C Age-Jersey City,PC AGE Career Institute,p-c-age-jersey-city,Jersey City,NJ,07306,https://www.pcage.edu/,40.732114,-74.06691,True,2
443225,PC AGE-Metropark,,pc-age-metropark,Iselin,NJ,08830,https://www.pcage.edu/,40.561771,-74.325692,False,2
443234,Hollywood Institute,"American Institute, School of Wellness and Beauty",hollywood-institute,Margate,FL,33063,https://www.hi.edu/,26.243429,-80.199738,True,1
443252,South Florida Institute of Technology,,south-florida-institute-of-technology,Miami,FL,33125,https://www.sf-institute.com/,25.780018,-80.239586,True,1
443261,Southeastern College-Charleston,SES-CHAS,southeastern-college-charleston,North Charleston,SC,29405,https://www.sec.edu/,32.900527,-80.027313,True,1
443289,TIGI Hairdressing Academy Legacy,,tigi-hairdressing-academy-legacy,Colorado Springs,CO,80918,https://www.tigihairdressingacademy.com/,38.905898,-104.777572,True,1
443298,Trend Barber College,,trend-barber-college,Houston,TX,77071-2202,https://trendbarbercollege.org/,29.65621,-95.522116,True,2
443322,Valley Grande Institute for Academic Studies,VGI,valley-grande-institute-for-academic-studies,Weslaco,TX,78596,https://vgi.edu/,26.158256,-97.990391,True,1
443331,West Coast University-Texas,,west-coast-university-texas,Richardson,TX,75080-2712,https://westcoastuniversity.edu/,34.187134,-118.39941,True,6
443340,Williamson Christian College,WCC  DBA- Williamson College,williamson-christian-college,Franklin,TN,37067,https://www.williamsoncc.edu/,35.95616,-86.828311,True,1
443410,DigiPen Institute of Technology,DIT|DigiPen|,digipen-institute-of-technology,Redmond,WA,98052,https://www.digipen.edu/,47.68871,-122.150603,True,1
443492,Pierpont Community and Technical College,,pierpont-community-and-technical-college,Fairmont,WV,26554,https://www.pierpont.edu/,39.432199,-80.192304,True,1
443562,Dewey University-Hato Rey,,dewey-university-hato-rey,Hato Rey,PR,00910,https://dewey.edu/,18.417614,-66.043033,False,4
443571,InterCoast Colleges-West Covina,,intercoast-colleges-west-covina,West Covina,CA,91791,https://www.intercoast.edu/,34.073357,-117.897148,True,4
443599,American College of Healthcare Sciences,,american-college-of-healthcare-sciences,Portland,OR,97239,https://www.achs.edu/,45.486902,-122.675858,True,1
443632,Colorado Media School,Ohio Center for Broadcasting Colorado Campus,colorado-media-school,Denver,CO,80237,https://beonair.com/,39.637456,-104.898784,False,3
443641,Paul Mitchell the School-Rhode Island,,paul-mitchell-the-school-rhode-island,Cranston,RI,02920,https://paulmitchell.edu/rhodeisland,41.755208,-71.459056,False,6
443650,Miller-Motte College-Chattanooga,,miller-motte-college-chattanooga,Chattanooga,TN,37411,https://www.miller-motte.edu/,35.034287,-85.181925,True,18
443669,Milan Institute-Sparks,,milan-institute-sparks,Sparks,NV,89431,https://www.milaninstitute.edu/,39.524564,-119.757909,False,2
443696,Interactive College of Technology,,interactive-college-of-technology-3,Houston,TX,77060-2303,https://www.ict.edu/campuses/tx/north-houston/,29.945555,-95.403559,False,3
443702,Bexley Hall Seabury Western Theological Seminary Federation Inc.,Bexley Hall Seminary  Bexley Hall   Bexley Hall Episcopal Seminary  Bexley Institute  Seabury-Western Theological Seminary,bexley-hall-seabury-western-theological-seminary-federation-inc,Chicago,IL,60637,https://www.bexleyseabury.edu/,41.785701,-87.591178,True,1
443766,Strayer University-Tennessee,,strayer-university-tennessee,Nashville,TN,37210,https://www.strayer.edu/campus-locations/tennessee/thousand-oaks,35.076643,-89.901042,False,22
443784,Strayer University-Pennsylvania,,strayer-university-pennsylvania,Philadelphia,PA,19102,https://www.strayer.edu/campus-locations/pennsylvania/lower-bucks-county,40.13955,-74.962991,False,22
443951,Charlie's Guard-Detective Bureau and Academy Inc,Charlie's Academy,charlie-s-guard-detective-bureau-and-academy-inc,Aguadilla,PR,00603,https://www.charliesacademy.edu/,18.469662,-67.153612,True,1
443979,PCI Academy-Plymouth,TSPA,pci-academy-plymouth,Plymouth,MN,55446,https://www.pci-academy.com/,45.033765,-93.508453,False,3
444051,Creative Images Institute of Cosmetology-South Dayton,Creative Images College of Beauty,creative-images-institute-of-cosmetology-south-dayton,Dayton,OH,45459,https://www.creativeimages.edu/,39.627019,-84.174179,False,2
444088,Brookline College-Albuquerque,,brookline-college-albuquerque,Albuquerque,NM,87102,https://www.brooklinecollege.edu/,35.0894,-106.649835,False,4
444103,Byzantine Catholic Seminary of Saints Cyril and Methodius,B.C.S.,byzantine-catholic-seminary-of-saints-cyril-and-methodius,Pittsburgh,PA,15214-2229,https://www.bcs.edu/,40.484409,-80.015825,True,1
444130,Northcentral University,,northcentral-university,San Diego,CA,92123,https://www.nu.edu/,32.829299,-117.127296,True,1
444194,Bayamon Community College,BCC,bayamon-community-college,Bayamon,PR,00961,https://www.bccpr.org/,18.398313,-66.155908,True,1
444219,Folsom Lake College,Folsom Lake | FLC,folsom-lake-college,Folsom,CA,95630,https://www.flc.losrios.edu/,38.661372,-121.127486,True,1
444228,LeGrand Institute of Cosmetology Inc,,legrand-institute-of-cosmetology-inc,Camden,SC,29020,https://www.legrandinstitute.com/,34.271931,-80.609117,True,1
444282,Empire Beauty School-Midlothian,,empire-beauty-school-midlothian,Midlothian,VA,23112,https://www.empire.edu/,37.43843,-77.593651,False,13
444291,Empire Beauty School-Owings Mills,,empire-beauty-school-owings-mills,Owings Mills,MD,21117,https://www.empire.edu/,39.403672,-76.761993,False,10
444307,Empire Beauty School-West Mifflin,,empire-beauty-school-west-mifflin,West Mifflin,PA,15122,https://www.empire.edu/,40.344669,-79.946147,False,10
444325,ATI College-Whittier,,ati-college-whittier,Whitter,CA,90603-0000,https://www.ati.edu/,33.948364,-118.003687,True,1
444334,Advance Science International College,ASICollege,advance-science-international-college,Miami Lakes,FL,33014,https://www.asicollege.edu/,25.924708,-80.284567,True,1
444361,ATA College,ATA College,ata-college,El Cajon,CA,92020,https://atacollege.edu/,32.819023,-116.981781,True,1
444370,American Advanced Technicians Institute,AATI,american-advanced-technicians-institute,Hialeah,FL,33014,https://www.aati.edu/,25.884901,-80.323025,True,1
444398,Baptist University of the Americas,,baptist-university-of-the-americas,San Antonio,TX,78224-1443,https://www.bua.edu/,29.342919,-98.541223,True,1
444404,The Beauty Institute,,the-beauty-institute-3,West  Palm Beach,FL,33409,https://thebeautyinstitute.edu/,26.710119,-80.111689,True,1
444413,Beis Medrash Heichal Dovid,,beis-medrash-heichal-dovid,Far Rockaway,NY,11691-4433,https://www.heichaldovid.org/,40.596845,-73.751633,True,1
444440,Blue Cliff Career College,,blue-cliff-career-college,Mobile,AL,36606,https://www.blue.edu/,30.670281,-88.114952,True,1
444468,Lawrenceburg Technical College,N/A,lawrenceburg-technical-college,Lawrenceburg,TN,38464,https://www.ltc.edu/,35.239905,-87.335851,True,1
444486,Paul Mitchell the School-Charlotte,Paul Mitchell the School Gastonia,paul-mitchell-the-school-charlotte,Charlotte,NC,28204,https://paulmitchell.edu/charlotte,35.214191,-80.827602,True,1
444529,Stellar Career College,Stellar Career College,stellar-career-college,Modesto,CA,95356,https://modesto.stellarcollege.edu/,37.701963,-121.071015,True,3
444556,Auguste Escoffier School of Culinary Arts-Austin,Escoffier - Austin,auguste-escoffier-school-of-culinary-arts-austin,Austin,TX,78752,https://www.escoffier.edu/,30.326455,-97.717865,True,1
444565,Culinary Institute Inc,Culinary Institute LeNotre,culinary-institute-inc,Houston,TX,77022-4322,https://www.culinaryinstitute.edu/,29.823623,-95.378633,True,1
444583,Escuela Hotelera de San Juan,,escuela-hotelera-de-san-juan,Hato Rey,PR,00917,https://www.escuelahotelera.edu/,18.417008,-66.046598,True,1
444635,Orion Institute,Healing Arts Institute,orion-institute,Perrysburg,OH,43551,https://www.oi.edu/,41.556265,-83.598514,True,1
444671,Industrial Technical College,,industrial-technical-college,Humacao,PR,00791,https://industrialtechnicalcollege.com/,18.149582,-65.828111,True,1
444699,Institute of Clinical Acupuncture & Oriental Medicine,,institute-of-clinical-acupuncture-oriental-medicine,Honolulu,HI,96817,https://www.orientalmedicine.edu/,21.313602,-157.86111,True,1
444714,Gwinnett College-Marietta Campus,Gwinnett College,gwinnett-college-marietta-campus,Marietta,GA,30067,https://www.gwinnettcollege.edu/,33.928592,-84.479102,True,1
444732,Leston College,,leston-college,Bayamon,PR,00961,https://www.lestoncollege.com/,18.399291,-66.154995,True,2
444778,Charlotte Christian College and Theological Seminary,CCCTS,charlotte-christian-college-and-theological-seminary,Charlotte,NC,28227-9446,https://www.charlottechristian.edu/,35.159664,-80.737194,True,1
444787,Nightingale College,Nightingale College-School of Nursing-School of Massage Therapy,nightingale-college,Salt Lake City,UT,84111,https://www.nightingale.edu/,40.767465,-111.887917,True,1
444811,PITC Institute,,pitc-institute,Wyncote,PA,19095,https://pitc.edu/,40.097592,-75.145122,True,1
444857,Skinworks School of Advanced Skincare,Skinworks School & Spa of Advanced Skincare,skinworks-school-of-advanced-skincare,Salt Lake City,UT,84115,https://www.skinworks.edu/,40.724925,-111.884177,True,1
444866,Southeastern College-Columbia,SES-COLA,southeastern-college-columbia,Columbia,SC,29223,https://www.sec.edu/,34.062946,-80.962083,True,1
444936,Turning Point Beauty College,,turning-point-beauty-college,Chandler,AZ,85225-4775,https://turningpointbeauty.com/,32.87795,-111.689601,True,1
444945,Unitech Training Academy-Lafayette,,unitech-training-academy-lafayette,Lafayette,LA,70506,https://www.unitechta.edu/,30.182982,-92.074298,True,6
444954,Mountwest Community and Technical College,MCTC,mountwest-community-and-technical-college,Huntington,WV,25701,https://www.mctc.edu/,38.392635,-82.458186,True,1
445027,American InterContinental University System,AIUS,american-intercontinental-university-system,Chandler,AZ,85286,https://www.aius.education/,33.278816,-111.804036,True,3
445054,Toyota Technological Institute at Chicago,TTIC,toyota-technological-institute-at-chicago,Chicago,IL,60637,https://www.ttic.edu/,41.784721,-87.592682,True,1
445133,American InterContinental University-Houston,AIU Houston,american-intercontinental-university-houston,Houston,TX,77042,https://www.aiuniv.edu/online-campus/campus-locations/houston,29.728216,-95.548302,False,3
445188,University of California-Merced,UC Merced,university-of-california-merced,Merced,CA,95343-5603,https://ucmerced.edu/,37.366237,-120.424944,True,1
445212,Paul Mitchell the School-Orlando,,paul-mitchell-the-school-orlando,Oviedo,FL,32765,https://paulmitchell.edu/orlando,28.663679,-81.234215,False,6
445230,Pima Medical Institute-Las Vegas,,pima-medical-institute-las-vegas,Las Vegas,NV,89121,https://pmi.edu/,36.114105,-115.102238,False,13
445249,Remington College-Nashville Campus,,remington-college-nashville-campus,Nashville,TN,37214,https://www.remingtoncollege.edu/locations/nashville-loc2252/,36.152337,-86.665629,False,10
445267,Central Methodist University-College of Graduate and Extended Studies,CMU - CGES,central-methodist-university-college-of-graduate-and-extended-studies,Fayette,MO,65248-1198,https://www.centralmethodist.edu/,39.150497,-92.685253,False,1
445364,North-West College-Riverside,,north-west-college-riverside,Riverside,CA,92503,https://nw.edu/,33.9145,-117.485881,False,4
445498,Colegio Tecnico de Electricidad Galloza,,colegio-tecnico-de-electricidad-galloza,Aguada,PR,00602,https://www.ctegpr.com/,18.354438,-67.176343,True,1
445540,Arthur's Beauty College,Arthur's Beauty College,arthur-s-beauty-college-2,Conway,AR,72032,https://www.arthursbeautycollege.com/,35.109764,-92.445479,True,2
445647,Spa Tech Institute-Westboro,,spa-tech-institute-westboro,Westborough,MA,01581,https://www.spatech.edu/,42.285984,-71.635686,False,4
445656,Spa Tech Institute-Plymouth,,spa-tech-institute-plymouth,Plymouth,MA,02360,https://www.spatech.edu/,41.958481,-70.704453,False,4
445692,Neumont College of Computer Science,,neumont-college-of-computer-science,Salt Lake City,UT,84111-1917,https://www.neumont.edu/,40.766096,-111.890573,True,1
445708,Johnson & Wales University-Charlotte,,johnson-wales-university-charlotte,Charlotte,NC,28202,https://www.jwu.edu/campuses/charlotte/,35.233502,-80.851208,False,2
445735,Roseman University of Health Sciences,Southern Nevada Educational Services Roseman University of Health Sciences    Nevada College of Pharmacy    University of Southern Nevada,roseman-university-of-health-sciences,Henderson,NV,89014,https://www.roseman.edu/,36.073182,-115.064633,True,1
445744,Fortis Institute-Port Saint Lucie,,fortis-institute-port-saint-lucie,Port Saint Lucie,FL,34952,https://www.fortis.edu/,27.3016,-80.303751,False,4
445762,Aviation Institute of Maintenance-Manassas,AIM,aviation-institute-of-maintenance-manassas,Manassas,VA,20109,https://aviationmaintenance.edu/campuses/nova,38.794493,-77.514594,True,1
445780,Cosmetology School of Arts & Sciences,CSAS,cosmetology-school-of-arts-sciences,Burley,ID,83318,https://cosmetologyschoolof-art.com/,42.561068,-113.78718,True,1
445799,Universal Technical Institute of Pennsylvania Inc,Universal Technical Institute - Exton,universal-technical-institute-of-pennsylvania-inc,Exton,PA,19341,https://www.uti.edu/,40.070513,-75.685133,False,5
445841,Kenneth Shuler School of Cosmetology-Spartanburg,,kenneth-shuler-school-of-cosmetology-spartanburg,Spartanburg,SC,29301,https://www.kennethshuler.com/,34.923366,-81.972727,False,3
445869,Divine Mercy University,DMU,divine-mercy-university,Sterling,VA,20166,https://www.divinemercy.edu/,38.979728,-77.437576,True,1
445911,Lincoln Technical Institute-Shelton,Lincoln Culinary Institute,lincoln-technical-institute-shelton,Shelton,CT,06484,https://www.lincolntech.edu/campus/shelton-ct,41.271974,-73.132014,False,8
445948,Northwest Career College,,northwest-career-college,Las Vegas,NV,89128,https://www.northwestcareercollege.edu/,36.203875,-115.255585,True,1
445957,Soma Institute-The National School of Clinical Massage Therapy,,soma-institute-the-national-school-of-clinical-massage-therapy,Chicago,IL,60604-4110,https://www.soma.edu/,41.878063,-87.62572,True,1
446002,American Academy of Health and Wellness,"American Academy of Traditional Chinese Medicine, Inc.",american-academy-of-health-and-wellness,Roseville,MN,55113,https://www.acupunctureschoolusa.com/,45.008212,-93.157929,True,1
446039,Arizona School of Acupuncture and Oriental Medicine,ASAOM,arizona-school-of-acupuncture-and-oriental-medicine,Tucson,AZ,85716-1518,https://www.asaom.edu/,32.264559,-110.929118,True,1
446048,Ave Maria University,AMU,ave-maria-university,Ave Maria,FL,34142-9505,https://www.avemaria.edu/,26.335983,-81.438945,True,1
446084,CALC Institute of Technology,CALC|CALC Inst. of Tech.|CALC Ins of Tech|CALC Institute,calc-institute-of-technology,Alton,IL,62002,https://calc.edu/,38.927494,-90.175979,True,1
446093,Sutter County Career Training Center,"Workforce Training Solutions, Inc. dba Cambridge Junior College",sutter-county-career-training-center,Yuba City,CA,95993,https://suttercountyctc.edu/,39.139961,-121.652275,True,1
446109,Cambridge College of Healthcare & Technology,"Cambridge Health Education I, LLC",cambridge-college-of-healthcare-technology,Altamonte Springs,FL,32714,https://www.cambridgehealth.edu/,28.66306,-81.375722,True,1
446118,Career Care Institute,CCI,career-care-institute,Lancaster,CA,93534,https://www.ccicolleges.edu/,34.678236,-118.15638,True,1
446127,ATA Career Education,A Technological Advantage,ata-career-education,Spring Hill,FL,34606,https://www.atafl.edu/,28.452699,-82.595376,False,3
446163,Community Christian College,CCC,community-christian-college,Quartzsite,AZ,85346,https://www.cccollege.edu/,34.068664,-117.217101,True,1
446206,Culpeper Cosmetology Training Center,,culpeper-cosmetology-training-center,Culpeper,VA,22701-1055,https://www.culpepercosmetology.com/,38.471182,-77.994727,True,1
446224,Eastern School of Acupuncture and Traditional Medicine,ESATM,eastern-school-of-acupuncture-and-traditional-medicine,Bloomfield,NJ,07003-3551,https://www.esatm.edu/,40.79361,-74.19716,True,1
446233,Ecclesia College,,ecclesia-college,Springdale,AR,72762,https://ecollege.edu/,36.2141,-94.236643,True,1
446242,Employment Solutions-College for Technical Education,"Employment Solutions, CTE",employment-solutions-college-for-technical-education,Lexington,KY,40517,https://cte.edu/,37.982131,-84.483346,True,1
446251,Estelle Medical Academy,,estelle-medical-academy,Skokie,IL,60077,https://www.estellemedical.edu/,42.059097,-87.74816,True,2
446260,Evergreen Beauty and Barber College-Everett,,evergreen-beauty-and-barber-college-everett,Everett,WA,98208,https://www.evergreenbeauty.edu/,47.909189,-122.221962,True,1
446288,Paul Mitchell the School-Great Lakes,Great Lakes Academy of Hair Design - Paul Mitchell Partner School,paul-mitchell-the-school-great-lakes,Port Huron,MI,48060,https://paulmitchell.edu/porthuron,42.978839,-82.458848,True,3
446303,Healthcare Training Institute,,healthcare-training-institute,Union,NJ,07083,https://www.htinj.edu/,40.696519,-74.268253,True,1
446349,John D Rockefeller IV Career Center,,john-d-rockefeller-iv-career-center,New Cumberland,WV,26047,https://www.jdrcc.net/,40.53276,-80.620719,True,1
446385,Los Angeles College of Music,DBA/Los Angeles College of Music,los-angeles-college-of-music,Pasadena,CA,91105,https://www.lacm.edu/,34.139293,-118.150113,True,1
446525,SAE Institute of Technology-Nashville,,sae-institute-of-technology-nashville,Nashville,TN,37203,https://usa.sae.edu/,36.15039,-86.790448,True,5
446552,Southern Technical College,,southern-technical-college-2,Orlando,FL,32809,https://www.southerntech.edu/,28.44862,-81.399661,True,1
446561,Stanbridge University,,stanbridge-university,Irvine,CA,92612,https://www.stanbridge.edu/,33.678879,-117.857636,True,1
446598,Universal College of Healing Arts,,universal-college-of-healing-arts,Omaha,NE,68112-1810,https://www.ucha.edu/,41.339162,-95.961539,True,1
446604,Uta Mesivta of Kiryas Joel,,uta-mesivta-of-kiryas-joel,Monroe,NY,10950,https://utam.edu/,41.333864,-74.161179,True,1
446640,Harrisburg University of Science and Technology,,harrisburg-university-of-science-and-technology,Harrisburg,PA,17101-2208,https://www.harrisburgu.edu/,40.26193,-76.880261,True,1
446774,Blue Ridge Community and Technical College,,blue-ridge-community-and-technical-college,Martinsburg,WV,25403,https://www.blueridgectc.edu/,39.43529,-78.001918,True,1
447014,Daytona College,,daytona-college,Ormond Beach,FL,32174-8445,https://daytonacollege.edu/,29.270088,-81.080155,True,1
447023,Delta Technical College-Mississippi,,delta-technical-college-mississippi,Horn Lake,MS,38637,https://www.deltatechnicalcollege.com/,34.955269,-89.99937,False,3
447050,United States University,USU,united-states-university,Sandy Springs,CA,30328,https://www.usuniversity.edu/,32.761148,-117.162166,True,1
447148,Empire Beauty School-Avondale,,empire-beauty-school-avondale,Avondale,AZ,85323,https://www.empire.edu/,33.463388,-112.274477,False,9
447166,Empire Beauty School-Littleton,,empire-beauty-school-littleton,Littleton,CO,80123,https://www.empire.edu/,39.608128,-105.097089,False,7
447175,Empire Beauty School-Aurora,,empire-beauty-school-aurora,Aurora,CO,80017,https://www.empire.edu/,39.695935,-104.792572,False,7
447263,Joyce University of Nursing and Health Sciences,Joyce University of Nursing and Health Sciences,joyce-university-of-nursing-and-health-sciences,Draper,UT,84020-6545,https://www.joyce.edu/,40.527932,-111.892792,True,1
447351,San Joaquin Valley College-Modesto,,san-joaquin-valley-college-modesto,Salida,CA,95368-9090,https://www.sjvc.edu/,37.717403,-121.092991,False,17
447421,Eagle Gate College-Layton,,eagle-gate-college-layton,Layton,UT,84041,https://www.eaglegatecollege.edu/,41.073374,-111.973885,False,3
447449,Academy Of Hair Design,,academy-of-hair-design,Jasper,TX,75951,https://academyofhairdesignlufkin.com/,30.908648,-94.004879,False,2
447467,Unitech Training Academy-West Monroe,,unitech-training-academy-west-monroe,West Monroe,LA,71291,https://www.unitechta.edu/,32.506463,-92.129419,False,6
447582,New River Community and Technical College,,new-river-community-and-technical-college,Beaver,WV,25813-8987,https://www.newriver.edu/,37.76767,-81.136085,True,1
447591,The College of Health Care Professions-Southwest Houston,,the-college-of-health-care-professions-southwest-houston,Houston,TX,77074,https://www.chcp.edu/,29.701897,-95.517146,False,7
447607,UEI College-Chula Vista,,uei-college-chula-vista,Chula Vista,CA,91911-3262,https://www.uei.edu/,32.608605,-117.065355,False,12
447616,UEI College-West Covina,,uei-college-west-covina,West Covina,CA,91731-2806,https://www.uei.edu/,34.075984,-117.90946,False,12
447689,Georgia Gwinnett College,,georgia-gwinnett-college,Lawrenceville,GA,30043,https://www.ggc.edu/,33.979409,-84.00459,True,1
447698,Phoenix Institute of Herbal Medicine & Acupuncture,PIHMA College & Clinic,phoenix-institute-of-herbal-medicine-acupuncture,Phoenix,AZ,85012,https://www.pihma.edu/,33.52289,-112.068783,True,1
447704,Tucson College of Beauty,,tucson-college-of-beauty,Tucson,AZ,85705,https://tucsoncollegeofbeauty.com/,32.278944,-110.996047,True,1
447713,California Career College,,california-career-college,Canoga Park,CA,91303-2006,https://www.californiacareercollege.edu/,34.197566,-118.601794,True,1
447722,Palladium Technical Academy Inc,,palladium-technical-academy-inc,Temple City,CA,91780,https://palladium.edu/,34.091838,-118.04358,True,1
447731,Los Angeles College of Aesthetics,,los-angeles-college-of-aesthetics,Los Angeles,CA,90006,https://www.palacebeautycollege.com/,34.044739,-118.309491,True,1
447759,National Polytechnic College,NPCollege,national-polytechnic-college,Lakewood,CA,90712,https://npcollege.edu/,33.860528,-118.143809,True,1
447768,American Career College-Ontario,,american-career-college-ontario,Ontario,CA,91764,https://americancareercollege.edu/,34.068204,-117.583814,True,1
447777,Asher College,,asher-college,Sacramento,CA,95825,https://www.asher.edu/,38.587784,-121.415767,True,1
447795,American Institute of Massage Therapy,"Total Looks Corporation, Inc. dba American Institute of Massage Therapy, Inc",american-institute-of-massage-therapy,Santa Ana,CA,92705-5411,https://www.aimtinc.com/,33.713238,-117.847971,True,1
447801,University of East-West Medicine,,university-of-east-west-medicine,Sunnyvale,CA,94085-3922,https://www.uewm.edu/,37.3864,-121.997011,True,1
447810,Blake Austin College,,blake-austin-college,Vacaville,CA,95688,https://www.blakeaustincollege.edu/,38.353851,-121.983781,True,1
447847,Aviator College of Aeronautical Science and Technology,"Ari Ben Aviator,Inc.",aviator-college-of-aeronautical-science-and-technology,Fort Pierce,FL,34946,https://www.aviator.edu/,27.48718,-80.367303,True,2
447865,Trendsetters School of Beauty & Barbering,,trendsetters-school-of-beauty-barbering,Jacksonville,FL,32205,https://trendsettersjax.com/,30.30832,-81.741549,True,1
447883,American Institute of Beauty,,american-institute-of-beauty,Largo,FL,33771,https://www.aibschool.edu/,27.915072,-82.749094,True,1
447892,North Florida Cosmetology Institute,NFCI,north-florida-cosmetology-institute,Tallahassee,FL,32312,https://cosmetologyinst.com/,30.476972,-84.294583,True,1
447908,Florida Academy of Health & Beauty,,florida-academy-of-health-beauty,Oakland Park,FL,33311,https://flacademyofbeauty.edu/,26.16627,-80.181569,True,1
447917,Augusta School of Massage,,augusta-school-of-massage,Evans,GA,30809,https://www.augustamassage.com/,33.529159,-82.135503,True,1
447935,ATA College,,ata-college-2,Louisville,KY,40223,https://www.ata.edu/,38.223667,-85.563365,True,3
447953,SUM Bible College and Theological Seminary,School of Urban Missions,sum-bible-college-and-theological-seminary,El Dorado Hills,CA,95762,https://www.sum.edu/,38.620833,-121.054758,True,1
447962,Compass Career College,,compass-career-college,Hammond,LA,70403,https://www.compasscareercollege.net/,30.476327,-90.479356,True,1
447980,Nuvo College of Cosmetology,,nuvo-college-of-cosmetology,Norton Shores,MI,49441,https://www.tcbeautycollege.com/,43.190304,-86.266315,True,1
447999,WellSpring School of Allied Health-Kansas City,WellSpring,wellspring-school-of-allied-health-kansas-city,Kansas City,MO,64114-3313,https://www.wellspring.edu/,38.963226,-94.604997,True,4
448026,The Salon Professional Academy-Fargo,,the-salon-professional-academy-fargo,Fargo,ND,58103,https://www.tspafargo.com/,46.859013,-96.858729,True,1
448071,Aveda Arts & Sciences Institute-New York,,aveda-arts-sciences-institute-new-york,New York,NY,10013,https://avedaarts.edu/,40.725861,-74.00497,True,1
448123,MyrAngel Beauty Institute,,myrangel-beauty-institute,San Lorenzo,PR,00754,https://myrangelbeautyinstitute.com/,18.188811,-65.961757,True,1
448196,Texas Health School,,texas-health-school,Houston,TX,77079,https://ths.edu/,29.783709,-95.586269,True,1
448220,Paul Mitchell the School-Logan,,paul-mitchell-the-school-logan,Logan,UT,84341,https://paulmitchell.edu/logan,41.754419,-111.83008,True,1
448239,Careers Unlimited,Utah College of Dental Hygiene,careers-unlimited,Orem,UT,84058,https://www.ucdh.edu/home,40.275775,-111.731006,True,1
448248,Mountainland Technical College,MTECH,mountainland-technical-college,Lehi,UT,84048,https://mtec.edu/,40.419941,-111.886031,True,1
448257,Avi Career Training,,avi-career-training,vienna,VA,22182,https://www.avicareertraining.com/,38.974295,-77.296823,True,1
448275,Mountain State School of Massage,,mountain-state-school-of-massage,Charleston,WV,25304,https://www.mtnstmassage.com/,38.317659,-81.579417,True,1
448372,San Joaquin Valley College-Rancho Cordova,,san-joaquin-valley-college-rancho-cordova,Rancho Cordova,CA,95670-5642,https://www.sjvc.edu/,38.595187,-121.28191,False,17
448424,Broken Arrow Beauty College,BA Beauty College,broken-arrow-beauty-college,Broken Arrow,OK,74012,https://www.babeautycollege.com/,36.029773,-95.797013,True,1
448433,Universal Technical Institute of Northern California Inc,Universal Technical Institute - Sacramento,universal-technical-institute-of-northern-california-inc,Sacramento,CA,95834,https://www.uti.edu/,38.64575,-121.529503,False,3
448594,Lemoore College,,lemoore-college,Lemoore,CA,93245,https://lemoorecollege.edu/,36.292431,-119.823866,True,1
448600,Stautzenberger College-Brecksville,,stautzenberger-college-brecksville,Brecksville,OH,44141,https://www.sctoday.edu/,41.288862,-81.645056,False,3
448646,Unitech Training Academy-Houma,,unitech-training-academy-houma,Houma,LA,70364,https://www.unitechta.edu/,29.633202,-90.75482,False,6
448673,Rasmussen University-Illinois,Parent is Rockford,rasmussen-university-illinois,Rockford,IL,61108-2513,https://rasmussen.edu/,42.267628,-88.998854,False,19
448691,International Institute for Restorative Practices,IIRP Graduate School,international-institute-for-restorative-practices,Bethlehem,PA,18018,https://iirp.edu/,40.621324,-75.382203,True,1
448770,Automotive Training Center-Warminster,,automotive-training-center-warminster,Warminster,PA,18974,https://www.autotraining.edu/,40.200656,-75.075375,False,2
448798,Empire Beauty School-Milwaukee,,empire-beauty-school-milwaukee,Milwaukee,WI,53221,https://www.empire.edu/,42.94256,-87.950452,False,9
448895,Milan Institute-Clovis,,milan-institute-clovis,Clovis,CA,93612,https://www.milaninstitute.edu/,36.810625,-119.725573,False,5
449038,Strayer University-Florida,,strayer-university-florida,Tampa,FL,33610,https://www.strayer.edu/campus-locations/florida/tampa-east,27.997442,-82.35991,False,22
449074,Pima Medical Institute-Renton,,pima-medical-institute-renton,Renton,WA,98057,https://pmi.edu/,47.469017,-122.211383,False,13
449083,College of Business and Technology,CBT Technology Institute - Flagler,college-of-business-and-technology,Miami,FL,33144,https://cbt.edu/,25.769052,-80.329161,True,3
449092,College of Business and Technology,CBT Technology Institute - Hialeah,college-of-business-and-technology-2,Hialeah,FL,33012,https://cbt.edu/,25.867003,-80.302213,False,3
449135,Dewey University-Juana Diaz,,dewey-university-juana-diaz,Juana Diaz,PR,00910,https://dewey.edu/,18.057023,-66.509285,False,4
449250,The College of Health Care Professions-San Antonio,,the-college-of-health-care-professions-san-antonio,San Antonio,TX,78229,https://chcp.edu/,29.488876,-98.576627,False,7
449311,Brittany Beauty Academy,,brittany-beauty-academy-3,Bronx,NY,10458,https://brittanyacademy.edu/,40.860976,-73.897121,False,2
449320,Lincoln Technical Institute-Whitestone,,lincoln-technical-institute-whitestone,Whitestone,NY,11357,https://www.lincolntech.edu/campus/queens-ny,40.784113,-73.82885,False,9
449339,American Public University System,American Military University American Public University,american-public-university-system,Charles Town,WV,25414,https://www.apus.edu/,39.287826,-77.860121,True,1
449348,Huntsville Bible College,,huntsville-bible-college,Huntsville,AL,35811,https://www.huntsvillebiblecollege.org/,34.750363,-86.594888,True,1
449357,Beaumont Adult School,,beaumont-adult-school,Beaumont,CA,92223,https://bas.beaumontusd.us/,33.951365,-116.964728,True,1
449384,Gnomon,,gnomon,North Hollywood,CA,91606-3324,https://www.gnomon.edu/,34.181916,-118.394477,True,1
449393,MJ Barber & Beauty Academy,MJ Barber & Beauty Academy,mj-barber-beauty-academy,La Quinta,CA,92253,https://www.mjbarberandbeautyacademy.com/,33.708193,-116.278254,True,2
449454,Academy of Natural Therapy Inc,,academy-of-natural-therapy-inc,Greeley,CO,80631-9441,https://www.natural-therapy.com/,40.426259,-104.691075,True,1
449463,Academy Di Capelli-School of Cosmetology,Academy Di Capelli,academy-di-capelli-school-of-cosmetology,Wallingford,CT,06492,https://www.academydicapelli.com/,41.490402,-72.806335,True,2
449472,The Salon Professional Academy,,the-salon-professional-academy-2,Dagsboro,DE,19939,https://www.tspadelaware.com/,38.541187,-75.256051,True,1
449481,Dragon Rises College of Oriental Medicine,Dragon Rises College,dragon-rises-college-of-oriental-medicine,Bradenton,FL,34207,https://www.dragonrises.edu/,27.419641,-82.575135,True,2
449506,SABER College,,saber-college,Miami,FL,33134,https://sabercollege.edu/,25.771518,-80.261299,True,1
449524,Taylor College,,taylor-college,Ocala,FL,34470,https://taylorcollege.edu/,29.189031,-82.102824,True,1
449603,Denmark College,Success Schools LLC.,denmark-college,Merrillville,IN,46410,https://www.denmarkcollege.edu/,41.469921,-87.357915,True,1
449612,Louisiana Culinary Institute,,louisiana-culinary-institute,Baton Rouge,LA,70816,https://www.lci.edu/,30.409979,-91.066085,True,1
449658,Bais Medrash Toras Chesed,,bais-medrash-toras-chesed,Lakewood,NJ,08701,https://www.bmtc.edu/,40.099704,-74.21127,True,1
449676,Ace Institute of Technology,,ace-institute-of-technology,New York,NY,10018,https://www.acecareer.edu/,40.753658,-73.993385,True,1
449685,New Age Training,,new-age-training,New York,NY,10001-4034,https://newagetraining.com/,40.748345,-73.991591,True,1
449700,Dayton School of Medical Massage,"Medical Dynamics, Inc.",dayton-school-of-medical-massage,Dayton,OH,45429,https://www.massageschools.com/,39.682932,-84.168901,True,5
449728,ATA College,,ata-college-3,Tulsa,OK,74146,https://www.ata.edu/campus/tulsa-ok/,36.097005,-95.853281,True,1
449764,Visible Music College,,visible-music-college,Memphis,TN,38103,https://www.visible.edu/,35.144586,-90.049381,True,1
449773,CCI Training Center-Arlington,,cci-training-center-arlington,Arlington,TX,76011,https://www.ccitraining.edu/,32.755006,-97.101289,True,1
449807,Southeast Texas Career Institute,,southeast-texas-career-institute,Silsbee,TX,77656,https://www.setxci.com/,30.341896,-94.169885,True,1
449816,Southwest Technical College,Southwest Tech,southwest-technical-college,Cedar City,UT,84720,https://stech.edu/,37.664147,-113.069916,True,1
449834,Virginia Beach Theological Seminary,,virginia-beach-theological-seminary,Virginia Beach,VA,23464-6847,https://www.vbts.edu/,36.765993,-76.189475,True,1
449861,Milwaukee Career College,,milwaukee-career-college,Milwaukee,WI,53222,https://mkecc.edu/,43.074192,-88.048714,True,1
449870,University of the West,UWest,university-of-the-west,Rosemead,CA,91770,https://www.uwest.edu/,34.045985,-118.082964,True,1
449889,American College of Education,,american-college-of-education,Indianapolis,IN,46204,https://www.ace.edu/,39.76975,-86.160161,True,1
449898,South University-Tampa,,south-university-tampa,Tampa,FL,33614-7095,"https://www.southuniversity.edu/tampa#location=Tampa, FL",27.982269,-82.500357,False,9
449904,Milan Institute of Cosmetology-San Antonio Military,,milan-institute-of-cosmetology-san-antonio-military,San Antonio,TX,78221,https://www.milaninstitute.edu/,29.358241,-98.500738,False,4
449922,Appalachian College of Pharmacy,,appalachian-college-of-pharmacy,Oakwood,VA,24631,https://www.acp.edu/,37.211629,-82.006195,True,1
449959,Paul Mitchell the School-Tampa,,paul-mitchell-the-school-tampa,Tampa,FL,33625,https://paulmitchell.edu/tampa,28.06864,-82.574571,False,6
449968,Paul Mitchell the School-San Diego,,paul-mitchell-the-school-san-diego,San Diego,CA,92101,https://paulmitchell.edu/sandiego,32.719128,-117.160838,False,6
449977,Paul Mitchell the School-Michigan,,paul-mitchell-the-school-michigan,Sterling Heights,MI,48313,https://paulmitchell.edu/sterlingheights,42.593439,-83.028804,False,6
449986,Paul Mitchell the School-Sherman Oaks,,paul-mitchell-the-school-sherman-oaks,Sherman Oaks,CA,91403,https://paulmitchell.edu/shermanoaks,34.154315,-118.467289,True,1
450058,Fortis College-Columbus,Bohecker College,fortis-college-columbus,Westerville,OH,43081,https://www.fortis.edu/,40.083063,-82.900188,False,5
450067,Fortis College-Cincinnati,Bohecker College,fortis-college-cincinnati,Cincinnati,OH,45246,https://www.fortis.edu/,39.283312,-84.444969,False,5
450128,Blue Cliff College-Alexandria,,blue-cliff-college-alexandria,Alexandria,LA,71301,https://bluecliffcollege.edu/,31.276699,-92.475371,False,5
450298,Strayer University-Delaware,,strayer-university-delaware,Wilmington,DE,19801,https://www.strayer.edu/campus-locations/delaware/wilmington,39.743357,-75.547914,False,22
450304,Brite Divinity School,,brite-divinity-school,Fort Worth,TX,76129,https://www.brite.edu/,32.710145,-97.359137,False,1
450377,Strayer University-Alabama,,strayer-university-alabama,Birmingham,AL,35203,https://www.strayer.edu/campus-locations/alabama/birmingham,33.513375,-86.80574,False,22
450395,Brown Aveda Institute-Strongsville,,brown-aveda-institute-strongsville,Strongsville,OH,44136,https://www.brownaveda.com/,41.312522,-81.826226,False,2
450401,Clary Sage College,,clary-sage-college,Tulsa,OK,74145,https://www.clarysagecollege.com/,36.117058,-95.903835,False,3
450571,Rasmussen University-Wisconsin,Parent is Green Bay,rasmussen-university-wisconsin,Green Bay,WI,54303-2349,https://rasmussen.edu/,44.526244,-88.080783,False,19
450599,Empire Beauty School-Richmond,,empire-beauty-school-richmond,Richmond,VA,23294,https://www.empire.edu/,37.634052,-77.550607,False,13
450605,Empire Beauty School-North Hills,,empire-beauty-school-north-hills,Pittsburgh,PA,15237,https://www.empire.edu/,40.51987,-80.004389,False,7
450614,Empire Beauty School-Concord,,empire-beauty-school-concord,Concord,NC,28027,https://www.empire.edu/,35.364022,-80.712059,False,7
450632,Lexington Healing Arts Academy,,lexington-healing-arts-academy,Lexington,KY,40503,https://www.lexingtonhealingarts.com/,38.013756,-84.522938,True,1
450641,Empire Beauty School-Hooksett,,empire-beauty-school-hooksett,Hooksett,NH,03106,https://www.empirebeautyschools.com/,43.054992,-71.44412,True,2
450650,The Institute of Beauty and Wellness,The Institute of Beauty and Wellness,the-institute-of-beauty-and-wellness,Milwaukee,WI,53202-0000,https://www.ibw.edu/,43.03494,-87.906535,True,2
450696,Carrington College-Stockton,Western Career College-Stockton,carrington-college-stockton,Stockton,CA,95207-5509,https://carrington.edu/,37.998992,-121.323199,False,16
450711,Trend Barber College,,trend-barber-college-2,Houston,TX,77090,https://trendbarbercollege.com/,29.982205,-95.435485,False,2
450933,Columbia Southern University,,columbia-southern-university,Orange Beach,AL,36561-9000,https://www.columbiasouthern.edu/,30.329288,-87.653162,True,1
450951,Arizona Culinary Institute,,arizona-culinary-institute,Scottsdale,AZ,85259,https://www.azculinary.edu/,33.581935,-111.831237,True,1
450960,Healthcare Career College,,healthcare-career-college,Paramount,CA,90723-5258,https://healthcarecareercollege.edu/,33.889719,-118.149645,True,1
450988,Coastline Beauty College,,coastline-beauty-college,Fountain Valley,CA,92708,https://www.coastlinebeauty.edu/,33.728821,-117.921471,True,2
451042,Branford Academy of Hair & Cosmetology,Branford Academy,branford-academy-of-hair-cosmetology,Branford,CT,06405,https://www.branfordacademy.com/,41.277187,-72.8537,True,2
451051,Academy of Massage and Bodywork,,academy-of-massage-and-bodywork,Bear,DE,19701,https://www.massage-academy.com/,39.628779,-75.666786,True,1
451079,Academy for Five Element Acupuncture,,academy-for-five-element-acupuncture,Gainesville,FL,32601,https://www.acupuncturist.edu/,29.650094,-82.321806,True,1
451097,Academy of Career Training,,academy-of-career-training,Kissimmee,FL,34741,https://academyofcareertraining.com/,28.306092,-81.439569,True,1
451103,Miami Regional University,,miami-regional-university,Miami Springs,FL,33166,https://www.mru.edu/,25.810667,-80.267007,True,1
451149,Aveda Institute-South Florida,,aveda-institute-south-florida,Davie,FL,33328,https://www.beaveda.com/,26.070447,-80.251766,True,1
451158,Aveda Institute-Tampa Bay,,aveda-institute-tampa-bay,Clearwater,FL,33761-2622,https://www.beaveda.com/,28.029221,-82.739008,True,1
451167,Shear Excellence Hair Academy,,shear-excellence-hair-academy,Tampa,FL,33614,https://shearexcell.edu/,28.027145,-82.503396,True,1
451194,Carlson College of Massage Therapy,,carlson-college-of-massage-therapy,Anamosa,IA,52205,https://www.carlsoncollege.com/,42.103743,-91.356125,True,1
451228,MyComputerCareer at Indianapolis,MyComputerCareer,mycomputercareer-at-indianapolis,Indianapolis,IN,46241,https://www.mycomputercareer.edu/,39.729314,-86.25478,True,1
451237,Z Hair Academy,Z Hair Academy Inc.,z-hair-academy,Overland Park,KS,66223,https://www.zhairacademy.com/,38.867002,-94.666351,True,1
451255,DiGrigoli School of Cosmetology,,digrigoli-school-of-cosmetology,West Springfield,MA,01089,https://www.digrigoli.com/school,42.146311,-72.630272,True,1
451282,Elevate Salon Institute,Elevate Salon Institute formerly known as The Gallery College of Beauty,elevate-salon-institute,Royal Oak,MI,48073,https://esimichigan.com/,42.525165,-83.164514,True,2
451291,Lakewood School of Therapeutic Massage,,lakewood-school-of-therapeutic-massage,Port Huron,MI,48060,https://lakewoodschool.edu/,42.97236,-82.425714,True,1
451307,The Salon Professional Academy-Battle Creek,The Salon Professional Academy,the-salon-professional-academy-battle-creek,Battle Creek,MI,49015,https://www.tspabattlecreek.com/,42.297776,-85.224127,True,1
451316,Trend Setters School,,trend-setters-school,Cape Girardeau,MO,63703-7607,https://www.trendsettersschool.com/,37.285482,-89.556451,True,1
451334,Academy of Hair Design-Springfield,,academy-of-hair-design-springfield,Springfield,MO,65804,https://aohd.edu/,37.180584,-93.261354,True,2
451343,Corinth Academy of Cosmetology,Corinth Academy,corinth-academy-of-cosmetology,Corinth,MS,38834,https://cac.edu/,34.934036,-88.520546,True,1
451352,Southeastern College-Charlotte,,southeastern-college-charlotte,Charlotte,NC,28217,https://www.sec.edu/,35.152455,-80.894622,True,1
451370,Yeshivas Be'er Yitzchok,,yeshivas-be-er-yitzchok,Elizabeth,NJ,07208,https://yeshivasbeeryitzchok.org/,40.682465,-74.213255,True,1
451398,Yeshiva Toras Chaim,,yeshiva-toras-chaim,Lakewood,NJ,08701,https://ytclakewood.com/,40.098692,-74.182143,True,1
451404,Talmudical Seminary of Bobov,,talmudical-seminary-of-bobov,Brooklyn,NY,11219,https://www.independentrabbinicalcolleges.org/,40.634485,-73.995378,True,1
451413,Center for Allied Health Education,Allied Health Programs LLC,center-for-allied-health-education,Brooklyn,NY,11229,https://www.cahe.edu/,40.608783,-73.958977,True,1
451468,Aveda Fredric's Institute-Cincinnati,,aveda-fredric-s-institute-cincinnati,West Chester,OH,45069,https://www.avedafi.edu/cincinnati/,39.35541,-84.361091,True,1
451477,MyComputerCareer at Columbus,MyComputerCareer,mycomputercareer-at-columbus,Columbus,OH,43219,https://www.mycomputercareer.edu/,40.047771,-82.911015,True,1
451495,CDE Career Institute,,cde-career-institute,Tannersville,PA,18372,https://www.cde.edu/,41.033423,-75.303611,True,1
451501,Instituto Educativo Premier,Premier,instituto-educativo-premier,Ponce,PR,00730,https://premierponce.net/,18.010734,-66.61498,True,1
451510,Charleston School of Law,,charleston-school-of-law,Charleston,SC,29403,https://www.charlestonlaw.edu/,32.790942,-79.937382,True,1
451529,Elite College of Cosmetology,,elite-college-of-cosmetology,Lexington,TN,38351,https://www.elitecollegeofcosmetology.com/,35.657876,-88.409149,True,1
451547,Manuel and Theresa's School of Hair Design-Bryan,,manuel-and-theresa-s-school-of-hair-design-bryan,Bryan,TX,77803,https://www.manuelandtheresasschoolofhair.com/,30.667077,-96.370573,True,3
451556,Southwest University at El Paso,,southwest-university-at-el-paso,El Paso,TX,79925,https://southwestuniversity.edu/,31.786859,-106.411867,True,1
451565,Paul Mitchell the School-Austin,PMTX-Austin,paul-mitchell-the-school-austin,Austin,TX,78759,https://paulmitchell.edu/austin,30.386375,-97.740293,True,1
451574,Aveda Institute-Provo,Utah Institute LLC,aveda-institute-provo,Provo,UT,84601,https://avedainstituteprovo.com/,40.236621,-111.658335,True,1
451583,Dixie Technical College,Dixie Tech,dixie-technical-college,Saint George,UT,84770,https://www.dixietech.edu/,37.098418,-113.591475,True,1
451626,Victoria's Academy of Cosmetology,Victoria's academy,victoria-s-academy-of-cosmetology,Kennewick,WA,99336,https://www.victoriasacademy.edu/,46.206992,-119.118142,True,1
451714,Paul Mitchell the School-San Antonio,,paul-mitchell-the-school-san-antonio,San Antonio,TX,78259,https://paulmitchell.edu/sanantonio,29.610611,-98.465779,False,3
451750,Bryant & Stratton College-Wauwatosa,,bryant-stratton-college-wauwatosa,Wauwatosa,WI,53226,https://www.bryantstratton.edu/,43.043215,-88.050983,False,16
451857,Remington College-Houston Southeast Campus,,remington-college-houston-southeast-campus,League City,TX,77573,https://www.remingtoncollege.edu/locations/houston-texas/,29.501276,-95.118946,False,10
451866,Remington College-Shreveport Campus,,remington-college-shreveport-campus,Shreveport,LA,71118,https://www.remingtoncollege.edu/locations/shreveport-louisiana/,32.403166,-93.793578,False,10
451918,TC Beauty,Jenny Lea Academy of Cosmetology,tc-beauty,Johnson City,TN,37601-4626,https://www.jennyleaacademy.com/,36.32439,-82.354566,True,1
451927,Patrick Henry College,PHC,patrick-henry-college,Purcellville,VA,20132,https://www.phc.edu/,39.138687,-77.690939,True,1
452009,The Hair Academy,,the-hair-academy,Bismarck,ND,58501,https://thehairacademynd.com/,46.805857,-100.76032,True,1
452072,Ross Medical Education Center-New Baltimore,,ross-medical-education-center-new-baltimore,New Baltimore,MI,48047-1581,https://rosseducation.edu/,42.677429,-82.751334,False,7
452081,Ross College-Sylvania,,ross-college-sylvania,Sylvania,OH,43560-2265,https://rosseducation.edu/,41.714006,-83.680536,False,11
452106,Escuela De Troqueleria Y Herramentaje,,escuela-de-troqueleria-y-herramentaje,Bayamon,PR,00959,https://escuelatroqueleria.jimdo.com/,18.374732,-66.143939,False,5
452124,Fortis Institute-Nashville,Fortis Institute - Nashville,fortis-institute-nashville,Nashville,TN,37211,https://www.fortis.edu/,36.084542,-86.696299,False,4
452373,ATA College-Cincinnati,,ata-college-cincinnati,Cincinnati,OH,45246,https://www.ata.edu/,39.29671,-84.478867,False,3
452771,Dental Assistant Pro LLC-Columbus,Dental Assistant Pro,dental-assistant-pro-llc-columbus,Westerville,OH,43081,https://www.dentalassistantpro.com/,40.109752,-82.932055,False,1
452780,Dental Assistant Pro-Lebanon,Dental Assistant Pro,dental-assistant-pro-lebanon,Lebanon,OH,45036,https://www.dentalassistantpro.com/,39.445803,-84.190385,False,1
452887,Elite Welding Academy LLC,,elite-welding-academy-llc,Cincinnati,OH,45246-1013,https://www.eliteweldingacademy.com/,39.313738,-84.468434,True,2
452948,Galen College of Nursing-Cincinnati,,galen-college-of-nursing-cincinnati,Cincinnati,OH,45241,https://www.galencollege.edu/cincinnati,39.283693,-84.365946,False,23
453163,Strayer University-North Carolina,,strayer-university-north-carolina,Greensboro,NC,27407-2638,https://www.strayer.edu/campus-locations/north-carolina/greensboro,36.051694,-79.882713,False,22
453215,Strayer University-New Jersey,,strayer-university-new-jersey,Piscataway,NJ,08854,https://www.strayer.edu/campus-locations/new-jersey/piscataway,40.554506,-74.474974,False,22
453297,International Culinary Arts and Sciences Institute,"ICASI, Loretta Paganini School of Cooking dba Internatinal Culinary Arts and Sciences Institute",international-culinary-arts-and-sciences-institute,Chesterland,OH,44026,https://www.icasi.net/,41.523821,-81.331711,False,1
453756,Ohio Media School-Columbus,,ohio-media-school-columbus,Columbus,OH,43213,https://beonair.com/locations/columbus,39.955294,-82.8554,False,3
453792,Ohio Medical Career College,,ohio-medical-career-college,Dayton,OH,45417,https://www.omcc.edu/,39.742339,-84.195816,True,1
454227,Chamberlain University-Illinois,Chamberlain College of Nursing-Addison Chamberlain College of Nursing-Chicago Chamberlain College of Nursing-Tinley Park,chamberlain-university-illinois,Addison,IL,60101,https://www.chamberlain.edu/,41.949727,-88.038558,True,15
454236,Chamberlain University-Ohio,Chamberlain College of Nursing-Columbus,chamberlain-university-ohio,Columbus,OH,43219,https://www.chamberlain.edu/,40.054055,-82.912163,False,15
454245,Chamberlain University-Arizona,Chamberlain College of Nursing-Phoenix,chamberlain-university-arizona,Phoenix,AZ,85027,https://www.chamberlain.edu/,33.670583,-112.100547,False,15
454537,The Salon Professional Academy-Appleton,,the-salon-professional-academy-appleton,Appleton,WI,54914,https://www.tspaappleton.com/,44.26019,-88.457898,True,1
454546,Milan Institute of Cosmetology-Vacaville,,milan-institute-of-cosmetology-vacaville,Vacaville,CA,95688,https://www.milaninstitute.edu/,38.370051,-121.960688,False,4
454555,Milan Institute of Cosmetology-Reno,,milan-institute-of-cosmetology-reno,Reno,NV,89502,https://www.milaninstitute.edu/,39.485964,-119.788456,True,4
454582,Ottawa University-Online,OU Online,ottawa-university-online,Overland Park,KS,66211,https://www.ottawa.edu/,38.932055,-94.635461,False,4
454607,Paul Mitchell the School-Esani,,paul-mitchell-the-school-esani,Roswell,GA,30076,https://paulmitchell.edu/atlanta-esani,34.042224,-84.333674,True,1
454652,Paul Mitchell the School-Birmingham,Xcell Academy,paul-mitchell-the-school-birmingham,Hoover,AL,35216,https://paulmitchell.edu/birmingham,33.388978,-86.808018,True,1
454689,Taft University System,Taft Law School William Howard Taft University,taft-university-system,Denver,CO,80222,https://www.taftu.edu/,39.692532,-104.941215,True,1
454698,Mayfield College,,mayfield-college,Cathedral City,CA,92234,https://www.mayfieldcollege.edu/,33.790822,-116.458827,True,1
454722,Academy of Esthetics and Cosmetology,,academy-of-esthetics-and-cosmetology,San Fernando,CA,91340-3212,https://www.aecosmetology.com/,34.285043,-118.444228,True,1
454759,Borner's Barber College,,borner-s-barber-college,Los Angeles,CA,90047,https://www.bornersbarbercollege.com/,33.95588,-118.309291,True,1
454768,Paul Mitchell the School-Pasadena,,paul-mitchell-the-school-pasadena,Pasadena,CA,91101,https://paulmitchell.edu/pasadena,34.144765,-118.133403,True,1
454777,San Francisco Institute of Esthetics & Cosmetology Inc,SFIEC,san-francisco-institute-of-esthetics-cosmetology-inc,San Francisco,CA,94103,https://www.sfiec.edu/ and https://paulmitchell.edu/sanfrancisco,37.777043,-122.407083,True,1
454786,Laurus College,,laurus-college,San Luis Obispo,CA,93401,https://www.lauruscollege.edu/,35.2682,-120.669519,True,1
454795,Healing Hands School of Holistic Health,,healing-hands-school-of-holistic-health,Escondido,CA,92025,https://hhs.edu/,33.124571,-117.078694,True,1
454801,Career Development Institute Inc,,career-development-institute-inc,Los Angeles,CA,90035,https://cdi.edu/,34.045817,-118.386067,True,1
454810,Auguste Escoffier School of Culinary Arts-Boulder,AESCA - Boulder,auguste-escoffier-school-of-culinary-arts-boulder,Boulder,CO,80305,https://www.escoffier.edu/,39.983475,-105.250075,True,1
454829,Aspen University,,aspen-university,Phoenix,AZ,85040,https://aspen.edu/,33.412164,-111.981317,True,1
454838,Institute of Taoist Education and Acupuncture,ITEA,institute-of-taoist-education-and-acupuncture,Louisville,CO,80027,https://www.itea.edu/,39.987676,-105.139431,True,1
454856,Denver College of Nursing,,denver-college-of-nursing,Denver,CO,80202,https://www.denvercollegeofnursing.edu/,39.75303,-104.994725,True,2
454865,Cambridge College of Healthcare & Technology,Institute of Allied Medical Professions,cambridge-college-of-healthcare-technology-2,Delray Beach,FL,33484,https://www.cambridgehealth.edu/,26.438379,-80.123788,True,3
454874,Cozmo Beauty School,,cozmo-beauty-school,Bonita Springs,FL,34135,https://www.cozmo.edu/,26.330412,-81.7803,True,1
454917,Celebrity School of Beauty,,celebrity-school-of-beauty,Miami,FL,33144,https://www.celebrity.edu/,25.761658,-80.323333,True,2
454935,Evans Hairstyling College-Rexburg,,evans-hairstyling-college-rexburg,Rexburg,ID,83440,https://www.evanshairstylingcollege.com/,43.824716,-111.812372,True,1
454944,Paul Mitchell the School-Rexburg,,paul-mitchell-the-school-rexburg,Rexburg,ID,83440,https://paulmitchell.edu/rexburg,43.814348,-111.803591,True,1
454953,University of Aesthetics & Cosmetology,,university-of-aesthetics-cosmetology-2,Chicago,IL,60622-2151,https://uofac.edu/,41.906602,-87.671255,True,1
454962,The University of Aesthetics & Cosmetology,,the-university-of-aesthetics-cosmetology,Downers Grove,IL,60515,https://www.uofac.edu/,41.79354,-88.011242,True,1
454971,Tricoci University of Beauty Culture-Chicago NW,CNW,tricoci-university-of-beauty-culture-chicago-nw,Chicago,IL,60656,https://www.tricociuniversity.edu/,41.97766,-87.806767,True,1
454980,Tricoci University of Beauty Culture-Glendale Heights,GLH,tricoci-university-of-beauty-culture-glendale-heights,Glendale Heights,IL,60139,https://www.tricociuniversity.edu/,41.90467,-88.065213,True,2
454999,Tricoci University of Beauty Culture-Peoria,PEO,tricoci-university-of-beauty-culture-peoria,Peoria,IL,61614,https://www.tricociuniversity.edu/,40.746311,-89.601356,True,2
455008,Tricoci University of Beauty Culture-Rockford,RFD,tricoci-university-of-beauty-culture-rockford,Rockford,IL,61108,https://www.tricociuniversity.edu/,42.263898,-89.009435,True,1
455026,The Omega Studios' School of Applied Arts & Sciences,,the-omega-studios-school-of-applied-arts-sciences,Rockville,MD,20852,https://www.omegastudios.com/,39.06427,-77.113268,True,1
455062,French Academy of Cosmetology,,french-academy-of-cosmetology,Spring Lake,MI,49456,https://www.frenchacademyofcosmetology.com/,43.075898,-86.198004,True,1
455080,Paul Mitchell the School-Springfield,,paul-mitchell-the-school-springfield,Springfield,MO,65807,https://paulmitchell.edu/springfield,37.159135,-93.31815,True,1
455099,Urshan Graduate School of Theology,,urshan-graduate-school-of-theology,Wentzville,MO,63385,https://urshan.edu/ugst,38.808034,-90.830252,True,1
455105,Mississippi Institute of Aesthetics Nails & Cosmetology,Mississippi Institute,mississippi-institute-of-aesthetics-nails-cosmetology,Clinton,MS,39056,https://msinstitute.com/,32.330039,-90.327649,True,1
455114,College of Western Idaho,CWI,college-of-western-idaho,Nampa,ID,83687,https://cwi.edu/,43.614106,-116.507314,True,1
455141,Aveda Institute-Chapel Hill,,aveda-institute-chapel-hill,Chapel Hill,NC,27514-7001,https://avedafi.edu/chapel-hill/,35.927944,-79.026769,True,1
455178,Daoist Traditions College of Chinese Medical Arts,,daoist-traditions-college-of-chinese-medical-arts,Asheville,NC,28801,https://daoisttraditions.edu/,35.606831,-82.568537,True,1
455187,Total Image Beauty Academy,,total-image-beauty-academy,Union City,NJ,07087,https://www.tiba.edu/,40.77578,-74.026091,True,1
455196,Jersey College,,jersey-college,Teterboro,NJ,07608,https://www.jerseycollege.edu/,40.862137,-74.057936,True,19
455202,American Institute of Medical Sciences & Education,AIMS Education College of Health Sciences,american-institute-of-medical-sciences-education,Piscataway,NJ,08854,https://www.aimseducation.edu/,40.56114,-74.437251,True,1
455211,Casal Institute of Nevada,Aveda Institute Las Vegas,casal-institute-of-nevada,Las Vegas,NV,89119,https://www.avedalasvegas.com/,36.101143,-115.117387,True,1
455220,Career School of NY,,career-school-of-ny,Staten Island,NY,10301,https://careerschoolny.com/,40.641352,-74.078168,True,1
455257,Yeshiva of Machzikai Hadas,,yeshiva-of-machzikai-hadas,Brooklyn,NY,11219-1408,https://yeshivaofmachzikaihadas.com/,40.636104,-73.990592,True,1
455275,Aveda Institute-Columbus,,aveda-institute-columbus,Columbus,OH,43214,https://avedafi.edu/columbus/,40.062719,-83.043021,True,1
455284,Paul Mitchell the School-Cincinnati,,paul-mitchell-the-school-cincinnati,Cincinnati,OH,45241,https://paulmitchell.edu/cincinnati,39.291618,-84.392501,True,2
455327,Hands on Therapy,,hands-on-therapy,Mesquite,TX,75149,https://www.handsontherapyschools.com/,32.787719,-96.60627,True,1
455336,MediaTech Institute-Dallas,,mediatech-institute-dallas,Dallas,TX,75234,https://www.mediatech.edu/,32.92427,-96.902721,True,1
455354,Aveda Arts & Sciences Institute-San Antonio,,aveda-arts-sciences-institute-san-antonio,San Antonio,TX,78259-2792,https://avedaarts.edu/,29.637354,-98.452126,True,1
455381,Skin Science Institute,,skin-science-institute,Sandy,UT,84094,https://skinscienceinstitute.com/,40.564549,-111.851628,True,2
455406,Pacific Northwest University of Health Sciences,PNWU,pacific-northwest-university-of-health-sciences,Yakima,WA,98901,https://www.pnwu.edu/,46.602872,-120.45598,True,1
455433,The Chicago School at Anaheim,The Chicago School of Professional Psychology at Anaheim,the-chicago-school-at-anaheim,Anaheim,CA,92806,https://www.thechicagoschool.edu/in-the-community/locations/,33.804604,-117.882312,False,8
455460,Fortis College-Dothan,,fortis-college-dothan,Dothan,AL,36303,https://www.fortiscollege.edu/,31.243014,-85.37446,True,3
455479,Fortis Institute-Pensacola,"Capps College, Inc.",fortis-institute-pensacola,Pensacola,FL,32514,https://www.fortis.edu/,30.510415,-87.183112,False,3
455488,Fortis College-Montgomery,,fortis-college-montgomery,Montgomery,AL,36109,https://www.fortis.edu/,32.384006,-86.252163,False,3
455512,Woodland Community College,,woodland-community-college,Woodland,CA,95776,https://wcc.yccd.edu/,38.660392,-121.73533,True,1
455628,Fortis Institute-Birmingham,"Tri-State Computer Institute, Inc |DBA: Tri-State Institute",fortis-institute-birmingham,Birmingham,AL,35211,https://www.fortis.edu/,33.442921,-86.862659,False,4
455664,The Chicago School at Los Angeles,The Chicago School of Professional Psychology at Los Angeles,the-chicago-school-at-los-angeles,Los Angeles,CA,90017,https://www.thechicagoschool.edu/in-the-community/locations/,34.049478,-118.257045,True,8
455707,Cardiac and Vascular Institute of Ultrasound,CVIU,cardiac-and-vascular-institute-of-ultrasound,Mobile,AL,36606,https://www.ultrasound.edu/,30.650045,-88.112324,True,1
455725,Alturas Cosmetology of Arizona LLC,The Studio Academy of Beauty,alturas-cosmetology-of-arizona-llc,Chandler,AZ,85224,https://www.tsaob.com/,33.314894,-111.860316,True,1
455734,California Nurses Educational Institute,CNEI,california-nurses-educational-institute,Rancho Mirage,CA,92270,https://www.cnei.edu/,33.80042,-116.393371,True,1
455761,Paul Mitchell the School-Sacramento,,paul-mitchell-the-school-sacramento,Sacramento,CA,95825,https://paulmitchell.edu/sacramento/,38.594752,-121.41594,True,1
455770,Providence Christian College,,providence-christian-college,Pasadena,CA,91101,https://www.providencecc.edu/,34.149327,-118.141062,True,1
455798,Oxford Academy of Hair Design Inc,,oxford-academy-of-hair-design-inc,Seymour,CT,06483,https://www.oxfordhairacademy.com/,41.397798,-73.061063,True,1
455804,Institute of World Politics,,institute-of-world-politics,Washington,DC,20036,https://www.iwp.edu/,38.910537,-77.036112,True,1
455813,Pontifical John Paul II Institute for Studies on Marriage and Family,,pontifical-john-paul-ii-institute-for-studies-on-marriage-and-family,Washington,DC,20064-9997,https://www.johnpaulii.edu/,38.933246,-76.998606,True,1
455831,Medical Institute of Palm Beach,,medical-institute-of-palm-beach,Greenacres,FL,33463,https://www.medicalinstitutepb.edu/,26.620478,-80.134959,True,1
455859,Oliver Finley Academy of Cosmetology,Oliver Finley Academy,oliver-finley-academy-of-cosmetology,Boise,ID,83714,https://oliverfinley.com/,43.667102,-116.281478,True,1
455868,National Career College,,national-career-college,Panorama City,CA,91402,https://www.nccusa.edu/,34.22245,-118.446211,True,1
455877,The Aveda Institute of Beauty and Wellness Chicago,Aveda Institute Chicago,the-aveda-institute-of-beauty-and-wellness-chicago,Chicago,IL,60657,https://www.ibw.edu/,41.933493,-87.645838,True,1
455886,Tricoci University of Beauty Culture-Libertyville,LBV,tricoci-university-of-beauty-culture-libertyville,Libertyville,IL,60048,https://www.tricociuniversity.edu/,42.28167,-87.942702,True,2
455895,Tricoci University of Beauty Culture-Bridgeview,BRV,tricoci-university-of-beauty-culture-bridgeview,Bridgeview,IL,60455,https://www.tricociuniversity.edu/,41.734829,-87.80309,True,1
455901,The Temple-A Paul Mitchell Partner School,THE TEMPLE Frederick,the-temple-a-paul-mitchell-partner-school,Frederick,MD,21701,https://paulmitchell.edu/frederick,39.415249,-77.411651,True,2
455910,Center for Massage,,center-for-massage,Asheville,NC,28801,https://centerformassage.com/,35.593919,-82.55114,True,1
455929,The Academy of Hair Design LLC,,the-academy-of-hair-design-llc,Oklahoma City,OK,73134-8055,https://www.academyofhairdesignok.com/,35.612955,-97.557189,True,1
455965,COLLECTIV Academy-Cranston,,collectiv-academy-cranston,Cranston,RI,02920,https://collectivacademy.com/,41.734598,-71.478386,True,1
455974,South Texas Training Center,,south-texas-training-center,Pharr,TX,78577,https://www.southtexastraining.com/,26.211808,-98.177752,True,1
455983,Columbia College,,columbia-college-4,Vienna,VA,22182,https://www.ccdc.edu/,38.928425,-77.249152,True,1
455992,Vermont College of Fine Arts,VCFA,vermont-college-of-fine-arts,Montpelier,VT,05602,https://www.vcfa.edu/,44.25521,-72.567616,True,1
456029,Paul Mitchell the School-Memphis,,paul-mitchell-the-school-memphis,Memphis,TN,38111,https://paulmitchell.edu/memphis,35.129595,-89.947956,True,1
456038,Pima Medical Institute-East Valley,,pima-medical-institute-east-valley,Mesa,AZ,85209,https://pmi.edu/,33.376378,-111.689497,False,13
456065,Paul Mitchell the School-Cleveland,,paul-mitchell-the-school-cleveland,Twinsburg,OH,44087,https://paulmitchell.edu/cleveland,41.330927,-81.463033,True,1
456074,Paul Mitchell the School-Columbus,,paul-mitchell-the-school-columbus,Columbus,OH,43231,https://paulmitchell.edu/columbus,40.059575,-82.938765,True,1
456135,Empire Beauty School-Spring Lake Park,,empire-beauty-school-spring-lake-park,Spring Lake Park,MN,55432,https://www.empire.edu/,45.117185,-93.26237,False,7
456205,Miller-Motte College-Raleigh,,miller-motte-college-raleigh,Raleigh,NC,27604-6072,https://www.miller-motte.edu/,35.834569,-78.585676,False,18
456214,Lamson Institute,,lamson-institute,San Antonio,TX,78238,https://lamson.edu/,29.481426,-98.607504,False,3
456454,Fortis College-Salt Lake City,,fortis-college-salt-lake-city,Salt Lake City,UT,84107,https://www.fortis.edu/,40.685819,-111.870502,False,3
456490,Polytechnic University of Puerto Rico-Orlando,Polytechnic University of Puerto Rico-Orlando Campus,polytechnic-university-of-puerto-rico-orlando,Orlando,FL,32825,https://www.pupr.edu/orlando,28.55158,-81.253943,False,3
456506,Ross Medical Education Center-Fort Wayne,,ross-medical-education-center-fort-wayne,Fort Wayne,IN,46805-1046,https://rosseducation.edu/,41.115114,-85.14454,False,7
456515,Ross Medical Education Center-Battle Creek,,ross-medical-education-center-battle-creek,Battle Creek,MI,49015-9393,https://rosseducation.edu/,42.247801,-85.20031,False,9
456542,Geisinger Commonwealth School of Medicine,GCSOM,geisinger-commonwealth-school-of-medicine,Scranton,PA,18509,https://www.geisinger.edu/gchs,41.413415,-75.655478,True,1
456551,Josef's School of Hair Skin & Body-Fargo,Josef's West Academy,josef-s-school-of-hair-skin-body-fargo,Fargo,ND,58103,https://www.josefsschoolofhairdesign.com/,46.86216,-96.83183,False,2
456579,Miller-Motte College-Berks Technical Institute-Allentown,,miller-motte-college-berks-technical-institute-allentown,Allentown,PA,18109,https://www.berks.edu/,40.64006,-75.448981,False,18
456588,Salon Success Academy-Fontana,,salon-success-academy-fontana,Fontana,CA,92335,https://www.salonsuccessacademy.com/,34.099087,-117.437904,False,3
456597,Salon Success Academy-Redlands,,salon-success-academy-redlands,Redlands,CA,92373,https://www.salonsuccessacademy.com/,34.062342,-117.218933,False,3
456621,Strayer University-West Virginia,,strayer-university-west-virginia,Scott Depot,WV,25560,https://www.strayer.edu/campus-locations/west-virginia/teays-valley,38.454588,-81.92619,False,22
456825,Paul Mitchell the School-Baton Rouge,"Vanguard College of Cosmetology, A Paul Mitchell Partner School",paul-mitchell-the-school-baton-rouge,Baton Rouge,LA,70816,https://paulmitchell.edu/batonrouge,30.41107,-91.044491,False,2
456852,San Joaquin Valley College-Hesperia,,san-joaquin-valley-college-hesperia,Hesperia,CA,92344-8086,https://www.sjvc.edu/,34.420693,-117.383116,False,17
456922,South Texas Vocational Technical Institute-Brownsville,South Texas Vo-Tech,south-texas-vocational-technical-institute-brownsville,Brownsville,TX,78521,https://www.stvt.edu/,25.944046,-97.502052,False,18
456931,Miller-Motte College-STVT-Corpus Christi,,miller-motte-college-stvt-corpus-christi,Corpus Christi,TX,78416,https://www.stvt.edu/,27.739649,-97.433269,False,18
456959,University of Minnesota-Rochester,,university-of-minnesota-rochester,Rochester,MN,55904,https://r.umn.edu/,44.022339,-92.463471,False,2
456977,College of Business and Technology,CBT Technology Institute - Cutler Bay,college-of-business-and-technology-3,Cutler Bay,FL,33157,https://cbt.edu/,25.590468,-80.356565,False,3
457031,Capri Beauty College,Capri Beauty College,capri-beauty-college-2,New Lenox,IL,60451,https://capri.edu/,41.509958,-87.927816,True,2
457077,Milan Institute-Bakersfield,,milan-institute-bakersfield,Bakersfield,CA,93301,https://www.milaninstitute.edu/,35.385513,-119.023088,False,5
457086,Homestead Schools,,homestead-schools,Torrance,CA,90505,https://www.homesteadschools.net/,33.809096,-118.35009,True,2
457101,Carrington College-Las Vegas,Carrington College-Las Vegas,carrington-college-las-vegas,Las Vegas,NV,89119,https://carrington.edu/,36.08486,-115.118231,False,5
457110,Carrington College-Reno,Carrington College-Reno,carrington-college-reno,Reno,NV,89511,https://carrington.edu/,39.463165,-119.786947,False,2
457129,Chamberlain University-Florida,Chamberlain College of Nursing-Jacksonville Chamberlain College of Nursing-Miramar,chamberlain-university-florida,Jacksonville,FL,32256,https://www.chamberlain.edu/,30.243517,-81.586421,False,15
457192,Washington Barber College Inc,,washington-barber-college-inc,Little Rock,AR,72209-3820,https://www.washingtonbarbercollege.edu/,34.69065,-92.335352,True,1
457208,InterCoast Colleges-Rancho Cordova,,intercoast-colleges-rancho-cordova,Rancho Cordova,CA,95827,https://www.intercoast.edu/,38.561309,-121.334243,False,4
457226,Horizon University,,horizon-university,Indianapolis,IN,46236-2622,https://www.horizonuniversity.edu/,39.894654,-85.986809,True,1
457253,Beyond 21st Century Beauty Academy,,beyond-21st-century-beauty-academy,Santa Fe Springs,CA,90670,https://beyondcosmo.com/,33.916443,-118.041477,True,1
457271,Academy for Jewish Religion California,,academy-for-jewish-religion-california,Los Angeles,CA,90045,https://www.ajrca.edu/,33.97085,-118.415744,True,1
457299,Angeles College,,angeles-college,Los Angeles,CA,90010,https://www.angelescollege.edu/,34.061223,-118.29903,True,1
457314,Angeles Institute,,angeles-institute,ARTESIA,CA,90701-2713,https://www.angelesinstitute.edu/,33.875772,-118.080741,True,1
457323,Paul Mitchell the School-Temecula,Paul Mitchell The School Temecula,paul-mitchell-the-school-temecula,Temecula,CA,92591,https://paulmitchell.edu/temecula,33.507316,-117.146674,True,1
457332,TIGI Hairdressing Academy Guilford,TIGI Hairdressing Academy,tigi-hairdressing-academy-guilford,Guilford,CT,06437,https://tigiguilford.edu/,41.28773,-72.677612,True,1
457341,International Institute of Cosmetology,,international-institute-of-cosmetology,Wethersfield,CT,06109,https://www.studyhair.com/,41.707932,-72.661782,True,1
457350,Florida School of Traditional Midwifery,,florida-school-of-traditional-midwifery,Gainesville,FL,32601,https://midwiferyschool.org/,29.652269,-82.31585,True,1
457378,Emerald Coast Technical College,,emerald-coast-technical-college,DeFuniak Springs,FL,32433,https://www.ectc.edu/,30.73209,-86.128061,True,1
457387,Immokalee Technical College,iTECH College,immokalee-technical-college,Immokalee,FL,34142,https://www.itech.edu/,26.426526,-81.425148,True,1
457396,American Academy of Cosmetology,,american-academy-of-cosmetology,Orange Park,FL,32065,https://www.aacschool.com/,30.123757,-81.798803,True,1
457402,University of Fort Lauderdale,,university-of-fort-lauderdale,Lauderhill,FL,33313,https://uftl.edu/,26.147098,-80.204938,True,1
457411,Aviation Institute of Maintenance-Orlando,,aviation-institute-of-maintenance-orlando,Casselberry,FL,32707,https://aviationmaintenance.edu/campuses/orlando-fl,28.680653,-81.334196,True,2
457420,Summit Salon Academy,,summit-salon-academy,Tampa,FL,33624,https://summitsalonacademytampa.com/,28.051825,-82.525411,True,1
457439,Summit Salon Academy-Gainesville,Summit Salon Academy - Gainesville,summit-salon-academy-gainesville,Gainesville,FL,32607,https://www.ssag.edu/,29.654808,-82.416921,True,1
457448,Tenaj Salon Institute,,tenaj-salon-institute,The Villages,FL,32162,https://www.tenajsaloninstitute.edu/,28.929944,-82.028094,True,1
457466,Profile Institute of Barber-Styling,Profile,profile-institute-of-barber-styling,Atlanta,GA,30315,https://profileinstituteatl.com/,33.680654,-84.392992,True,1
457475,Keune Academy by 124,,keune-academy-by-124,Lawrenceville,GA,30043,https://www.keuneacademyby124.edu/,33.96488,-84.02253,True,1
457484,Pacific Rim Christian University,,pacific-rim-christian-university,Honolulu,HI,96819-2228,https://www.pacrim.edu/#home,21.328198,-157.888379,True,1
457493,Paul Mitchell the School-Twin Falls,,paul-mitchell-the-school-twin-falls,TWIN FALLS,ID,83301,https://paulmitchell.edu/twinfalls,42.555761,-114.469533,True,1
457527,Ambria College of Nursing,,ambria-college-of-nursing,Hoffman Estates,IL,60192,https://ambria.edu/,42.075628,-88.2109,True,1
457536,Midwestern Career College,,midwestern-career-college,Chicago,IL,60601,https://www.mccollege.edu/,41.886233,-87.632009,True,1
457563,Aveda Fredric's Institute-Indianapolis,,aveda-fredric-s-institute-indianapolis,Carmel,IN,46032,https://avedafi.edu/indianapolis/,39.959878,-86.117678,True,1
457572,Summit Salon Academy,,summit-salon-academy-2,Anderson,IN,46013,https://www.andersonsalonacademy.com/,40.063021,-85.654184,True,1
457581,Eric Fisher Academy,,eric-fisher-academy,Wichita,KS,67212,https://www.ericfisheracademy.com/,37.693713,-97.422011,True,1
457606,My Le's Beauty College,,my-le-s-beauty-college-2,Gretna,LA,70056,https://mylebeautycollegellc.com/,29.902428,-90.029931,True,1
457615,Blackstone Valley Vocational Regional School District,,blackstone-valley-vocational-regional-school-district,Upton,MA,01568-1499,https://www.valleytech.k12.ma.us/community/practicalnursing,42.16382,-71.616243,True,1
457633,L'esprit Academy,,l-esprit-academy,Canton,MI,48187-3669,https://www.lespritacademy.com/,42.321904,-83.457386,True,2
457642,Marketti Academy of Cosmetology,,marketti-academy-of-cosmetology,Waterford,MI,48329,https://www.marketticosmetology.com/,42.683352,-83.374733,True,1
457679,Avalon School of Cosmetology,,avalon-school-of-cosmetology,Worthington,MN,56187,https://www.avaloncosmetologyschool.com/,43.631842,-95.602503,True,1
457697,City Vision University,"TechMission, Inc",city-vision-university,Kansas City,MO,64106-3028,https://www.cityvision.edu/,39.101164,-94.569475,True,1
457749,Montana Academy of Salons,Montana Academy,montana-academy-of-salons,Great Falls,MT,59405,https://montanaacademy.edu/,47.49941,-111.303922,True,1
457767,National Career Institute,,national-career-institute,East Orange,NJ,07018,https://nciedu.com/,40.76137,-74.222091,True,1
457776,Paul Mitchell the School-Albuquerque,,paul-mitchell-the-school-albuquerque,Albuquerque,NM,87110,https://paulmitchell.edu/albuquerque,35.102306,-106.566537,True,2
457785,International Academy of Style,,international-academy-of-style,Reno,NV,89502-1559,https://www.internationalacademyofstyle.com/,39.516281,-119.783208,True,1
457794,EDP School,EDP School,edp-school,Brooklyn,NY,11235,https://edpschool.edu/,40.58605,-73.952901,True,1
457800,New York Medical Career Training Center,,new-york-medical-career-training-center,Flushing,NY,11354,https://nymedtraining.com/,40.7608,-73.829753,True,1
457819,Institute of Culinary Education,,institute-of-culinary-education,New York,NY,10281,https://www.ice.edu/,40.712449,-74.015637,True,2
457837,The Salon Professional Academy-Tonawanda,,the-salon-professional-academy-tonawanda,Tonawanda,NY,14150,https://www.tspabuffalo.com/,42.981584,-78.824364,True,1
457855,Paul Mitchell the School-NYC,,paul-mitchell-the-school-nyc,Staten Island,NY,10306,https://paulmitchell.edu/nyc,40.573227,-74.114517,True,1
457873,Four County Career Center,,four-county-career-center,Archbold,OH,43502,https://www.fourcounty.net/adulteducation_home.aspx,41.452808,-84.303115,True,1
457916,Summit Salon Academy-Perrysburg,Summit Salon Academy-Perrysburg,summit-salon-academy-perrysburg,Perrysburg,OH,43551,https://www.summitsalonacademyperrysburg.edu/,41.54424,-83.620281,True,1
457925,Portland Actors Conservatory,,portland-actors-conservatory,Portland,OR,97205,https://pac.edu/,45.520964,-122.686647,True,1
457943,Somerset County Technology Center,,somerset-county-technology-center,Somerset,PA,15501-4309,https://sctc.net/,40.00475,-79.029641,True,1
457952,Metro Beauty Academy,Metro Academy,metro-beauty-academy,Allentown,PA,18106,https://www.metrobeautyacademy.edu/,40.56865,-75.555591,True,1
457989,Academy for Careers and Technology,,academy-for-careers-and-technology,Mullins,SC,29574,https://act.marion.k12.sc.us/,34.186433,-79.340157,True,1
458007,Love Beauty School Inc,,love-beauty-school-inc,Manchester,TN,37355,https://www.lovebeautyschool.net/,35.488524,-86.093863,True,1
458043,DuVall's School of Cosmetology,DuVall's,duvall-s-school-of-cosmetology,Bedford,TX,76021,https://duvallschool.com/,32.852275,-97.168105,True,1
458061,Texas Beauty College,n/a,texas-beauty-college,Haltom city,TX,76117,https://texasbeautyinfo.com/,32.826045,-97.265311,True,1
458070,Avenue Five Institute,,avenue-five-institute,Austin,TX,78757,https://www.avenuefive.edu/,30.369503,-97.728961,True,2
458098,The Salon Professional Academy-Lewisville,,the-salon-professional-academy-lewisville,Lewisville,TX,75067,https://www.tspadallas.com/,33.005024,-96.964907,True,1
458104,Renaissance Academie,,renaissance-academie,Provo,UT,84604,https://www.race.edu/,40.25395,-111.665961,True,1
458113,Ascent College,,ascent-college,Gainesville,VA,20155,https://ascent.edu/,38.805988,-77.624657,True,1
458122,Institute of Advanced Medical Esthetics,,institute-of-advanced-medical-esthetics,Ashland,VA,23005-2111,https://www.theinstituteofadvancedmedicalesthetics.com/,37.758005,-77.475904,True,1
458131,Aveda Arts & Sciences Institute Seattle,GMAI,aveda-arts-sciences-institute-seattle,Seattle,WA,98122,https://avedaarts.edu/,47.614403,-122.321762,True,1
458140,Northwest School of Wooden Boat Building,,northwest-school-of-wooden-boat-building,Port Hadlock,WA,98339,https://www.nwswb.edu/,48.03413,-122.752588,True,1
458168,The Salon Professional Academy-Onalaska,,the-salon-professional-academy-onalaska,Onalaska,WI,54650,https://salonproacademy.com/,43.87382,-91.19732,True,1
458210,West Coast University-Anaheim-Orange County,,west-coast-university-anaheim-orange-county,Anaheim,CA,92802-2905,https://westcoastuniversity.edu/,33.81104,-117.911811,False,6
458229,West Coast University-Ontario,,west-coast-university-ontario,Ontario,CA,91761-7645,https://westcoastuniversity.edu/,34.066591,-117.590035,False,6
458274,Paul Mitchell the School-Chicago,,paul-mitchell-the-school-chicago,Chicago,IL,60607,https://paulmitchell.edu/chicago,41.866213,-87.646644,True,1
458405,Miller-Motte College-Fayetteville,,miller-motte-college-fayetteville,Fayetteville,NC,28311,https://www.miller-motte.edu/,35.11096,-78.88167,False,18
458423,European Massage Therapy School-Las Vegas,,european-massage-therapy-school-las-vegas,Las Vegas,NV,89117,https://www.school-for-massage.com/,36.145445,-115.300577,False,2
458441,Miller-Motte College-Columbus,,miller-motte-college-columbus,Columbus,GA,31907,https://www.miller-motte.edu/,32.479997,-84.935912,False,18
458681,Fortis College-Indianapolis,,fortis-college-indianapolis,Indianapolis,IN,46268,https://www.fortis.edu/,39.9184,-86.223181,False,3
458803,Empire Beauty School-E Memphis,,empire-beauty-school-e-memphis,Memphis,TN,38117,https://www.empire.edu/,35.115499,-89.90197,False,7
458812,Empire Beauty School-Nashville,,empire-beauty-school-nashville,Brentwood,TN,37027,https://www.empire.edu/,35.967868,-86.814676,False,13
458821,Empire Beauty School-Jackson,,empire-beauty-school-jackson,Jackson,TN,38301,https://www.empire.edu/,35.63694,-88.847611,False,8
458830,Empire Beauty School-Springfield,,empire-beauty-school-springfield,Springfield,PA,19064,https://www.empire.edu/,39.93765,-75.349771,False,10
458858,Empire Beauty School-Speedway,,empire-beauty-school-speedway,Speedway,IN,46224,https://www.empire.edu/,39.80055,-86.261512,False,8
458867,Empire Beauty School-Morrow,,empire-beauty-school-morrow,Morrow,GA,30260,https://www.empire.edu/,33.564936,-84.32568,False,8
458885,Strayer University-Arkansas,,strayer-university-arkansas,Little Rock,AR,72201,https://www.strayer.edu/campus-locations/arkansas/little-rock,34.745489,-92.271192,False,22
458919,Strayer University-Georgia,,strayer-university-georgia,Chamblee,GA,30341,https://www.strayer.edu/campus-locations/georgia/chamblee,33.870686,-84.267177,False,22
458955,Strayer University-Mississippi,,strayer-university-mississippi,Jackson,MS,39201,https://www.strayer.edu/campus-locations/mississippi/jackson,32.300562,-90.188097,False,22
458964,Strayer University-South Carolina,,strayer-university-south-carolina,Greenville,SC,29601,https://www.strayer.edu/campus-locations/south-carolina/greenville,34.839766,-82.399535,False,22
458973,Strayer University-Texas,,strayer-university-texas,Farmers Branch,TX,75234,https://www.strayer.edu/campus-locations,32.910744,-96.887509,False,22
459019,Empire Beauty School-Charlotte,,empire-beauty-school-charlotte,Charlotte,NC,28213,https://www.empire.edu/,35.25855,-80.7837,False,7
459046,Empire Beauty School-Winston-Salem,,empire-beauty-school-winston-salem,Winston-Salem,NC,27106,https://www.empire.edu/,36.152612,-80.282751,False,8
459055,Empire Beauty School-West Palm,,empire-beauty-school-west-palm,West Palm Beach,FL,33409,https://www.empire.edu/,26.705541,-80.107401,False,10
459064,Empire Beauty School-Pineville,,empire-beauty-school-pineville,Charlotte,NC,28226,https://www.empire.edu/,35.089864,-80.865367,False,7
459116,Paul Mitchell the School-Phoenix,,paul-mitchell-the-school-phoenix,Phoenix,AZ,85017,https://paulmitchell.edu/phoenix,33.523667,-112.133047,True,1
459170,Paul Mitchell the School-Modesto,Niru Partner School,paul-mitchell-the-school-modesto,Modesto,CA,95350,https://paulmitchell.edu/modesto,37.68301,-120.993745,True,1
459198,Paul Mitchell the School-Fresno,,paul-mitchell-the-school-fresno,Fresno,CA,93710,https://paulmitchell.edu/fresno,36.809778,-119.782437,True,1
459204,Unitek College,,unitek-college,Fremont,CA,94538,https://unitekcollege.edu/,37.50904,-121.961761,True,6
459213,Gurnick Academy of Medical Arts,,gurnick-academy-of-medical-arts,San Jose,CA,95112,https://www.gurnick.edu/,37.364294,-121.912991,True,1
459231,Paul Mitchell the School-East Bay,,paul-mitchell-the-school-east-bay,Pleasant Hill,CA,94523,https://paulmitchell.edu/eastbay/,37.94492,-122.061226,True,1
459259,South University-Richmond,,south-university-richmond,Glen Allen,VA,23060,"https://www.southuniversity.edu/richmond#location=Richmond, VA",37.64706,-77.599967,False,9
459268,South University-Virginia Beach,,south-university-virginia-beach,Virginia Beach,VA,23452,"https://www.southuniversity.edu/virginia-beach#location=Virginia Beach, VA",36.8336,-76.124288,False,9
459277,Aveda Institute-Denver,AID,aveda-institute-denver,Denver,CO,80204,https://avedainspiregreatness.com/denver-campus/,39.729146,-105.000615,True,1
459286,Paul Mitchell the School-Colorado Springs,,paul-mitchell-the-school-colorado-springs,Colorado Springs,CO,80903,https://paulmitchell.edu/coloradosprings,38.832889,-104.828339,True,1
459295,The Salon Professional Academy-Colorado Springs,Tspa,the-salon-professional-academy-colorado-springs,Colorado Springs,CO,80918,https://www.thesalonprofessionalacademycoloradosprings.com/,38.896966,-104.750884,True,1
459301,Paul Mitchell the School-Delaware,,paul-mitchell-the-school-delaware,Newark,DE,19702,https://paulmitchell.edu/delaware,39.62274,-75.680231,True,1
459329,Fred K Marchman Technical College,,fred-k-marchman-technical-college,New Port Richey,FL,34653,https://mtec.pasco.k12.fl.us/,28.271196,-82.691779,True,1
459347,The Salon Professional Academy-Ft Myers,,the-salon-professional-academy-ft-myers,Fort Myers,FL,33907,https://www.tspaftmyers.com/,26.595568,-81.887326,True,1
459374,Universal Spa Training Academy,,universal-spa-training-academy,Downers Grove,IL,60515,https://www.spatrainingacademy.edu/,41.796008,-87.99384,True,1
459392,The Salon Professional Academy-Evansville,,the-salon-professional-academy-evansville,Evansville,IN,47715,https://www.tspaevansville.com/,37.98732,-87.483521,True,1
459408,Tri County Regional Vocational Technical High School,Tri-County RVTHS,tri-county-regional-vocational-technical-high-school,Franklin,MA,02038,https://www.tri-county.us/,42.094957,-71.421577,True,1
459426,Nova Academy of Cosmetology,,nova-academy-of-cosmetology,Rochester,MN,55901,https://www.novaacademy.edu/,44.08537,-92.509748,True,1
459514,Maestro College,LASDallas,maestro-college,Dallas,TX,75231,https://maestrocollege.edu/home,32.89622,-96.768104,True,2
459523,ABC Beauty Academy,,abc-beauty-academy,Richardson,TX,75081,https://www.abcbeautyacademy.webs.com/,32.931698,-96.685333,True,1
459532,Salon & Spa Institute,,salon-spa-institute,Brownsville,TX,78520-8809,https://www.ssi.edu/,25.938911,-97.508606,True,1
459550,Summit Salon Academy,Summit Salon Academy Tacoma,summit-salon-academy-3,Tacoma,WA,98409,https://www.summitsalonacademy.edu/,47.223485,-122.472325,True,1
459578,Paul Mitchell the School-Milwaukee,,paul-mitchell-the-school-milwaukee,Wauwatosa,WI,53222,https://paulmitchell.edu/milwaukee,43.074156,-88.055994,True,1
459727,Touro University Worldwide,TUW,touro-university-worldwide,Los Alamitos,CA,90720,https://www.tuw.edu/,33.808683,-118.057754,True,1
459736,Touro University California,TUC,touro-university-california,Vallejo,CA,94592,https://www.tu.edu/,38.085479,-122.263949,True,2
459745,The Chicago School at Washington DC,The Chicago School of Professional Psychology at Washington DC,the-chicago-school-at-washington-dc,Washington,DC,20005,https://www.thechicagoschool.edu/washington-dc/,38.90163,-77.033071,False,8
459824,Touro University Nevada,,touro-university-nevada,Henderson,NV,89014,https://www.tun.touro.edu/,36.043189,-115.024012,False,2
459842,Herzing University-Kenosha,,herzing-university-kenosha,Kenosha,WI,53140,https://www.herzing.edu/,42.582628,-87.820105,False,12
459851,Herzing University-Brookfield,,herzing-university-brookfield,Brookfield,WI,53005,https://www.herzing.edu/,43.035738,-88.110994,False,12
459949,Texas A&M University-San Antonio,A&M-SA,texas-a-m-university-san-antonio,San Antonio,TX,78224,https://www.tamusa.edu/,29.304762,-98.52417,True,1
459958,Fortis Institute,Fortis Institute - Houston North,fortis-institute,Houston,TX,77060,https://www.fortis.edu/,29.93744,-95.395051,False,4
459967,Southern Careers Institute-Brownsville,,southern-careers-institute-brownsville,Brownsville,TX,78520,https://scitexas.edu/,25.936988,-97.501124,False,8
459985,Southern Careers Institute-Harlingen,,southern-careers-institute-harlingen,Harlingen,TX,78550,https://scitexas.edu/,26.20385,-97.675281,False,8
459994,Strayer University-Global Region,,strayer-university-global-region,Washington,DC,20005,https://www.strayer.edu/,38.904881,-77.034133,False,22
460011,Kenneth Shuler School of Cosmetology-Florence,,kenneth-shuler-school-of-cosmetology-florence,Florence,SC,29501,https://www.kennethshuler.com/,34.238425,-79.80945,False,2
460020,Fortis College-Columbia,Fortis College - Columbia,fortis-college-columbia,Columbia,SC,29210,https://www.fortis.edu/,34.01512,-81.081809,False,5
460093,Ross Medical Education Center-Davison,,ross-medical-education-center-davison,Davison,MI,48423-1751,https://rosseducation.edu/,43.021829,-83.516551,False,11
460109,Ross Medical Education Center-Granger,Ross Medical Education Center-South Bend,ross-medical-education-center-granger,Mishawaka,IN,46545-2610,https://rosseducation.edu/,41.717835,-86.174277,False,7
460118,Ross Medical Education Center-Niles,,ross-medical-education-center-niles,Niles,OH,44446-4810,https://rosseducation.edu/,41.212037,-80.746465,False,7
460127,Ross Medical Education Center-Canton,,ross-medical-education-center-canton,Canton,MI,48187-5071,https://rosseducation.edu/,42.324442,-83.482675,False,9
460136,Pima Medical Institute-Houston,,pima-medical-institute-houston,Houston,TX,77041,https://pmi.edu/,29.838306,-95.562287,False,13
460145,Illinois Media School-Chicago Campus,,illinois-media-school-chicago-campus,Chicago,IL,60605,https://www.beonair.com/chicago,41.883062,-87.62851,False,2
460172,Miller-Motte College-STVT-San Antonio,South Texas Vo-Tech,miller-motte-college-stvt-san-antonio,San Antonio,TX,78214,https://www.stvt.edu/,29.35599,-98.4891,False,18
460181,Concorde Career College-Dallas,,concorde-career-college-dallas,Dallas,TX,75243,https://www.concorde.edu/campus/dallas-texas,32.91856,-96.741711,False,2
460190,Concorde Career Institute-Orlando,,concorde-career-institute-orlando,Orlando,FL,32803,https://www.concorde.edu/campus/orlando-florida,28.55984,-81.340421,False,2
460206,Concorde Career College-San Antonio,,concorde-career-college-san-antonio,San Antonio,TX,78229,https://www.concorde.edu/campus/san-antonio-texas,29.49003,-98.582351,False,3
460349,Johnson & Wales University-Online,,johnson-wales-university-online,Providence,RI,02903,https://online.jwu.edu/?_ga=2.36357734.752362341.1629739669-391300583.1600981500,41.819956,-71.41277,False,2
460394,Moreno Valley College,,moreno-valley-college,Moreno Valley,CA,92551,https://www.mvc.edu/,33.88744,-117.20271,True,1
460464,Norco College,,norco-college,Norco,CA,92860,https://www.norcocollege.edu/,33.917387,-117.570212,True,1
460482,Dorsey College-Saginaw,Dorsey College- Saginaw,dorsey-college-saginaw,Saginaw,MI,48603,https://www.dorsey.edu/,43.47055,-83.973056,False,7
460534,Milan Institute of Cosmetology-El Paso,,milan-institute-of-cosmetology-el-paso,El Paso,TX,79936,https://www.milaninstitute.edu/,31.749325,-106.300156,False,4
460543,Universal Technical Institute-Dallas Fort Worth,Universal Technical Institute - Dallas/Fort Worth,universal-technical-institute-dallas-fort-worth,Irving,TX,75063,https://www.uti.edu/,32.93806,-97.012741,False,5
460677,ICPR Junior College,,icpr-junior-college-2,Manati,PR,00674,https://www.icprjc.edu/,18.429025,-66.493841,False,4
460701,Artistic Nails and Beauty Academy-Lakeland,,artistic-nails-and-beauty-academy-lakeland,Lakeland,FL,33801,https://www.artistic.edu/,28.053634,-81.94718,False,2
460756,Hawaii Medical College,,hawaii-medical-college,Honolulu,HI,96814-3518,https://www.hmi.edu/,21.295164,-157.847652,True,1
460765,Carolina College of Hair Design Inc,,carolina-college-of-hair-design-inc,Asheville,NC,28806-2711,https://carolinacollege.com/,35.584088,-82.601533,True,1
460808,Integrated Massage Therapy Services,College of Massage Therapy,integrated-massage-therapy-services,Blackfoot,ID,83221,https://www.collegemassagetherapy.com/,43.200889,-112.335853,True,1
460817,Miller-Motte College-Jacksonville,,miller-motte-college-jacksonville,Jacksonville,NC,28546,https://www.miller-motte.edu/,34.797826,-77.432163,False,18
460826,Miller-Motte College-Augusta,,miller-motte-college-augusta,Augusta,GA,30906,https://www.miller-motte.edu/,33.423915,-82.055083,False,18
460862,Aveda Institute-Portland,,aveda-institute-portland,Portland,OR,97209-3144,https://avedapdx.com/,45.525507,-122.68474,True,2
460871,Chamberlain University-Virginia,Chamberlain College of Nursing-Tysons Corner,chamberlain-university-virginia,Vienna,VA,22182,https://www.chamberlain.edu/,38.910459,-77.220505,False,15
460914,Penrose Academy,,penrose-academy,Scottsdale,AZ,85254-4065,https://penrose.edu/,33.608309,-111.927617,True,1
460932,Skin Institute,,skin-institute,Saint Louis,MO,63126,https://www.skininstitute.edu/,38.527717,-90.364232,True,1
460969,Beauty Academy of South Florida,,beauty-academy-of-south-florida,Hialeah Gardens,FL,33016-2421,https://www.basf.edu/,25.86289,-80.323571,True,1
460978,Ogle School Hair Skin Nails-North Dallas,Ogle School,ogle-school-hair-skin-nails-north-dallas,Dallas,TX,75248-1216,https://www.ogleschool.edu/,32.984161,-96.803615,False,3
460987,The Salon Professional Academy,TSPA Little Rock,the-salon-professional-academy-3,Sherwood,AR,72120,https://www.littlerockbeautyschool.com/,34.858161,-92.20198,True,1
460996,The Salon Professional Academy-St Charles,,the-salon-professional-academy-st-charles,St. Charles,MO,63301-1021,https://tspastlouis.com/,38.788891,-90.538719,True,1
461014,Mildred Elley-New York Campus,,mildred-elley-new-york-campus,New York,NY,10004-1010,https://www.mildred-elley.edu/,40.70563,-74.013948,False,2
461023,Crestpoint University,Crestpoint University,crestpoint-university,Phoenix,AZ,85014-1561,https://www.crestpoint.edu/,33.530663,-112.064275,True,1
461032,Carolina College of Biblical Studies,,carolina-college-of-biblical-studies,Fayetteville,NC,28303-5157,https://ccbs.edu/,35.05141,-78.939514,True,1
461087,Northeast Technology Center,Northeast Tech,northeast-technology-center,Pryor,OK,74361,https://www.netech.edu/,36.294408,-95.309265,True,1
461111,Allstate Hairstyling & Barber College,"Allstate Barber College, Inc.",allstate-hairstyling-barber-college,Cleveland,OH,44113-3413,https://allstatecollege.com/,41.484002,-81.704403,True,1
461120,Omega Graduate School,American Centre for Research in the Social Sciences,omega-graduate-school,Dayton,TN,37321-6736,https://www.ogs.edu/,35.468142,-85.053774,True,1
461139,Jung Tao School of Classical Chinese Medicine,,jung-tao-school-of-classical-chinese-medicine,Sugar Grove,NC,28679-9657,https://www.jungtao.edu/,36.263233,-81.785303,True,1
461148,New York Film Academy,NYFA,new-york-film-academy,Burbank,CA,91505,https://www.nyfa.edu/,34.152076,-118.335567,True,1
461193,Bella Capelli Academy,Bella Capelli Academy a Paul Mitchell partner school,bella-capelli-academy,Monroeville,PA,15146-2388,https://paulmitchell.edu/monroeville,40.432534,-79.781557,True,1
461218,Institute of Medical Careers,d/b/a Institute of Medical and Business Careers,institute-of-medical-careers,Pittsburgh,PA,15235-3718,https://www.imbc.edu/,40.465286,-79.823825,True,1
461245,Flagler Technical College,FTC,flagler-technical-college,Palm Coast,FL,32164,https://flaglertech.edu/,29.47629,-81.211337,True,1
461254,Galaxy Medical College,,galaxy-medical-college,North Hollywood,CA,91606-1593,https://www.galaxymedicalcollege.edu/,34.186976,-118.396209,True,1
461263,American Medical Sciences Center,,american-medical-sciences-center,Glendale,CA,91204-5108,https://www.amsc.edu/,34.147117,-118.256991,True,1
461272,Mandalyn Academy,,mandalyn-academy,American Fork,UT,84003-2161,https://www.mandalynacademy.com/,40.371763,-111.78129,True,1
461281,Jose Maria Vargas University,"JMVU, Vargas University",jose-maria-vargas-university,Pembroke Pines,FL,33026,https://www.jmvu.edu/,26.009656,-80.281548,True,1
461306,D A Dorsey Technical College,,d-a-dorsey-technical-college,Miami,FL,33147-6304,https://www.dadorseytech.edu/,25.839575,-80.225732,True,1
461315,Keweenaw Bay Ojibwa Community College,KBOCC,keweenaw-bay-ojibwa-community-college,LAnse,MI,49946-0000,https://www.kbocc.edu/,46.764477,-88.447052,True,1
461324,Meridian Institute of Surgical Assisting,,meridian-institute-of-surgical-assisting,Nashville,TN,37218,https://www.meridian-institute.edu/,36.187738,-86.842536,True,1
461333,Mauna Loa Helicopters,"Hawaii Pacific Aviation,inc. dba Mauna Loa Helicopters",mauna-loa-helicopters,Kailua Kona,HI,96740-2650,https://maunaloahelicopters.edu/,19.729107,-156.041847,True,1
461342,Acaydia School of Aesthetics,,acaydia-school-of-aesthetics,Provo,UT,84604-0000,https://www.acaydia.edu/,40.234627,-111.65823,True,1
461379,Holistic Massage Training Institute,,holistic-massage-training-institute,Baltimore,MD,21218,https://www.massagetrainingbaltimore.com/,39.322479,-76.603096,True,1
461388,Diamonds College,,diamonds-college,Sherman,TX,75090-2657,https://www.diamondscollege.com/,33.673442,-96.606125,True,1
461412,Northern Virginia School of Therapeutic Massage,NVSTM,northern-virginia-school-of-therapeutic-massage,Falls Church,VA,22042-4302,https://www.nvschoolofmassage.com/,38.873422,-77.160302,True,1
461421,Paul Mitchell the School-St Louis,PMMO-ST. LOUIS LLC,paul-mitchell-the-school-st-louis,St. Louis,MO,63108-1554,https://paulmitchell.edu/stlouis,38.64474,-90.262731,True,1
461430,Advanced Training Institute,,advanced-training-institute,Las Vegas,NV,89118-1519,https://www.atitraining.edu/,36.09589,-115.206821,True,1
461485,Shepherds Theological Seminary,,shepherds-theological-seminary,Cary,NC,27518-9316,https://shepherds.edu/,35.744334,-78.742623,True,1
461494,Taylor Andrews Academy of Hair Design-West Jordan,"West Jordan Taylor Andrews Academy  Taylor Andrews, Inc.",taylor-andrews-academy-of-hair-design-west-jordan,West Jordan,UT,84088-6577,https://www.taylorandrew.com/,40.586803,-111.934309,True,3
461500,Santa Ana Beauty Academy,,santa-ana-beauty-academy,Santa Ana,CA,92705-7820,https://www.saba-ca.com/index.php,33.766402,-117.835205,True,1
461528,Manna University,Manna U,manna-university,Fayetteville,NC,28314-2343,https://www.manna.edu/,35.058616,-78.961305,True,1
461537,Evolve Beauty Academy,,evolve-beauty-academy,Washington,MO,63090,https://evolvebeautyacademy.edu/,38.551723,-91.013977,True,1
461555,Aveda Institute-New Mexico,,aveda-institute-new-mexico,Albuquerque,NM,87104-1160,https://www.avedanm.com/,35.091873,-106.667464,True,1
461573,American Trade School,,american-trade-school,Saint Ann,MO,63074-1807,https://www.americantradeschool.edu/,38.72876,-90.380141,True,1
461582,Estelle Skin Care and Spa Institute,,estelle-skin-care-and-spa-institute,Skokie,IL,60077-9945,https://www.estelle.edu/,42.06358,-87.747041,True,1
461607,Elite Cosmetology School,,elite-cosmetology-school,PALM DESERT,CA,92260,https://eliteschools.edu/,33.723624,-116.394724,True,1
461625,American Technical Institute,AMTEC,american-technical-institute,Bayamon,PR,00957-0000,https://www.amtec.edu/,18.379307,-66.184489,True,1
461652,Aveda Institute-Boise,,aveda-institute-boise,Boise,ID,83704-4406,https://www.avedaidaho.com/,43.620545,-116.309994,True,1
461689,Pima Medical Institute-Aurora,,pima-medical-institute-aurora,Aurora,CO,80012-0000,https://pmi.edu/,39.6956,-104.831481,True,2
461704,Capilo School of Hair Design,d/b/a Aveda Institute Maine a Capilo School,capilo-school-of-hair-design,Augusta,ME,04330-0000,https://www.capilo.com/,44.317693,-69.777717,True,1
461713,Pure Aesthetics Natural Skincare School,,pure-aesthetics-natural-skincare-school,Tucson,AZ,85716-3823,https://pureaesthetics.edu/,32.23572,-110.929841,True,2
461722,Lindsey Institute of Cosmetology,,lindsey-institute-of-cosmetology,Bowling Green,KY,42103-8036,https://www.lindseyinstitute.com/,36.947279,-86.420808,True,1
461740,Invictus Career College,Invictus Career College,invictus-career-college,Dallas,TX,75217-1775,https://www.invictuscc.edu/,32.737175,-96.684709,True,1
461759,Simmons College of Kentucky,Simmons Bible College,simmons-college-of-kentucky,Louisville,KY,40203-3322,https://simmonscollegeky.edu/,38.239519,-85.764811,True,1
461768,Atelier Esthetique Institute of Esthetics,Atelier Esthetique Institute,atelier-esthetique-institute-of-esthetics,New York,NY,10001,https://www.aeinstitute.net/,40.746376,-73.995669,True,1
461786,Advanced College of Cosmetology,,advanced-college-of-cosmetology,Waupun,WI,53963-0000,https://www.accsuccess.com/,43.632848,-88.736198,True,1
461795,North American University,,north-american-university,Stafford,TX,77477-0000,https://www.na.edu/,29.646303,-95.588338,True,1
461829,Cinta Aveda Institute,,cinta-aveda-institute,San Francisco,CA,94108-3204,https://www.cintaaveda.edu/,37.790935,-122.404307,True,2
461838,Long Island Nail Skin & Hair Institute,LINSCI,long-island-nail-skin-hair-institute,Bethpage,NY,11714,https://nailskinhairinstitute.edu/,40.759423,-73.489818,True,1
461847,Keser Torah-Mayan Hatalmud,,keser-torah-mayan-hatalmud,Lakewood,NJ,08701-2758,https://www.mayanhatalmud.org/,40.098369,-74.17029,True,1
461856,Southern California Health Institute,IPPT Career School,southern-california-health-institute,North Hollywood,CA,91601,https://www.sochi.edu/,34.173485,-118.370014,True,1
461865,Best Care College,,best-care-college,East Orange,NJ,07018-1703,https://bestcarecollege.edu/,40.765332,-74.221116,True,1
461874,First Class Cosmetology School,,first-class-cosmetology-school,Beloit,WI,53511-0000,https://firstclasscosmetologyschool.com/,42.49901,-89.036231,True,1
461883,Millennia Atlantic University,,millennia-atlantic-university,Doral,FL,33178,https://www.maufl.edu/en/home,25.808134,-80.352717,True,1
461892,Abcott Institute,,abcott-institute,Southfield,MI,48075-5227,https://www.abcott.edu/,42.446331,-83.210617,True,1
461908,The Salon Professional Academy-Kenosha,"TSPA Kenosha, Kenosha TSPA",the-salon-professional-academy-kenosha,Kenosha,WI,53142-4950,https://kenoshatspa.com/,42.55804,-87.853088,True,1
461917,Paul Mitchell the School-Indianapolis,,paul-mitchell-the-school-indianapolis,Indianapolis,IN,46227-6252,https://paulmitchell.edu/indianapolis,39.640007,-86.127361,True,1
461926,Taylor Andrews Academy-St George,Taylor Andrews,taylor-andrews-academy-st-george,St. George,UT,84790,https://www.taylorandrewstgeorge.com/,37.101706,-113.534004,True,1
461944,Protege Academy,,protege-academy,East Lansing,MI,48823-8660,https://www.protegeacademy.com/,42.724862,-84.452903,True,2
461962,Northeast Technical Institute,,northeast-technical-institute,Scarborough,ME,04074-0000,https://ntinow.edu/,43.608171,-70.314892,True,1
461999,Elite School of Cosmetology,,elite-school-of-cosmetology,Norwalk,OH,44857-2714,https://es.edu/,41.233614,-82.60795,True,1
462008,Paul Mitchell the School-Las Vegas,,paul-mitchell-the-school-las-vegas,Las Vegas,NV,89123-8014,https://paulmitchell.edu/lasvegas,36.016734,-115.117034,True,1
462017,Summit Salon Academy-Kokomo,Summit Salon Academy,summit-salon-academy-kokomo,Kokomo,IN,46901-6248,https://kokomobeautyschool.com/,40.474971,-86.106111,True,1
462035,Florida Academy,,florida-academy,Fort Myers,FL,33966-1155,https://florida-academy.edu/,26.608576,-81.825149,True,1
462044,Institute for Doctoral Studies in the Visual Arts,IDSVA,institute-for-doctoral-studies-in-the-visual-arts,Portland,ME,04101-0000,https://www.idsva.edu/,43.661402,-70.251742,True,1
462053,State Career College,SCC,state-career-college,Gurnee,IL,60031,https://statecareercollege.edu/,42.370223,-87.889232,True,1
462062,Academy for Salon Professionals,,academy-for-salon-professionals,Northridge,CA,91324,https://www.academyla.com/,34.23396,-118.558215,True,1
462071,Paul Mitchell the School-Spokane,,paul-mitchell-the-school-spokane,Spokane Valley,WA,99037-5041,https://paulmitchell.edu/spokane,47.658368,-117.19893,True,1
462336,International College of Beauty Arts & Sciences,,international-college-of-beauty-arts-sciences,Los Angeles,CA,90039-1012,https://www.icbas.edu/,34.148057,-118.273227,True,1
462354,John Paul the Great Catholic University,JPCatholic,john-paul-the-great-catholic-university,Escondido,CA,92025,https://jpcatholic.edu/,33.12085,-117.082401,True,1
463056,University of Connecticut-Hartford Campus,,university-of-connecticut-hartford-campus,Hartford,CT,06103,https://hartford.uconn.edu/,41.762673,-72.672175,False,5
464226,Ottawa University-Surprise,OUAZ-Surprise,ottawa-university-surprise,Surprise,AZ,85374,https://www.ottawa.edu/ouaz/home,33.628923,-112.368233,False,4
466921,Chamberlain University-Missouri,Chamberlain College of Nursing-St. Louis,chamberlain-university-missouri,St. Louis,MO,63146,https://www.chamberlain.edu/,38.701907,-90.436283,False,15
466930,Chamberlain University-Texas,Chamberlain College of Nursing-Houston Chamberlain College of Nursing-Pearland Chamberlain College of Nursing-Irving Chamberlain College of Nursing-San Antonio,chamberlain-university-texas,Houston,TX,77041,https://www.chamberlain.edu/,29.838386,-95.560414,False,15
467094,Continental School of Beauty Culture-Mattydale,,continental-school-of-beauty-culture-mattydale,Mattydale,NY,13211-1003,https://continentalschoolofbeauty.edu/,43.105938,-76.147295,False,2
467863,Paul Mitchell the School-Columbia,,paul-mitchell-the-school-columbia,West Columbia,SC,29169,https://paulmitchell.edu/columbia,33.990955,-81.070249,False,4
467872,Paul Mitchell the School-Charleston,,paul-mitchell-the-school-charleston,North Charleston,SC,29418-6993,https://paulmitchell.edu/charleston,32.874611,-80.022852,True,4
467906,Kenneth Shuler School of Cosmetology-Greenville,,kenneth-shuler-school-of-cosmetology-greenville,Greenville,SC,29611-7553,https://www.kennethshuler.com/,34.791087,-82.484519,False,2
468246,Northwest College-Eugene,Northwest College - School of Beauty,northwest-college-eugene,Springfield,OR,97477,https://www.nwcollege.edu/,44.078014,-123.046328,False,5
468255,Northwest College-Tualatin,Northwest College - School of Beauty,northwest-college-tualatin,Tualatin,OR,97062-9462,https://www.nwcollege.edu/,45.382946,-122.762464,False,5
468769,CET-Soledad,,cet-soledad,Soledad,CA,93960-2996,https://cetweb.edu/,36.41456,-121.316599,False,11
468848,UEI College-Oceanside,,uei-college-oceanside,Oceanside,CA,92058-2321,https://www.uei.edu/,33.204442,-117.36182,False,12
468893,Paul Mitchell the School-New Orleans,,paul-mitchell-the-school-new-orleans,Metairie,LA,70002-4705,https://paulmitchell.edu/neworleans,30.004827,-90.163276,True,2
468909,UEI College-Garden Grove,,uei-college-garden-grove,Garden Grove,CA,92840-2409,https://www.uei.edu/,33.801877,-117.943701,False,12
468963,New England Tractor Trailer Training School of Massachusetts,NETTTS,new-england-tractor-trailer-training-school-of-massachusetts,North Andover,MA,01845-1048,https://www.nettts.com/,42.7307,-71.116853,False,2
469416,Dewey University-Manati,,dewey-university-manati,Manati,PR,00674-0000,https://dewey.edu/,18.433307,-66.487333,False,4
469610,Allen School-Phoenix,Allen School of Health Sciences - Phoenix,allen-school-phoenix,Phoenix,AZ,85053-4064,https://www.allenschool.edu/,33.629635,-112.11743,False,3
469629,Oklahoma Technical College,,oklahoma-technical-college,Tulsa,OK,74145,https://www.oklahomatechnicalcollege.com/,36.098687,-95.905011,False,3
469911,Unitech Training Academy-Alexandria,,unitech-training-academy-alexandria,Alexandria,LA,71301,https://www.unitechta.edu/,31.265718,-92.460375,False,6
470038,UEI College-Riverside,,uei-college-riverside,Riverside,CA,92507-5344,https://www.uei.edu/,33.975392,-117.351755,False,6
470047,WellSpring School of Allied Health-Lawrence,Wellspring - Lawrence,wellspring-school-of-allied-health-lawrence,Lawrence,KS,66045-3073,https://www.wellspring.edu/,38.965848,-95.235123,False,4
470296,Manuel and Theresa's School of Hair Design-Victoria,,manuel-and-theresa-s-school-of-hair-design-victoria,Victoria,TX,77902-7076,https://www.manuelandtheresasschoolofhair.com/,28.799901,-96.991589,False,3
470393,Tricoci University of Beauty Culture-Chicago NE,CNE,tricoci-university-of-beauty-culture-chicago-ne,Chicago,IL,60626-5232,https://www.tricociuniversity.edu/,41.999802,-87.660911,False,2
474863,Los Angeles Pacific University,Azusa Pacific's University College,los-angeles-pacific-university,Glendora,CA,91740,https://www.lapu.edu/,34.110723,-117.827484,True,1
474915,Avalon Institute-Phoenix,,avalon-institute-phoenix,Phoenix,AZ,85022,https://avalon.edu/phoenix-az/,33.641828,-112.068527,False,4
474924,Avalon Institute-Layton,,avalon-institute-layton,Layton,UT,84041,https://avalon.edu/layton-ut/,41.089919,-112.003639,False,4
475015,Aveda Institute-Des Moines,,aveda-institute-des-moines,West Des Moines,IA,50266,https://avedafi.edu/des-moines/cosmetology-school,41.562675,-93.802586,True,1
475024,Fortis Institute-Lawrenceville,,fortis-institute-lawrenceville,Lawrenceville,NJ,08648,https://fortis.edu/,40.260811,-74.719102,False,3
475033,Relay Graduate School of Education,,relay-graduate-school-of-education,New York,NY,10004,https://www.relay.edu/,40.70563,-74.013948,True,18
475060,Miller-Motte College-Macon,,miller-motte-college-macon,Macon,GA,31210,https://www.miller-motte.edu/,32.897821,-83.687065,False,18
475121,South University-Savannah Online,,south-university-savannah-online,Savannah,GA,31406,https://www.southuniversity.edu/online#location=Online Programs,31.999481,-81.105531,False,9
475176,San Joaquin Valley College-Temecula,,san-joaquin-valley-college-temecula,Temecula,CA,92590-5678,https://www.sjvc.edu/,33.525983,-117.166502,False,17
475200,Whitworth University-Adult Degree Programs,,whitworth-university-adult-degree-programs,Spokane,WA,99251,https://www.whitworth.edu/cms/,47.751642,-117.411568,False,1
475228,The Colleges of Law at Santa Barbara,,the-colleges-of-law-at-santa-barbara,Santa Barbara,CA,93101,https://www.collegesoflaw.edu/,34.424542,-119.70516,False,2
475273,Springfield College-Regional Online and Continuing Education,,springfield-college-regional-online-and-continuing-education,Springfield,MA,01109-3739,https://springfield.edu/academics/online-programs,42.1022,-72.556647,False,1
475282,Marian Health Careers Center-Van Nuys Campus,Marian College Van Nuys,marian-health-careers-center-van-nuys-campus,Van Nuys,CA,91411,https://www.mariancollege.edu/,34.177483,-118.465561,False,2
475325,Milan Institute-Las Vegas,,milan-institute-las-vegas,Las Vegas,NV,89102-4456,https://www.milaninstitute.edu/,36.14671,-115.171498,False,5
475398,Catholic International University,CDU,catholic-international-university,Charles Town,WV,25414,https://catholiciu.edu/,39.287311,-77.859242,True,1
475404,New York School of Esthetics & Day Spa,"New York School of Esthetics and Day Spa, Inc.",new-york-school-of-esthetics-day-spa,white plains,NY,10606-1207,https://www.newyorkschoolofesthetics.com/,41.035422,-73.781183,True,1
475422,Finger Lakes Health College of Nursing & Health Sciences,,finger-lakes-health-college-of-nursing-health-sciences,Geneva,NY,14456-1651,https://www.flhcon.edu/,42.876429,-76.987844,False,2
475431,ASI Career Institute,,asi-career-institute,Turnersville,NJ,08012-1043,https://www.asi.edu/,39.756604,-75.045442,True,1
475468,Christine Valmy International School of Esthetics & Cosmetology,Christine Valmy International School,christine-valmy-international-school-of-esthetics-cosmetology,Wayne,NJ,07470,https://www.christinevalmy.com/,40.885499,-74.255794,True,1
475486,Paul Mitchell the School-Arlington,,paul-mitchell-the-school-arlington,Arlington,TX,76018-6032,https://paulmitchell.edu/arlington,32.680899,-97.107997,False,3
475495,Rocky Mountain University of Health Professions,RMUoHP,rocky-mountain-university-of-health-professions,Provo,UT,84606,https://rm.edu/,40.21033,-111.655651,True,1
475547,Paul Mitchell the School-Fort Myers,,paul-mitchell-the-school-fort-myers,Fort Myers,FL,33913,https://paulmitchell.edu/fortmyers,26.495581,-81.792422,False,3
475556,Paul Mitchell the School-Raleigh,,paul-mitchell-the-school-raleigh,Raleigh,NC,27612-7358,https://paulmitchell.edu/raleigh,35.882566,-78.740471,True,1
475565,CUNY Stella and Charles Guttman Community College,Guttman | CUNY Guttman Community College | GCC | Stella and Charles Guttman Community College | Guttman Community College,cuny-stella-and-charles-guttman-community-college,New York,NY,10018-2602,https://guttman.cuny.edu/,40.75281,-73.984131,True,1
475574,Lil Lou's Beauty and Barber College,LLBB,lil-lou-s-beauty-and-barber-college,Gary,IN,46409-2404,https://lillousbeautyandbarbercollege.com/,41.53025,-87.335811,True,3
475608,Criswell College,,criswell-college,Dallas,TX,75246-1537,https://www.criswell.edu/,32.793513,-96.77669,True,1
475653,Reflections Academy of Beauty,,reflections-academy-of-beauty,Decatur,IL,62526,https://www.reflectionsacademyofbeauty.com/,39.879619,-88.952037,True,1
475662,UCAS University of Cosmetology Arts & Sciences-La Joya,,ucas-university-of-cosmetology-arts-sciences-la-joya,La Joya,TX,78560-4018,https://www.ucastx.com/,26.24605,-98.468021,False,4
475705,Annenberg School of Nursing,,annenberg-school-of-nursing,Reseda,CA,91335,https://www.asn.edu/,34.200825,-118.553851,True,2
475714,American Medical Academy,,american-medical-academy,Miami,FL,33186-4830,https://www.ama.edu/,25.66273,-80.393361,True,1
475723,Tooele Technical College,,tooele-technical-college,Tooele,UT,84074-2093,https://www.tooeletech.edu/,40.527752,-112.325714,True,1
475732,Chamberlain University-Georgia,Chamberlain College of Nursing-Atlanta Chamberlain College of Nursing-Stockbridge,chamberlain-university-georgia,Sandy Springs,GA,30342,https://www.chamberlain.edu/,33.911943,-84.351949,False,15
475741,Chamberlain University-Indiana,Chamberlain College of Nursing-Indianapolis,chamberlain-university-indiana,Indianapolis,IN,46240,https://www.chamberlain.edu/,39.91916,-86.111061,False,15
475839,Sessions College,Sessions College,sessions-college,Tempe,AZ,85281,https://www.sessions.edu/,33.426822,-111.940811,True,1
476063,Tulsa Welding School-Jacksonville,TWS; TWS Jacksonville; Tulsa Welding School/Jacksonville Campus,tulsa-welding-school-jacksonville-2,Jacksonville,FL,32216-3634,https://www.tws.edu/,30.313564,-81.56007,False,5
476179,Empire Beauty School-Virginia Beach,,empire-beauty-school-virginia-beach,Virginia Beach,VA,23462-6779,https://www.empire.edu/,36.838455,-76.135548,False,8
476230,Ross College-Morgantown,,ross-college-morgantown,Morgantown,WV,26505-5884,https://rosseducation.edu/,39.628002,-79.928764,False,7
476355,Miami Ad School-New York,,miami-ad-school-new-york,Astoria,NY,11106,https://miamiadschool.com/locations/new-york/,40.755046,-73.925071,False,3
476489,Larry's Barber College,,larry-s-barber-college,Chicago,IL,60628-2322,https://www.larrysbarbercollege.com/,41.703711,-87.643207,True,3
476498,Futura Career Institute,,futura-career-institute,Hialeah,FL,33012-3325,https://www.futuracareerinstitute.net/,25.863128,-80.306991,True,1
476540,Vogue College of Cosmetology-San Antonio Fredericksburg,,vogue-college-of-cosmetology-san-antonio-fredericksburg,San Antonio,TX,78201-5035,https://vogue.edu/,29.462345,-98.523455,True,1
476559,Vogue College of Cosmetology,,vogue-college-of-cosmetology,San Antonio,TX,78238-4402,https://vogue.edu/,29.465563,-98.602991,True,1
476568,Tomorrow's Image Barber And Beauty Academy of Virginia,,tomorrow-s-image-barber-and-beauty-academy-of-virginia,Newport News,VA,23608-5532,https://www.tomorrowsimage.com/,37.133072,-76.529229,True,3
476595,Medical Allied Career Center,,medical-allied-career-center,Santa Fe Springs,CA,90670-4710,https://www.medicalallied.edu/,33.91871,-118.062402,True,1
476601,Bais HaMedrash and Mesivta of Baltimore,,bais-hamedrash-and-mesivta-of-baltimore,Baltimore,MD,21209-1613,https://www.bhmb.edu/,39.379528,-76.674414,True,1
476610,Barber & Beauty Institute of New York,Barber & Beauty Institute of New York,barber-beauty-institute-of-new-york,Hempstead,NY,11550-6317,https://www.bbiny.edu/#,40.69983,-73.615341,True,1
476629,Salon Institute-Toledo Campus,,salon-institute-toledo-campus,Toledo,OH,43615-1731,https://www.saloninstitute.edu/,41.674855,-83.696989,True,2
476683,Athena Career Academy,,athena-career-academy,Toledo,OH,43615,https://www.athenacareers.edu/,41.614633,-83.665339,True,1
476692,Yeshiva Gedolah Zichron Leyma,,yeshiva-gedolah-zichron-leyma,Union,NJ,07083-3618,https://www.yzl.edu/,40.6992,-74.268351,True,1
476708,The Barber School,The Barber School by Tim Hite,the-barber-school,Midvale,UT,84047-3723,https://thebarberschool.com/,40.621415,-111.891446,True,1
476717,Be'er Yaakov Talmudic Seminary,,be-er-yaakov-talmudic-seminary,Spring Valley,NY,10977,https://www.byts.edu/,41.1382062,-74.029573,True,1
476726,Rio Grande Valley College,RGV Careers An Institute for Higher Learning,rio-grande-valley-college,Pharr,TX,78577-2106,https://www.rgvcollege.edu/,26.24215,-98.177978,True,1
476735,Alexander Academy,,alexander-academy,Lunenburg,MA,01462-0000,https://www.alexanderacademy.com/,42.587705,-71.769406,True,1
476753,Aveda Institute-Tucson,,aveda-institute-tucson,Tucson,AZ,85701,https://avedainspiregreatness.com/tucson-campus/,32.220141,-110.968361,True,3
476780,Diamond Beauty College,,diamond-beauty-college,South El Monte,CA,91733-2180,https://www.diamondbeauty.edu/,34.063052,-118.0467,True,1
476799,Unitek College,,unitek-college-2,South San Francisco,CA,94080-1005,https://www.unitekcollege.edu/,37.65642,-122.455603,False,2
476805,University Academy of Hair Design,,university-academy-of-hair-design,Tuscaloosa,AL,35401-5621,https://www.uahairdesign.com/,33.19105,-87.559744,True,1
476814,Florida Institute of Recording Sound and Technology,F.I.R.S.T. Institute,florida-institute-of-recording-sound-and-technology,Orlando,FL,32810,https://www.first.edu/,28.625257,-81.401029,True,1
476841,Paul Mitchell the School-Reno,The Reno Academy,paul-mitchell-the-school-reno,Reno,NV,89502,https://paulmitchell.edu/reno,39.509232,-119.803848,True,1
476850,Boise Barber College,,boise-barber-college,Boise,ID,83709,https://boisebarbercollege.com/,43.588823,-116.278054,True,1
476869,Austin Kade Academy,,austin-kade-academy,Idaho Falls,ID,83404-5540,https://www.austinkade.com/,43.482859,-112.001128,True,1
476878,Aesthetic Science Institute,,aesthetic-science-institute,Latham,NY,12110-1095,https://www.aestheticscienceinstitute.edu/,42.76194,-73.794947,True,1
476887,Elaine Sterling Institute,,elaine-sterling-institute,Atlanta,GA,30326-2633,https://www.elainesterling.com/,33.846647,-84.363266,True,2
476896,Wade Gordon Hairdressing Academy,,wade-gordon-hairdressing-academy,Amarillo,TX,79109,https://www.wadegordonacademy.com/,35.186494,-101.873963,True,3
476902,Mitsu Sato Hair Academy,Mitsu Sato Academy,mitsu-sato-hair-academy,Overland Park,KS,66212-1457,https://www.mitsusatohairacademy.com/,38.964694,-94.670149,True,1
476939,FVI School of Nursing and Technology,,fvi-school-of-nursing-and-technology,Miami,FL,33144,https://www.fvi.edu/,25.773542,-80.321789,True,1
476975,Colorado State University Global,,colorado-state-university-global,Denver,CO,80202-0000,https://csuglobal.edu/,39.745405,-104.989255,True,1
476984,Paul Mitchell the School-Overland Park,,paul-mitchell-the-school-overland-park,Overland Park,KS,66212,https://paulmitchell.edu/overlandpark,38.955861,-94.688051,True,1
476993,Medspa Academies,NIMA Institute,medspa-academies,South Jordan,UT,84095-3519,https://www.nima.edu/,40.55681,-111.912821,True,2
477002,Brighton Institute of Cosmetology,,brighton-institute-of-cosmetology,Brighton,MI,48116-8360,https://www.brightoninstitute.net/,42.521018,-83.743486,True,1
477233,Evangel University-James River Assembly of God Church,,evangel-university-james-river-assembly-of-god-church,Ozark,MO,65721-6694,https://www.evangel.edu/,37.075963,-93.227055,False,2
478582,Empire Beauty School-Savannah,,empire-beauty-school-savannah,Savannah,GA,31406-2455,https://www.empire.edu/,32.008498,-81.110045,False,7
478591,Ogle School Hair Skin Nails-Denton,Ogle School,ogle-school-hair-skin-nails-denton,Denton,TX,76205-7534,https://www.ogleschool.edu/,33.192334,-97.113213,False,4
478616,Empire Beauty School-West Greensboro,,empire-beauty-school-west-greensboro,Greensboro,NC,27407-2693,https://www.empire.edu/,36.051588,-79.90432,False,8
478917,Hays Academy of Hair Design,Hays Academy of Hair Design - Salina Campus,hays-academy-of-hair-design-2,Salina,KS,67401-0000,https://haysacademy.com/,38.8398,-97.607551,False,2
478953,Bellus Academy,,bellus-academy,Manhattan,KS,66502-2838,https://bellusacademy.edu/,39.191749,-96.60827,False,2
479062,MotoRing Technical Training Institute,MTTI,motoring-technical-training-institute-2,East Providence,RI,02914-5022,https://www.mtti.edu/,41.81866,-71.384761,False,2
479424,Unitek College,Unitek College,unitek-college-3,Hayward,CA,94541-7026,https://www.unitekcollege.edu/,37.661039,-122.116059,True,2
479956,Pennsylvania State University-World Campus,Penn State,pennsylvania-state-university-world-campus,University Park,PA,16802-1503,https://worldcampus.psu.edu/,40.7965,-77.862848,False,21
479965,MCI Institute of NJ,,mci-institute-of-nj,Ocean,NJ,07712,https://www.mcinj.edu/,40.263786,-74.046322,True,1
479974,Advance Beauty Techs Academy,ABT ACADEMY,advance-beauty-techs-academy,Corona,CA,92879-6572,https://www.abt.edu/,33.884074,-117.517655,True,1
479992,Brand College,,brand-college,Glendale,CA,91203,https://brandcollege.edu/,34.15799,-118.265551,True,1
480000,Hinton Barber and Beauty College,,hinton-barber-and-beauty-college,Vallejo,CA,94590,https://hintonbarberbeauty.com/,38.109629,-122.245384,True,1
480019,Advanced Career Institute,,advanced-career-institute,Visalia,CA,93291,https://advanced.edu/,36.34084,-119.377615,True,1
480037,MyComputerCareer at Raleigh,MyComputerCareer,mycomputercareer-at-raleigh,Raleigh,NC,27606,https://www.mycomputercareer.edu/,35.767841,-78.727186,True,1
480073,South University-Austin,,south-university-austin,Round Rock,TX,78681-2300,"https://www.southuniversity.edu/austin#location=Austin, TX",30.479474,-97.689972,False,9
480091,Bryant & Stratton College-Online,,bryant-stratton-college-online,Orchard Park,NY,14127,https://www.bryantstratton.edu/,42.790174,-78.770363,False,16
480125,Ogle School Hair Skin Nails-San Antonio,Ogle School,ogle-school-hair-skin-nails-san-antonio,San Antonio,TX,78216,https://www.ogleschool.edu/,29.518311,-98.503686,False,4
480198,Warner Pacific University Professional and Graduate Studies,Warner Pacific University PGS,warner-pacific-university-professional-and-graduate-studies,Portland,OR,97215,https://www.warnerpacific.edu/,45.506265,-122.592498,False,1
480204,Platt College-Riverside,,platt-college-riverside,Riverside,CA,92507,https://www.plattcollege.edu/,33.932923,-117.298365,False,4
480310,Empire Beauty School-Glen Burnie,,empire-beauty-school-glen-burnie,Glen Burnie,MD,21061,https://www.empire.edu/,39.203264,-76.616551,False,10
480471,UEI College-Stockton,,uei-college-stockton,Stockton,CA,95207-0000,https://www.uei.edu/,37.99756,-121.308461,False,12
480523,Ross Medical Education Center-Dayton,Ross Medical Education Center-Fairborn,ross-medical-education-center-dayton,Fairborn,OH,45324-6337,https://rosseducation.edu/,39.788147,-83.998213,False,6
480532,Ross Medical Education Center-Ontario,,ross-medical-education-center-ontario,Ontario,OH,44906-1246,https://rosseducation.edu/,40.77421,-82.591867,False,11
480550,Ross Medical Education Center-Bowling Green,,ross-medical-education-center-bowling-green,Bowling Green,KY,42104-5840,https://rosseducation.edu/,36.965672,-86.440649,False,9
480657,Rasmussen University-Kansas,,rasmussen-university-kansas,Topeka,KS,66609,https://rasmussen.edu/,38.998726,-95.704151,False,19
480727,School of Missionary Aviation Technology,,school-of-missionary-aviation-technology,Ionia,MI,48846,https://www.smat.edu/,42.941371,-85.07224,True,1
480781,California Miramar University,,california-miramar-university,San Diego,CA,92108-1739,https://www.calmu.edu/,32.77942,-117.11851,True,1
480790,Rocky Vista University,,rocky-vista-university,Parker,CO,80112,https://www.rvu.edu/,39.563516,-104.815034,True,2
480824,The College of Health Care Professions-Dallas,,the-college-of-health-care-professions-dallas,Dallas,TX,75247,https://www.chcp.edu/,32.830186,-96.875021,False,3
480833,The College of Health Care Professions-Fort Worth,,the-college-of-health-care-professions-fort-worth,Fort Worth,TX,76137-5021,https://www.chcp.edu/,32.816901,-97.311645,False,7
480842,Shear Finesse Beauty Academy,,shear-finesse-beauty-academy,Jacksonville,FL,32208,https://www.shearfinessehairacademy.com/,30.371475,-81.66738,True,1
480851,Miami Media School,,miami-media-school,Doral,FL,33126,https://beonair.com/,25.783576,-80.325673,True,2
480879,Academy of Salon Professionals,"Academy of Salon Professionals, LLC",academy-of-salon-professionals,Sedalia,MO,65301,https://academyofsalonprofessionals.com/,38.690729,-93.251559,True,1
480888,CyberTex Institute of Technology,,cybertex-institute-of-technology,Austin,TX,78752,https://cybertex.edu/,30.324403,-97.7030305,True,1
480903,New England Tractor Trailer Training School of CT-Bridgeport,,new-england-tractor-trailer-training-school-of-ct-bridgeport,Bridgeport,CT,06608,https://nettts.com/,41.186706,-73.179406,False,2
480921,Designer Barber & Stylist School,Designer Barber Academy,designer-barber-stylist-school,Fort Smith,AR,72903-3753,https://designercollege.net/,35.367673,-94.378849,True,2
480967,College of the Muscogee Nation,,college-of-the-muscogee-nation,Okmulgee,OK,74447-0917,https://cmn.edu/,35.635288,-95.936439,True,1
480976,The Salon Professional Academy-Huntsville,The Salon Professional Academy,the-salon-professional-academy-huntsville,Huntsville,AL,35816,https://www.huntsvilletspa.com/,34.736145,-86.655724,True,1
480985,Midwives College of Utah,,midwives-college-of-utah,Salt Lake City,UT,84106,https://www.midwifery.edu/,40.71089,-111.857036,True,1
480994,Aspen Beauty Academy of Laurel,,aspen-beauty-academy-of-laurel,Laurel,MD,20724,https://www.aspenlaurel.edu/,39.099633,-76.822219,True,1
481003,M T Training Center,,m-t-training-center,Desoto,TX,75115,https://mttrainingcenter.org/,32.72,-97.042564,True,2
481021,Berks Career & Technology Center,,berks-career-technology-center,Leesport,PA,19533-9112,https://www.berkscareer.com/ACE,40.388341,-76.000808,True,1
481030,Future Generations University,,future-generations-university,Franklin,WV,26807-0000,https://www.future.edu/,38.70907,-79.405423,True,1
481049,Carthage R9 School District-Carthage Technical Center,,carthage-r9-school-district-carthage-technical-center,Carthage,MO,64836-1332,https://ctc.carthagetigers.org/,37.173927,-94.30087,True,1
481058,Grace Mission University,,grace-mission-university,Fullerton,CA,92833-3860,https://www.gm.edu/,33.867663,-117.958208,True,1
481067,World A Cuts Barber Institute,,world-a-cuts-barber-institute,York,PA,17401-1105,https://www.worldacuts.com/,39.964504,-76.72854,True,1
481085,Verve College,,verve-college,Oak Brook,IL,60523,https://www.vervecollege.edu/,41.84402,-87.984611,True,1
481094,Sotheby's Institute of Art-NY,,sotheby-s-institute-of-art-ny,New York,NY,10022-6717,https://www.sothebysinstitute.com/Programmes/PNewyork.aspx,40.756988,-73.972232,True,1
481100,Top Nails & Hair Beauty School,,top-nails-hair-beauty-school,Taylorsville,UT,84118-0000,https://www.topbeautyschoolutah.com/,40.652683,-111.940452,True,1
481128,Santa Ana Beauty College,Santa Ana Beauty Collee,santa-ana-beauty-college,Santa Ana,CA,92706-2321,https://www.savcusa.com/,33.759423,-117.895913,True,1
481155,Helms College,,helms-college,Augusta,GA,30907,https://www.helms.edu/,33.515346,-82.057866,True,1
481182,Ukiah Adult School,,ukiah-adult-school,Ukiah,CA,95482-3865,https://adultschool.uusd.net/,39.160947,-123.215034,True,1
481191,Riverside County Office of Education-School of Career Education,RCOE SCE,riverside-county-office-of-education-school-of-career-education,Riverside,CA,92508,https://www.riversidesce.org/,33.91733,-117.294699,True,1
481207,Institute of Health Sciences,,institute-of-health-sciences,Hunt Valley,MD,21031-1408,https://www.iohs.org/,39.487379,-76.656295,True,1
481225,Mid-South Christian College,,mid-south-christian-college,Memphis,TN,38118-3151,https://www.midsouthchristian.edu/,35.064172,-89.911799,True,1
481243,New York Institute of Beauty,,new-york-institute-of-beauty,Islandia,NY,11749-1479,https://www.nyib.edu/,40.80235,-73.189261,True,1
481252,Ultrasound Medical Institute,NRI INSTITUTE OF HEALTH SCIENCES,ultrasound-medical-institute,Wellington,FL,33414,https://www.nriinstitute.edu/,26.68295,-80.22826,True,1
481289,Xavier College School of Nursing,,xavier-college-school-of-nursing,Stockton,CA,95202-1017,https://www.xavier-college.com/,37.966315,-121.293267,True,1
481298,Lawrence & Company College of Cosmetology,,lawrence-company-college-of-cosmetology,Hanford,CA,93230-4102,https://www.lawrenceandco.net/,36.33339,-119.637371,True,1
481313,Kaizen Beauty Academy,,kaizen-beauty-academy,Pembroke Pines,FL,33024-6609,https://kba.edu/,26.01028,-80.255473,True,1
481331,Sharp Edgez Barber Institute,,sharp-edgez-barber-institute,Rochester,NY,14615-0000,https://www.sharpedgez.com/,43.200074,-77.637278,True,2
481340,The Salon Professional Academy-Nashville,,the-salon-professional-academy-nashville,Nashville,TN,37214-2163,https://www.nashvillebeautyschool.com/,36.170543,-86.667242,True,1
481368,Prestige Health & Beauty Sciences Academy,,prestige-health-beauty-sciences-academy,Hallandale Beach,FL,33009,https://phabsa.com/,25.985267,-80.135621,True,1
481386,California Career Institute,,california-career-institute,Anaheim,CA,92806,https://www.calinstitute.edu/,33.816691,-117.887923,True,1
481401,Grace School of Theology,,grace-school-of-theology,The Woodlands,TX,77381,https://www.gsot.edu/,30.205731,-95.472493,True,1
481410,Yeshiva Gedolah Kesser Torah,,yeshiva-gedolah-kesser-torah,Monsey,NY,10952-2127,https://yeshivagedolahkessertorah.com/,41.124819,-74.068553,True,1
481429,Universal Training Institute,,universal-training-institute,Perth Amboy,NJ,08861-4106,https://www.universaluti.com/,40.51034,-74.269901,True,1
481438,Yeshiva Yesodei Hatorah,,yeshiva-yesodei-hatorah,Lakewood,NJ,08701-4946,https://yeshivayesodeihatorahlakewood.com/,40.065908,-74.202016,True,1
481447,Center for the Healing Arts,Rizzieri Aveda School of Massage  Rizzieri School for the Healing Arts,center-for-the-healing-arts,Voorhees,NJ,08043-1911,https://centerforthehealingartsnj.com/,39.851623,-75,True,1
481456,Bonnie Joseph Academy of Cosmetology & Barbering,Bonnie Joseph Academy,bonnie-joseph-academy-of-cosmetology-barbering,Heber City,UT,84032-2044,https://bonniejosephacademy.edu/,40.508476,-111.412014,True,1
481465,Healthcare Training Institute,,healthcare-training-institute-2,Kenner,LA,70062-7630,https://healthcaretraininginstitutenola.net/,30.001705,-90.239271,True,1
481474,J D Academy of Salon and Spa,J D Academy,j-d-academy-of-salon-and-spa,Danville,CA,94526,https://jdacademy.com/,37.818164,-121.995828,True,1
481483,Boca Beauty Academy,,boca-beauty-academy,Boca Raton,FL,33434-4178,https://www.bocabeautyacademy.edu/,26.366888,-80.167216,True,2
481517,SPBK Enterprises Inc,City Pointe Beauty Academy,spbk-enterprises-inc,Webb City,MO,64870-2502,https://www.citypointebeauty.com/,37.140007,-94.473433,True,1
481526,The Chrysm Institute of Esthetics,The Chrysm Institute,the-chrysm-institute-of-esthetics,Virginia Beach,VA,23452,https://chrysm.edu/,36.831342,-76.070962,True,2
481535,Sanford Burnham Prebys Medical Discovery Institute,,sanford-burnham-prebys-medical-discovery-institute,La Jolla,CA,92037-1005,https://www.sbpdiscovery.org/education/graduate-school,32.900056,-117.241748,True,1
481571,Belle Academy of Cosmetology LLC,,belle-academy-of-cosmetology-llc,Waterbury,CT,06704-1035,https://www.belleacademy.com/,41.59749,-73.055819,True,1
481678,Empire Beauty School-Augusta,,empire-beauty-school-augusta,Augusta,GA,30907-4122,https://www.empire.edu/,33.516811,-82.066289,False,13
481720,South University-High Point,South University-High Point,south-university-high-point,High Point,NC,27265-8320,"https://www.southuniversity.edu/high-point#location=High Point, NC",36.040441,-79.963547,False,9
481739,Empire Beauty School-Vernon Hills,,empire-beauty-school-vernon-hills,Vernon Hills,IL,60061-1519,https://www.empire.edu/,42.241767,-87.958698,False,8
481748,Empire Beauty School-Stone Park,,empire-beauty-school-stone-park,Stone Park,IL,60165-1010,https://www.empire.edu/,41.907282,-87.871263,False,8
481775,San Joaquin Valley College-Lancaster,,san-joaquin-valley-college-lancaster,Lancaster,CA,93534-7018,https://www.sjvc.edu/,34.648563,-118.148431,False,17
481845,Empire Beauty School-Rochester,,empire-beauty-school-rochester,Rochester,NY,14626-3461,https://www.empire.edu/,43.216013,-77.726297,False,7
481863,Ross Medical Education Center-Kokomo,,ross-medical-education-center-kokomo,Kokomo,IN,46902-3650,https://rosseducation.edu/,40.444807,-86.129996,False,6
481890,Ross Medical Education Center-Erlanger,,ross-medical-education-center-erlanger,Erlanger,KY,41018-1279,https://rosseducation.edu/,39.030899,-84.615734,False,11
481906,Ross Medical Education Center-Charleston,,ross-medical-education-center-charleston,Charleston,WV,25304-2816,https://rosseducation.edu/,38.310312,-81.567573,False,7
481960,InterCoast Colleges-Fairfield,,intercoast-colleges-fairfield,Fairfield,CA,94534,https://www.intercoast.edu/,38.230786,-122.124609,False,4
482015,Southern Careers Institute-San Antonio,,southern-careers-institute-san-antonio-2,San Antonio,TX,78238-4114,https://scitexas.edu/,29.4585,-98.627397,False,8
482060,Milan Institute-Merced,,milan-institute-merced,Merced,CA,95340-2626,https://www.milaninstitute.edu/,37.322518,-120.481067,False,5
482097,Midwest Technical Institute-Missouri,,midwest-technical-institute-missouri,Springfield,MO,65804-4414,https://www.midwesttech.edu/,37.147663,-93.256356,False,3
482149,Augusta University,,augusta-university,Augusta,GA,30912,https://www.augusta.edu/,33.47037,-81.989071,True,1
482158,Middle Georgia State University,,middle-georgia-state-university,Macon,GA,31206,https://www.mga.edu/,32.808092,-83.732058,True,1
482167,Trenz Beauty Academy,,trenz-beauty-academy,Calumet City,IL,60409,https://www.trenzbeautyacademy.com/,41.615676,-87.529507,True,1
482176,Paul Mitchell the School-Denver,,paul-mitchell-the-school-denver,Lakewood,CO,80226,https://paulmitchell.edu/denver,39.70898,-105.077283,True,1
482185,Academy of Interactive Entertainment,AIE,academy-of-interactive-entertainment,Seattle,WA,98109-4623,https://seattle.aie.edu/,47.621224,-122.351158,True,1
482194,ARROJO Academy,NA Enterprises LLC d/b/a Arrojo Cosmetology School,arrojo-academy,New York,NY,10014,https://www.arrojocosmetology.com/,40.72765,-74.005007,True,1
482200,Cosmetology Academy of Texarkana,,cosmetology-academy-of-texarkana,Texarkana,TX,75503,https://cosmetologyacademyoftexarkana.com/,33.457096,-94.132583,True,1
482228,Veritas Baptist College,VBC,veritas-baptist-college,Lawrenceburg,IN,47025,https://www.vbc.edu/,39.093747,-84.848698,True,1
482246,Lynnes Welding Training,,lynnes-welding-training,Fargo,ND,58102,https://learntoweld.com/,46.879868,-96.823617,True,3
482255,Aviation Institute of Maintenance-Las Vegas,,aviation-institute-of-maintenance-las-vegas,Las Vegas,NV,89119,https://aviationmaintenance.edu/campuses/las-vegas-nv,36.083117,-115.118122,False,2
482291,UEI College-Bakersfield,,uei-college-bakersfield,Bakersfield,CA,93308-0000,https://www.uei.edu/,35.381617,-119.049925,False,4
482413,DeVry College of New York,DeVry College of New York-Midtown Manhattan  DeVry College of New York-Rego Park,devry-college-of-new-york,New York,NY,10016,https://www.devry.edu/,40.747747,-73.983492,False,11
482422,DeVry University-Arizona,DeVry University-Phoenix,devry-university-arizona,Phoenix,AZ,85027,https://www.devry.edu/,33.565758,-112.104601,False,11
482431,DeVry University-California,DeVry University-NewarkDeVry University-OntarioDeVry University-San DiegoDeVry University-San JoseDeVry University-Sherman Oaks,devry-university-california,Ontario,CA,91764,https://www.devry.edu/,34.068481,-117.5876,False,11
482459,DeVry University-Florida,DeVry University-Orlando,devry-university-florida,Orlando,FL,32801,https://www.devry.edu/,28.53732,-81.379188,False,11
482468,DeVry University-Georgia,DeVry University-Decatur,devry-university-georgia,Decatur,GA,30030,https://www.devry.edu/,33.775112,-84.297316,False,11
482477,DeVry University-Illinois,DeVry University-ChicagoDeVry University-Chicago LoopDeVry University-Lisle,devry-university-illinois,Lisle,IL,60532,https://www.devry.edu/,41.807204,-88.116625,True,11
482547,DeVry University-Nevada,DeVry University-Henderson,devry-university-nevada,Henderson,NV,89074,https://www.devry.edu/,36.020266,-115.096601,False,11
482556,DeVry University-New Jersey,DeVry University-Iselin,devry-university-new-jersey,Iselin,NJ,08830,https://www.devry.edu/,40.557503,-74.311372,False,11
482574,DeVry University-Ohio,DeVry University-Columbus,devry-university-ohio,Columbus,OH,43219,https://www.devry.edu/,40.046679,-82.906219,False,11
482635,DeVry University-Texas,DeVry University-IrvingDeVry University-San Antonio,devry-university-texas,Irving,TX,75039,https://www.devry.edu/,32.934524,-97.012494,False,11
482653,DeVry University-Virginia,DeVry University-Arlington,devry-university-virginia,Arlington,VA,22202,https://www.devry.edu/,38.861096,-77.049759,False,11
482680,University of North Georgia,UNG,university-of-north-georgia,Dahlonega,GA,30597,https://www.ung.edu/,34.530219,-83.985694,True,1
482699,South Georgia State College,,south-georgia-state-college,Douglas,GA,31533,https://www.sgsc.edu/,31.495903,-82.855231,True,1
482705,Northeastern University Professional Programs,,northeastern-university-professional-programs,Boston,MA,02115,https://www.northeastern.edu/,42.339992,-71.088782,False,2
482936,Florida Polytechnic University,Florida Poly,florida-polytechnic-university,Lakeland,FL,33805-8531,https://floridapoly.edu/,28.150149,-81.845995,True,1
482963,American Institute-Toms River,,american-institute-toms-river,Toms River,NJ,08755,https://www.americaninstitute.edu/,40.044556,-74.220894,False,6
482981,Alamo City Barber College,ACBC LLC,alamo-city-barber-college,San Antonio,TX,78250-3227,https://www.alamocitybarbercollege.com/,29.52717,-98.639532,True,1
482990,Arizona College-Mesa,,arizona-college-mesa,Mesa,AZ,85201,https://www.arizonacollege.edu/,33.418374,-111.873428,False,20
483009,American College of Healthcare and Technology,,american-college-of-healthcare-and-technology-2,Huntington Park,CA,90255,https://www.ach.edu/,33.98271,-118.224752,False,3
483018,Antioch College,,antioch-college,Yellow Springs,OH,45387,https://antiochcollege.edu/,39.799806,-83.888077,True,1
483036,Texas A&M University-Central Texas,A&M-Central Texas,texas-a-m-university-central-texas,Killeen,TX,76549,https://tamuct.edu/,31.053407,-97.775182,True,1
483045,Central Georgia Technical College,CGTC,central-georgia-technical-college,Warner Robins,GA,31088,https://www.centralgatech.edu/,32.545341,-83.66765,True,1
483054,Barber School of Pittsburgh,,barber-school-of-pittsburgh,Pittsburgh,PA,15216,https://bsp.edu/,40.418425,-80.029439,True,1
483106,Innovate Salon Academy,,innovate-salon-academy,South Plainfield,NJ,07080,https://www.innovatesalonacademy.com/,40.550944,-74.426739,True,3
483124,Arizona State University Digital Immersion,ASU Skysong,arizona-state-university-digital-immersion,Scottsdale,AZ,85257,https://www.asu.edu/,33.463517,-111.924487,False,17
483212,Louisiana Delta Community College,LDCC,louisiana-delta-community-college,Monroe,LA,71203,https://www.ladelta.edu/,32.49637,-92.032664,True,1
483230,The Fab School,,the-fab-school,Rancho Cucamonga,CA,91730,https://www.thefabschool.com/,34.079866,-117.555168,True,1
483258,Networks Barber College,,networks-barber-college,Calumet City,IL,60409,https://www.networksbarbercollege.com/,41.621587,-87.539813,True,2
483276,JB's Hair Design and Barber College,,jb-s-hair-design-and-barber-college,Oklahoma City,OK,73139,https://www.jbsbarbercollege.org/,35.405519,-97.52838,True,1
483337,Paul Mitchell the School-Greenville,,paul-mitchell-the-school-greenville,Greenville,SC,29607,https://paulmitchell.edu/greenville,34.824899,-82.288377,False,4
483346,Barber and Beauty Academy of Pennsylvania,,barber-and-beauty-academy-of-pennsylvania,Harrisburg,PA,17110,https://www.barberandbeautyacademyofpa.com/,40.318324,-76.855569,True,1
483355,Delta College of Arts & Technology-Lafayette Campus,,delta-college-of-arts-technology-lafayette-campus,Lafayette,LA,70508,https://www.deltacollege.com/,30.158184,-92.041847,False,2
483364,Delta College-Slidell Campus,,delta-college-slidell-campus,Slidell,LA,70460-2624,https://deltacollege.com/,30.286052,-89.78043,False,2
483373,Integrity College of Health,,integrity-college-of-health,Pasadena,CA,91104,https://ich.edu/,34.171252,-118.131722,True,1
483382,Electrical and HVAC/R Training Center,,electrical-and-hvac-r-training-center,Copiague,NY,11726,https://www.electricaltrainingcenter.edu/,40.680471,-73.404943,True,1
483425,Alexander Paul Institute of Hair Design,Alexander Paul Institute,alexander-paul-institute-of-hair-design,Greenville,NC,27858-3344,https://www.alexanderpaul.edu/,35.604962,-77.371696,True,1
483470,More Tech Institute,,more-tech-institute,Hialeah,FL,33012,https://moretechinstitute.edu/,25.8659,-80.30405,True,1
483504,Dorsey College-Dearborn,Dorsey College- Dearborn,dorsey-college-dearborn,Detroit,MI,48228,https://www.dorsey.edu/,42.330658,-83.219356,False,7
483513,Neecee's Barber College,,neecee-s-barber-college,Abilene,TX,79602,https://neeceescollege.com/,32.400984,-99.745008,True,1
483559,Bella Cosmetology and Barber College,,bella-cosmetology-and-barber-college,Greenville,TX,75402,https://bellacollege.com/,33.119725,-96.107802,True,1
483577,Franklin Hair Academy School of Cosmetology,,franklin-hair-academy-school-of-cosmetology,Franklin,TN,37064-2126,https://franklinhairacademy.com/,35.932691,-86.880233,True,1
483595,Ana G. Mendez University,AGMU,ana-g-mendez-university,Orlando,FL,32822,https://www.agmu.edu/,28.482195,-81.30843,True,1
483647,Ohio Institute of Allied Health,,ohio-institute-of-allied-health,Huber Heights,OH,45424-3646,https://www.oiah.edu/,39.84549,-84.14076,True,1
483708,Access Careers,,access-careers,Hempstead,NY,11550-0000,https://www.accesscareers.net/,40.709502,-73.61531,True,2
483726,Luckes Beauty Academy LLC,,luckes-beauty-academy-llc,Newport  News,VA,23601-1303,https://www.luckesbeautyacademy.com/,37.08367,-76.457022,True,1
483735,Total Transformation Institute of Cosmetology,Total Transformation Institute,total-transformation-institute-of-cosmetology,San Marcos,TX,78666-8115,https://ttioc.edu/,29.882696,-97.920002,True,1
483744,Vibe Barber College,,vibe-barber-college,Memphis,TN,38107-2538,https://vibebarbercollege.edu/,35.165189,-90.036149,True,1
483753,Champ's Barber School,,champ-s-barber-school,Lancaster,PA,17602-3809,https://www.champsbarberschool.com/,40.037616,-76.307594,True,3
483780,Washington University of Science and Technology,IGlobal University,washington-university-of-science-and-technology,Alexandria,VA,22314-5202,https://www.wust.edu/,38.801865,-77.082968,True,1
483799,East-West Healing Arts Institute,,east-west-healing-arts-institute,Madison,WI,53719-1133,https://acupressureschool.com/,43.056,-89.491041,True,2
483814,Standard Healthcare Services-College of Nursing,Standard College,standard-healthcare-services-college-of-nursing,Falls Church,VA,22043,https://www.standardcollege.edu/,38.907703,-77.207364,True,1
483823,Philadelphia Technician Training,Philadelphia Technician Training Institute,philadelphia-technician-training,Philadelphia,PA,19138-1324,https://www.ptt.edu/,40.068722,-75.157038,True,1
483850,Alliance Computing Solutions,,alliance-computing-solutions,Flushing,NY,11354-6507,https://www.acs.edu/,40.76156,-73.831481,True,1
483869,InterAmerican Technical Institute,ITI,interamerican-technical-institute,Miami,FL,33174-2950,https://www.iti.edu/,25.760656,-80.350943,True,1
483878,Bay Area Medical Academy,,bay-area-medical-academy,San Francisco,CA,94108-3623,https://www.bamasf.edu/,37.790775,-122.406318,True,2
483887,Mind Body Institute,,mind-body-institute,Madison,TN,37115-2120,https://mindbody.edu/,36.29177,-86.706249,True,1
483896,Parisian Spa Institute,,parisian-spa-institute,Jacksonville,FL,32204-4127,https://psijax.edu/,30.31314,-81.677501,True,1
483911,Creative Touch Cosmetology School,,creative-touch-cosmetology-school,Waterloo,IL,62298-1609,https://www.creativetouch.edu/,38.335231,-90.146194,True,1
483920,LaBarberia Institute of Hair,,labarberia-institute-of-hair,Mayfield Hts,OH,44124,https://www.labarberiainstitute.com/,41.5161,-81.450649,True,1
483948,Bos-Man's Barber College,,bos-man-s-barber-college,Shreveport,LA,71108,https://www.bosmansbarbercollege.com/,32.442955,-93.782849,True,1
483957,Lawrence & Company College of Cosmetology,,lawrence-company-college-of-cosmetology-2,Selma,CA,93662-3509,https://www.lawrencecosmetology.com/,36.570318,-119.611752,True,1
483975,Alabama College of Osteopathic Medicine,ACOM,alabama-college-of-osteopathic-medicine,Dothan,AL,36303-2251,https://www.acom.edu/,31.206294,-85.340805,True,1
484002,High Desert Medical College,,high-desert-medical-college,Lancaster,CA,93534,https://www.hdmc.edu/,34.67613,-118.144328,True,3
484011,Paul Mitchell the School-Schenectady,,paul-mitchell-the-school-schenectady,Schenectady,NY,12305-2303,https://paulmitchell.edu/schenectady,42.813241,-73.941968,True,2
484020,Beyond Measure Barbering Institute,,beyond-measure-barbering-institute,Mebane,NC,27302-2323,https://www.beyondmeasurebarbering.com/,36.098405,-79.276539,True,1
484057,Jupiter Beauty Academy,,jupiter-beauty-academy,Boston,MA,02122-2834,https://www.jba.edu/,42.305343,-71.057468,True,1
484066,MedQuest College,,medquest-college,Louisville,KY,40223-1882,https://medquestcollege.edu/,38.224517,-85.560651,True,1
484075,First Coast Barber Academy,FCB Academy,first-coast-barber-academy,Jacksonville,FL,32202,https://firstcoastbarberacademy.com/,30.33211,-81.660201,True,1
484084,Debutantes School of Cosmetology and Nail Technology,Debutantes School of Beauty,debutantes-school-of-cosmetology-and-nail-technology,Dekalb,IL,60115-3301,https://www.debschool.com/,41.93057,-88.751471,True,1
484093,Paul Mitchell the School-Farmington Hills,Excel Academies,paul-mitchell-the-school-farmington-hills,Farmington Hills,MI,48334-1300,https://paulmitchell.edu/farmingtonhills,42.498205,-83.357682,True,1
484109,Paul Mitchell the School-Merrillville,Excel Academies,paul-mitchell-the-school-merrillville,Merrillville,IN,46410-5540,https://paulmitchell.edu/merrillville,41.47368,-87.336518,True,1
484127,TIGI Hairdressing Academy Newtown,,tigi-hairdressing-academy-newtown,Newtown,CT,06470-0000,https://tiginewtown.com/,41.392938,-73.290525,True,1
484136,Yahweh Beauty Academy,,yahweh-beauty-academy,Killeen,TX,76543-4153,https://www.yahwehbeautyacademy.com/,31.112893,-97.700269,True,1
484163,Arizona School of Integrative Studies,ASIS Massage Education,arizona-school-of-integrative-studies,Mesa,AZ,85201,https://www.asismassage.edu/,33.41482,-111.837249,True,1
484172,Lee Professional Institute,,lee-professional-institute,Fort Myers,FL,33916-9320,https://www.leeproinstitute.edu/,26.60411,-81.851331,True,1
484190,Park Place Premier Barber School,,park-place-premier-barber-school,New Orleans,LA,70122-3808,https://www.parkplacebarberschool.edu/,29.997288,-90.061019,True,1
484206,The Salon Professional Academy-San Jose,,the-salon-professional-academy-san-jose,San Jose,CA,95129-5101,https://www.tspasanjose.com/,37.292025,-121.989475,True,1
484233,Tri-Community Adult Education,,tri-community-adult-education,Covina,CA,91722-3925,https://www.tri-communityadulted.org/,34.104391,-117.887096,True,1
484330,Ross Medical Education Center-Owensboro,,ross-medical-education-center-owensboro,Owensboro,KY,42303-7757,https://rosseducation.edu/,37.72084,-87.119243,False,7
484349,Ross Medical Education Center-Evansville,,ross-medical-education-center-evansville,Evansville,IN,47715-2405,https://rosseducation.edu/,37.978574,-87.490569,False,6
484358,Ross Medical Education Center-Johnson City,,ross-medical-education-center-johnson-city,Johnson City,TN,37601-1526,https://rosseducation.edu/,36.35971,-82.383171,False,6
484367,North-West College-Anaheim,,north-west-college-anaheim,Anaheim,CA,92801,https://www.nw.edu/,33.839313,-117.959766,False,4
484376,North-West College-Long Beach,,north-west-college-long-beach,Long Beach,CA,90815-1770,https://www.nw.edu/,33.801894,-118.14854,False,4
484394,Taylor Andrews Academy of Hair Design-Provo,"Provo Taylor Andrews Academy  Taylor Andrews, Inc.",taylor-andrews-academy-of-hair-design-provo,Provo,UT,84604,https://www.taylorandrew.com/,40.261578,-111.669298,False,3
484473,University of Florida-Online,,university-of-florida-online,Gainesville,FL,32609-8977,https://www.ufonline.ufl.edu/,29.649413,-82.339848,False,1
484604,Ogle School Hair Skin Nails-Stafford,Ogle School,ogle-school-hair-skin-nails-stafford,Stafford,TX,77477,https://ogleschool.edu/,29.63502,-95.588371,False,3
484613,University of Phoenix-Arizona,,university-of-phoenix-arizona,Phoenix,AZ,85040,https://www.phoenix.edu/,33.41128,-112.012761,True,1
484844,Minerva University,Minerva,minerva-university,San Francisco,CA,94103,https://www.minerva.edu/,37.782711,-122.408039,False,1
484862,University of West Los Angeles,,university-of-west-los-angeles,Inglewood,CA,90301,https://www.uwla.edu/,33.947341,-118.36957,True,2
484871,Rabbinical College Ohr Yisroel,,rabbinical-college-ohr-yisroel,Brooklyn,NY,11236,https://www.rabbinicalcollegeohryisroel.com/,40.629707,-73.896524,True,1
484899,Aveda Institute-Phoenix,,aveda-institute-phoenix,Tempe,AZ,85284,https://avedainspiregreatness.com/phoenix-campus/,33.338893,-111.968721,False,3
484905,University of North Texas at Dallas,UNTD,university-of-north-texas-at-dallas,Dallas,TX,75241,https://untdallas.edu/,32.659588,-96.803446,True,1
484932,BridgeValley Community & Technical College,,bridgevalley-community-technical-college,South  Charleston,WV,25136,https://www.bridgevalley.edu/,38.353846,-81.6983,True,1
484950,Northwest College-Medford,Northwest College - School of Beauty,northwest-college-medford,Medford,OR,97504-9998,https://www.nwcollege.edu/,42.369051,-122.852524,False,5
484996,Houston Training Schools-Gessner,,houston-training-schools-gessner,Houston,TX,77063-0000,https://houstontrainingschools.net/,29.72401,-95.540324,False,2
485014,Empire Beauty School-Buffalo,,empire-beauty-school-buffalo,Cheektowaga,NY,14225-5177,https://www.empire.edu/,42.908206,-78.755118,False,7
485032,Paul Mitchell the School-Toledo,,paul-mitchell-the-school-toledo,Sylvania,OH,43560-2539,https://paulmitchell.edu/toledo,41.706636,-83.668124,False,2
485111,Georgia Military College,,georgia-military-college,Milledgeville,GA,31061,https://www.gmc.edu/,33.07944,-83.224211,True,9
485166,Beau Monde Academy of Barbering and Cosmetology,Miss Beau Monde Inc,beau-monde-academy-of-barbering-and-cosmetology,Portland,OR,97232-1315,https://www.beaumondeacademy.com/,45.531839,-122.65456,True,1
485236,Fountain of Youth Academy of Cosmetology,,fountain-of-youth-academy-of-cosmetology,Pittsburgh,PA,15217,https://fountainofyouthacademy.edu/,40.437815,-79.921895,True,1
485272,West Coast University-Miami,,west-coast-university-miami,Doral,FL,33178-2431,https://westcoastuniversity.edu/,25.81071,-80.347651,False,6
485342,Aparicio-Levy Technical College,,aparicio-levy-technical-college,Tampa,FL,33610,https://www.hillsboroughschools.org/altc,27.990625,-82.332285,True,1
485360,Graduate America,,graduate-america,Houston,TX,77070,https://www.vocationalnursinginstitute.com/,29.903883,-95.587085,True,1
485379,Hollywood Institute of Beauty Careers-West Palm Beach,,hollywood-institute-of-beauty-careers-west-palm-beach,West Palm Beach,FL,33405-4813,https://www.hi.edu/,26.649613,-80.057435,False,3
485388,Hollywood Institute of Beauty Careers-Casselberry,,hollywood-institute-of-beauty-careers-casselberry,Casselberry,FL,32707-7103,https://www.hi.edu/,28.633003,-81.321511,False,3
485397,Empire Beauty School-Cheltenham,,empire-beauty-school-cheltenham,Wyncote,PA,19095,https://www.empire.edu/,40.082265,-75.16864,False,13
485403,High Tech High Graduate School of Education,,high-tech-high-graduate-school-of-education,San Diego,CA,92106,https://hthgse.edu/,32.732001,-117.217661,True,1
485412,MJ Barber & Beauty Academy,MJ Barber & Beauty Academy,mj-barber-beauty-academy-2,Hemet,CA,92545,https://www.mjbarberandbeautyacademy.com/,33.745675,-117.010783,False,2
485458,Coastal Pines Technical College,,coastal-pines-technical-college,Waycross,GA,31503,https://www.coastalpines.edu/,31.212781,-82.3821,True,1
485476,Studio Beauty School,,studio-beauty-school,Spokane Valley,WA,99206,https://www.studiobeautyschool.com/,47.657655,-117.270239,True,1
485485,Latin Beauty Academy,,latin-beauty-academy,greenacres,FL,33415-6104,https://www.latinbeautyacademy.edu/,26.64951,-80.143681,True,1
485494,Associated Barber College of San Diego,,associated-barber-college-of-san-diego,San Diego,CA,92101-4210,https://associatedbarbercollege.edu/,32.719318,-117.159908,True,1
485500,ABCO Technology,,abco-technology,Los Angeles,CA,90043-1551,https://www.abcotechnology.edu/,33.988685,-118.350978,True,1
485519,Lionel University,Lionel,lionel-university,Carpinteria,CA,93013-2912,https://lionel.edu/,34.38768,-119.486417,True,1
485546,California Intercontinental University,,california-intercontinental-university,Sioux Falls,SD,57103,https://www.caluniversity.edu/,43.547576,-96.723619,True,1
485564,Infinity College,,infinity-college,Lafayette,LA,70501-8833,https://www.infinitycollege.edu/,30.250488,-91.999354,True,1
485573,Universal Healthcare Careers College,,universal-healthcare-careers-college,Los Angeles,CA,90015-3811,https://www.uhcc.edu/,34.0499,-118.274771,True,1
485607,Dolce The Academy,Dolce Academy,dolce-the-academy,Waterbury,CT,06705,https://www.dolceacademy.edu/,41.540983,-72.991263,True,1
485698,American College of the Building Arts,,american-college-of-the-building-arts,Charleston,SC,29403-4223,https://acba.edu/,32.805094,-79.946888,True,1
485768,Atlantis University,,atlantis-university,Miami,FL,33136,https://atlantisuniversity.edu/,25.786495,-80.211287,True,1
485801,Westchester School for Medical & Dental Assistants,,westchester-school-for-medical-dental-assistants,Ardsley,NY,10502,https://www.wsmda.edu/,41.023908,-73.842769,True,1
485856,Studio Incamminati,"Studio Incamminati, School for Contemporary Realist Art",studio-incamminati,Philadelphia,PA,19148-2384,https://www.studioincamminati.edu/,39.925181,-75.160105,True,1
485874,Salon Boutique Academy,,salon-boutique-academy,Addison,TX,75001-4399,https://www.salonboutiqueacademy.com/,32.954908,-96.841676,True,1
485926,GA Beauty & Barber School,,ga-beauty-barber-school,McAllen,TX,78501-3309,https://www.gabeautybarber.com/,26.237585,-98.257166,True,1
485953,The Recording Conservatory of Austin,,the-recording-conservatory-of-austin,Austin,TX,78730-3004,https://trcoa.edu/,30.360236,-97.831161,True,1
485962,VH Barber & Styling Academy,VH Academy,vh-barber-styling-academy,Bossier City,LA,71111-4409,https://vhacademy.edu/,32.517057,-93.717542,True,1
485999,Bet Medrash Gadol Ateret Torah,,bet-medrash-gadol-ateret-torah,Brooklyn,NY,11223-1933,https://betmedrashgadolaterettorah.com/,40.607809,-73.969945,True,1
486017,Yeshiva Ohr Yisrael,Yeshiva Gedola Ohr Yisrael,yeshiva-ohr-yisrael,Brooklyn,NY,11229-1817,https://www.yoy.edu/,40.61359,-73.944041,True,1
486026,Yeshiva Sholom Shachna,,yeshiva-sholom-shachna,Brooklyn,NY,11230,https://yeshivasholomshachna.com/,40.6275,-73.973431,True,1
486053,Bethlehem College & Seminary,,bethlehem-college-seminary,Minneapolis,MN,55415-1793,https://bcsmn.edu/,44.968872,-93.255399,True,1
486080,Elmezzi Graduate School of Molecular Medicine,,elmezzi-graduate-school-of-molecular-medicine,Manhasset,NY,11030-3816,https://www.northwell.edu/education-and-resources/elmezzi-graduate-school-of-molecular-medicine,40.775582,-73.702257,True,1
486150,Treasure Coast Technical College,,treasure-coast-technical-college,Vero Beach,FL,32967-3527,https://tctc.indianriverschools.org/,27.678049,-80.413849,True,1
486169,American College of Barbering,,american-college-of-barbering,Louisville,KY,40229-2862,https://www.americancollegeofbarbering.com/,38.084678,-85.670147,True,2
486196,Beth Medrash Meor Yitzchok,,beth-medrash-meor-yitzchok,Monsey,NY,10952-4023,https://bethmedrashmeoryitzchok.com/,41.100906,-74.060843,True,1
486202,Mingo Extended Learning Center,,mingo-extended-learning-center,Delbarton,WV,25670,https://www.mingoschools.com/Domain/15,37.677016,-82.176972,True,1
486239,San Ignacio University,,san-ignacio-university,Doral,FL,33178-2350,https://www.sanignaciouniversity.edu/,25.81067,-80.367975,True,1
486248,ZMS The Academy,,zms-the-academy,Los Angeles,CA,90033-4231,https://www.zmsacademy.com/,34.047305,-118.209424,True,1
486257,Valor Christian College,,valor-christian-college,Canal Winchester,OH,43110,https://www.valorcollege.edu/,39.891571,-82.829696,True,1
486284,Bethany Global University,"BGU, Bethany College of Missions, BCOM, Bethany",bethany-global-university,Bloomington,MN,55439,https://bethanygu.edu/,44.795501,-93.371754,True,1
486345,HVAC Technical Institute,,hvac-technical-institute,Chicago,IL,60632-4457,https://www.hvac-tech.com/,41.809897,-87.733452,True,1
486354,United International College,,united-international-college,Dania Beach,FL,33004,https://www.uinternational.edu/,26.047675,-80.143309,True,1
486372,San Francisco Film School,San Francisco Film School,san-francisco-film-school,San Francisco,CA,94104-2835,https://www.sanfranciscofilmschool.edu/,37.791643,-122.401124,True,1
486381,Center for Ultrasound Research & Education,CURE,center-for-ultrasound-research-education,White Plains,NY,10604,https://www.cure.edu/,41.028851,-73.746486,True,1
486406,Randolph Technical Center,RTC,randolph-technical-center,Elkins,WV,26241-9527,https://rtc.rand.k12.wv.us/,38.890857,-79.852118,True,1
486415,AMG School of Nursing,,amg-school-of-nursing,Brooklyn,NY,11201-1728,https://amg.edu/,40.701286,-73.985092,True,1
486424,Saint Michael College of Allied Health,,saint-michael-college-of-allied-health,Washington,DC,20002,https://www.smcah.edu/,38.904414,-76.980916,True,1
486442,Sandra Academy of Salon Services,,sandra-academy-of-salon-services,New Tazewell,TN,37825-7239,https://www.sandraacademy.edu/,36.444823,-83.586525,True,1
486497,California Barber and Beauty College,,california-barber-and-beauty-college,San Diego,CA,92115-4730,https://www.californiabarberbeautycollege.com/,32.757282,-117.0814,True,1
486503,Laredo CHI Academy Beauty School,,laredo-chi-academy-beauty-school,Laredo,TX,78041-6540,https://www.laredochi.com/,27.575732,-99.467036,True,1
486512,Florida International Training Institute,,florida-international-training-institute,Miami,FL,33122-1707,https://fitischools.edu/,25.797851,-80.314681,True,1
486530,Gould's Academy,,gould-s-academy,Memphis,TN,38119-5317,https://www.gouldsacademy.com/,35.098298,-89.860578,True,2
486558,Aviation Institute of Maintenance-Fremont,,aviation-institute-of-maintenance-fremont,Fremont,CA,94539,https://aviationmaintenance.edu/campuses/fremont-ca,37.468594,-121.92135,True,1
486567,Paul Mitchell the School-Tulsa,,paul-mitchell-the-school-tulsa,Tulsa,OK,74134-1410,https://paulmitchell.edu/tulsa,36.132259,-95.82023,True,1
486576,PPG Technical College,PPG,ppg-technical-college,Caguas,PR,00726-3164,https://estudiappg.com/,18.247316,-66.037771,True,1
486619,Academy of Professional Cosmetology,APC,academy-of-professional-cosmetology,Rogers,AR,72756-2028,https://www.apcschools.com/,36.35541,-94.157411,True,1
486691,Empire Beauty School-Northlake,,empire-beauty-school-northlake,Atlanta,GA,30345-3762,https://www.empire.edu/,33.847741,-84.256996,False,8
486707,Ross Medical Education Center-Huntsville,,ross-medical-education-center-huntsville,Huntsville,AL,35806-2509,https://rosseducation.edu/,34.736871,-86.661349,False,9
486716,Ross Medical Education Center-Knoxville,,ross-medical-education-center-knoxville,Knoxville,TN,37922-2367,https://rosseducation.edu/,35.912854,-84.096882,False,7
486752,Ross Medical Education Center-Muncie,,ross-medical-education-center-muncie,Muncie,IN,47303-6413,https://rosseducation.edu/,40.23238,-85.390811,False,11
486770,Cortiva Institute-Arlington,,cortiva-institute-arlington,Arlington,TX,76017-5818,https://www.cortiva.edu/,32.6769,-97.119031,False,2
486798,Tulsa Welding School-Houston,"Tulsa Welding School & Technology Center, TWSTC, TWS-Houston",tulsa-welding-school-houston,Houston,TX,77060-2100,https://www.tws.edu/,29.950897,-95.413192,False,5
486813,Pima Medical Institute-El Paso,,pima-medical-institute-el-paso,El Paso,TX,79915-1525,https://pmi.edu/,31.773629,-106.383883,False,13
486822,Pima Medical Institute-Phoenix,,pima-medical-institute-phoenix,Phoenix,AZ,85029-4929,https://pmi.edu/,33.608723,-112.118075,False,2
486840,Kennesaw State University,KSU,kennesaw-state-university,Kennesaw,GA,30144,https://www.kennesaw.edu/,34.038807,-84.583052,True,1
486859,Entourage Institute of Beauty and Esthetics,Davines Professional Academy of Beauty and Business,entourage-institute-of-beauty-and-esthetics,Lincoln,NE,68516-2306,https://www.entouragebeautyne.com/,40.756017,-96.641266,True,1
486877,Eastern Suffolk BOCES,,eastern-suffolk-boces-2,Riverhead,NY,11901-2763,https://adulteducation.esboces.org/programs-services/cosmetology-program/about-cosmetology,40.927928,-72.671895,False,3
486886,Eastern Suffolk BOCES,,eastern-suffolk-boces-3,Oakdale,NY,11769-1650,https://adulteducation.esboces.org/programs-services/cosmetology-program/about-cosmetology,40.745531,-73.109752,False,3
486901,Milligan University,Milligan,milligan-university,Milligan,TN,37682,https://www.milligan.edu/,36.300147,-82.29407,True,1
486938,Chamberlain University-Nevada,Chamberlain College of Nursing-Las Vegas,chamberlain-university-nevada,Las Vegas,NV,89144,https://www.chamberlain.edu/,36.185176,-115.313525,False,15
486947,Chamberlain University-Michigan,Chamberlain College of Nursing-Troy,chamberlain-university-michigan,Troy,MI,48084,https://www.chamberlain.edu/,42.557063,-83.150571,False,15
486956,Chamberlain University-New Jersey,Chamberlain College of Nursing-North Brunswick,chamberlain-university-new-jersey,North Brunswick,NJ,08902,https://www.chamberlain.edu/,40.465934,-74.438877,False,15
487010,The University of Tennessee Health Science Center,UTHSC,the-university-of-tennessee-health-science-center,Memphis,TN,38163,https://www.uthsc.edu/,35.138847,-90.033196,True,1
487047,Unitech Training Academy-New Orleans,,unitech-training-academy-new-orleans,New Orleans,LA,70123-0000,https://www.unitechta.edu/,29.948535,-90.183521,False,6
487065,Wade Gordon Hairdressing Academy-Lubbock,,wade-gordon-hairdressing-academy-lubbock,Lubbock,TX,79423-2125,https://wadegordonacademy.com/,33.524818,-101.869638,False,3
487083,Protege Academy,,protege-academy-2,Mt. Pleasant,MI,48858-2058,https://www.protegeacademy.com/,43.61137,-84.751095,False,2
487092,Emory University-Oxford College,,emory-university-oxford-college,Oxford,GA,30054,https://www.oxford.emory.edu/,33.6191,-83.871141,False,2
487153,The Chicago School at Xavier University of Louisiana,The Chicago School of Professional Psychology at Xavier University of Louisiana,the-chicago-school-at-xavier-university-of-louisiana,New Orleans,LA,70125-1056,https://www.thechicagoschool.edu/in-the-community/locations/,29.964162,-90.107307,False,8
487162,Southern Regional Technical College,Southwest Georgia Technical College  Thomas Technical Institute  Moultrie Technical College,southern-regional-technical-college,Thomasville,GA,31792,https://southernregional.edu/,30.863799,-83.9514,True,1
487232,Texas College of Cosmetology-Lubbock,,texas-college-of-cosmetology-lubbock,Lubbock,TX,79414-2532,https://www.texascollegecosmetology.com/,33.561435,-101.924031,False,3
487302,Fortis College-Cuyahoga Falls,,fortis-college-cuyahoga-falls,Cuyahoga Falls,OH,44221,https://www.fortis.edu/,41.143856,-81.470433,True,3
487311,Jones Technical Institute,J-Tech,jones-technical-institute,Jacksonville,FL,32256-0367,https://www.jtech.org/,30.20813,-81.561491,True,1
487320,Texas State Technical College,TSTC,texas-state-technical-college,Waco,TX,76705,https://www.tstc.edu/,31.639295,-97.08471,True,1
487348,Aveda Institute Portland-Vancouver Campus,,aveda-institute-portland-vancouver-campus,Vancouver,WA,98661-7264,https://avedapdx.com/,45.643767,-122.603849,False,2
487375,Arizona College of Nursing-Las Vegas,,arizona-college-of-nursing-las-vegas,Las Vegas,NV,89113,https://www.arizonacollege.edu/,36.067353,-115.274149,False,20
487481,UEI College-Phoenix,,uei-college-phoenix,Phoenix,AZ,85021-2718,https://www.uei.edu/,33.57026,-112.116121,False,12
487506,The Institute of Beauty and Wellness Madison,Aveda Institute Madison,the-institute-of-beauty-and-wellness-madison,Madison,WI,53717-0000,https://www.ibw.edu/,43.072676,-89.398711,False,2
487524,Husson University,Husson,husson-university,Bangor,ME,04401-2929,https://www.husson.edu/,44.829002,-68.791476,True,1
487533,Tricoci University of Beauty Culture-Elgin,Elgin,tricoci-university-of-beauty-culture-elgin,Elgin,IL,60123-9412,https://www.tricociuniversity.edu/,42.026819,-88.341498,False,2
487588,Concorde Career College-Southaven,,concorde-career-college-southaven,Southaven,MS,38671,https://www.concorde.edu/campus/southaven-mississippi,34.976181,-89.988876,False,3
487597,Universal Technical Institute-Southern California,Universal Technical Institute - Long Beach,universal-technical-institute-southern-california,Long Beach,CA,90808-1789,https://www.uti.edu/,33.826017,-118.145393,False,6
487603,Northwest University-Center for Online and Extended Education,,northwest-university-center-for-online-and-extended-education,Kirkland,WA,98033,https://www.northwestu.edu/,47.657502,-122.195774,False,1
487621,Celebrity Barber School,Celebrity Barber School,celebrity-barber-school,Monroe,LA,71201-5133,https://www.celebritystylistbeautyschool.com/,32.521718,-92.083641,False,2
487649,California Institute of Advanced Management,CIAM,california-institute-of-advanced-management,Alhambra,CA,91803,https://www.ciam.edu/,34.082467,-118.15055,True,1
487658,Academy of Interactive Entertainment,AIE,academy-of-interactive-entertainment-2,Lafayette,LA,70506-4293,https://lafayette.aie.edu/,30.220037,-92.043315,True,1
487676,The Temple Annapolis-A Paul Mitchell Partner School,THE TEMPLE Annapolis,the-temple-annapolis-a-paul-mitchell-partner-school,Annapolis,MD,21401-3833,https://paulmitchell.edu/annapolis,38.980115,-76.543104,False,2
487746,Yeshiva Zichron Aryeh,,yeshiva-zichron-aryeh,Far Rockaway,NY,11691-0000,https://yeshivazichronaryeh.com/,40.606105,-73.764423,True,1
487773,Butte County Regional Occupational Program,Butte County ROP,butte-county-regional-occupational-program,Chico,CA,95928-7191,https://cte.bcoe.org/,39.715283,-121.804024,True,1
487791,Arclabs,Arclabs Welding School,arclabs,Piedmont,SC,29673,https://www.arclabs.edu/,34.77072,-82.461311,True,1
487807,Top of the Line Barber College,,top-of-the-line-barber-college,Charleston,SC,29403-2228,https://www.topofthelinebarbercollege.edu/,32.795805,-79.937096,True,1
487816,Midfield Institute of Cosmetology,,midfield-institute-of-cosmetology,Midfield,AL,35228-2233,https://midfieldic.edu/,33.463987,-86.908933,True,1
487861,Felbry College,FCSON,felbry-college,Columbus,OH,43231-2256,https://felbrycollege.edu/,40.09578,-82.951066,True,1
487904,Kentucky Horseshoeing School,,kentucky-horseshoeing-school,Richmond,KY,40475-1810,https://khs.edu/,37.875066,-84.340899,True,1
487922,Image Maker Beauty Institute,,image-maker-beauty-institute,Hendersonville,TN,37075-4488,https://www.imagemakerbeauty.com/,36.304927,-86.601706,True,1
487959,Dalton Institute of Esthetics and Cosmetology,,dalton-institute-of-esthetics-and-cosmetology,Dalton,GA,30720,https://www.daltoninstitute.com/,34.762636,-84.970455,True,1
487968,CAAN Academy of Nursing,,caan-academy-of-nursing,Matteson,IL,60443-3821,https://caanacademy.org/,41.505272,-87.731726,True,1
487977,Martinsburg College,,martinsburg-college,Cheyenne,WY,82009,https://www.martinsburgcollege.edu/,39.487035,-77.959662,True,1
487995,Alhambra Medical University,Fen Wu University of Alternative Medicine,alhambra-medical-university,Alhambra,CA,91803,https://www.amu.edu/,34.080181,-118.148684,True,1
488004,Central Yeshiva Beth Joseph,,central-yeshiva-beth-joseph,Airmont,NY,10901,https://centralyeshivabethjoseph.com/,40.615411,-73.959386,True,1
488013,Garden State Science and Technology Institute,,garden-state-science-and-technology-institute,Jersey City,NJ,07306-2714,https://www.gssti.edu/,40.734746,-74.059669,True,1
488022,Barber Tech Academy,,barber-tech-academy,Orangeburg,SC,29115-6069,https://www.barbertechacademy.com/,33.492394,-80.856946,True,2
488031,Abraham Lincoln University,,abraham-lincoln-university,Glendale,CA,91203,https://www.alu.edu/,34.146294,-118.256726,True,1
488059,Med College,,med-college,Hialeah,FL,33018-4937,https://www.medcollege.edu/,25.89821,-80.35256,True,1
488077,Sonoran Desert Institute,,sonoran-desert-institute,Tempe,AZ,85281,https://www.sdi.edu/,33.420286,-111.964106,True,1
488086,Northwest Suburban College,NWSC,northwest-suburban-college,Rollng Meadows,IL,60008-4504,https://nwsc.edu/,42.052481,-88.004207,True,1
488110,Natural Images Beauty College,N.I.Beauty College,natural-images-beauty-college,Clute,TX,77531-3603,https://natural-images-bc.com/,29.026275,-95.400805,True,1
488129,Textures Institute of Cosmetology,,textures-institute-of-cosmetology,Indianapolis,IN,46268-3635,https://texturesinstitute.org/,39.906649,-86.218117,True,1
488138,Williams Technical College,Williams Technical College,williams-technical-college,Houma,LA,70360-2816,https://www.williamstechnicalcollege.com/,29.598445,-90.74457,True,1
488174,Ea La Mar's Cosmetology & Barber College,,ea-la-mar-s-cosmetology-barber-college,Kansas City,MO,64127-1912,https://www.ealamarscollege.com/,39.094285,-94.551962,True,1
488183,Regina Webb Academy,Regina Webb Academy LLC,regina-webb-academy,Bowling Green,KY,42104-4457,https://reginawebbacademy.com/,36.952887,-86.427834,True,1
488192,DeHart Technical School,,dehart-technical-school,Modesto,CA,95356-9292,https://www.deharttech.edu/,37.71339,-120.997781,True,1
488217,Medical Career & Technical College,,medical-career-technical-college,Richmond,KY,40475-2614,https://www.medicalcareerandtechnicalcollege.edu/,37.734796,-84.309012,True,1
488226,Center for Neurosomatic Studies,,center-for-neurosomatic-studies,Clearwater,FL,33760,https://cns.edu/,27.898475,-82.714351,True,1
488253,Focus Personal Training Institute,FPTI,focus-personal-training-institute,New York,NY,10001-6217,https://www.fpti.edu/,40.745926,-73.991731,True,1
488262,Hair Academy School of Barbering & Beauty,,hair-academy-school-of-barbering-beauty,Newark,DE,19713-2305,https://hairacademysbb.edu/,39.65906,-75.73689,True,1
488280,National Personal Training Institute,,national-personal-training-institute,Orlando,FL,32817-1481,https://nptiflorida.edu/,28.599067,-81.219818,True,2
488299,Mission Beauty Institute,,mission-beauty-institute,Mission,TX,78572-4404,https://missionbeautyinstitute.wordpress.com/,26.213855,-98.31205,True,1
488305,Elim Bible College,EBC,elim-bible-college,Lima,NY,14485-9704,https://www.elim.edu/,42.909692,-77.615151,True,1
488314,Beth Medrash of Asbury Park,,beth-medrash-of-asbury-park,Lakewood,NJ,08701-5842,https://baismedrashzichronmeir.com/,40.043705,-74.210816,True,1
488332,Hope College of Arts and Sciences,,hope-college-of-arts-and-sciences,Pompano Beach,FL,33069-3240,https://hcas.edu/,26.226156,-80.139671,True,1
488350,Yeshiva Gedolah Shaarei Shmuel,,yeshiva-gedolah-shaarei-shmuel,Lakewood,NJ,08701-3623,https://yeshivagedolahshaareishmuel.com/,40.091,-74.197596,True,1
488369,Premier Barber Institute,,premier-barber-institute,Norristown,PA,19401-5163,https://www.premierbarberinstitute.com/,40.11065,-75.333151,True,1
488378,International Beauty Education Center,,international-beauty-education-center,Spokane,WA,99207-0000,https://spokanebeautyschool.com/,47.643215,-117.58908,True,1
488387,Claremont Lincoln University,,claremont-lincoln-university,Claremont,CA,91711-4744,https://www.claremontlincoln.edu/about-claremont-lincoln/,34.094273,-117.716117,True,1
488396,Phipps Academy of Barbering,,phipps-academy-of-barbering,Richton Park,IL,60471-1404,https://www.phippsacademy.com/,41.485005,-87.705681,True,2
488411,Hoss Lee Academy,,hoss-lee-academy,Roseville,CA,95661-5233,https://hossleeacademy.com/,38.721897,-121.289487,True,1
488420,Indiana Wellness College,Indiana College of Sports and Medical Massage,indiana-wellness-college,Carmel,IN,46290,https://www.indianawellnesscollege.edu/,39.940821,-86.156579,True,1
488439,Kenny's Academy of Barbering,,kenny-s-academy-of-barbering,Indianapolis,IN,46222-2327,https://kennysacademy.edu/,39.79644,-86.207551,True,1
488448,Seattle Film Institute,,seattle-film-institute,Seattle,WA,98119-1707,https://www.sfi.edu/#fronttable,47.64894,-122.377121,True,1
488527,Arkansas Colleges of Health Education,"Arkansas College of Osteopathic Medicine, ARCOM",arkansas-colleges-of-health-education,Fort Smith,AR,72916-0366,https://achehealth.edu/,35.317421,-94.319084,True,1
488554,Burrell College of Osteopathic Medicine,BCOM,burrell-college-of-osteopathic-medicine,Las Cruces,NM,88001,https://burrell.edu/,32.278068,-106.737787,True,1
488563,California College of Music,CCM,california-college-of-music,Pasadena,CA,91106-2403,https://ccmla.edu/,34.145103,-118.128935,True,1
488572,California Health Sciences University,CHSU,california-health-sciences-university,Clovis,CA,93612,https://chsu.edu/,36.832466,-119.701977,True,1
488590,Christian Culinary Academy,,christian-culinary-academy,Cannon Beach,OR,97110-1484,https://www.christianculinary.org/,45.89961,-123.959303,False,1
488651,Glitz School of Cosmetology,,glitz-school-of-cosmetology,Las Cruces,NM,88011,https://www.glitz.edu/,32.305919,-106.740388,True,3
488679,Indiana Wesleyan University-National & Global,IWU,indiana-wesleyan-university-national-global,Marion,IN,46953,https://www.indwes.edu/,40.510655,-85.677641,False,2
488730,Northeast Lakeview College,,northeast-lakeview-college,Universal City,TX,78145,https://www.alamo.edu/nlc,29.545802,-98.323246,True,1
488749,Paul Mitchell the School-Jessup,,paul-mitchell-the-school-jessup,Jessup,MD,20794,https://paulmitchell.edu/jessup,39.169191,-76.786097,True,1
488776,John Patrick University of Health and Applied Sciences,John Patrick University of Health and Applied Sciences,john-patrick-university-of-health-and-applied-sciences,South Bend,IN,46601-2352,https://jpu.edu/,41.67338,-86.24973,True,1
488800,Teachers College of San Joaquin,,teachers-college-of-san-joaquin,Stockton,CA,95206,https://www.teacherscollegesj.edu/,37.908696,-121.231507,True,1
488846,University of the People,,university-of-the-people,Pasadena,CA,91101,https://www.uopeople.edu/,34.146167,-118.138047,False,1
488891,South Dade Technical College-South Dade Skills Center Campus,M-DCPS -158: South Dade Technical College-South Dade Skills Center Campus,south-dade-technical-college-south-dade-skills-center-campus,HOMESTEAD,FL,33033-1412,https://www.southdadetech.edu/,25.50406,-80.437371,True,1
488907,Wongu University of Oriental Medicine,Wongu University,wongu-university-of-oriental-medicine,Las Vegas,NV,89123-2836,https://www.wongu.edu/,36.03274,-115.117581,True,1
488916,Alabama School of Nail Technology & Cosmetology,Alabama School of Nail Technology,alabama-school-of-nail-technology-cosmetology,Jackson,AL,36545-2718,https://www.asntc.edu/,31.50997,-87.893386,True,2
488934,Tulsa Technology Center,Tulsa Tech,tulsa-technology-center,Tulsa,OK,74145,https://tulsatech.edu/,36.113428,-95.887481,True,1
488952,Ross Medical Education Center-Elyria,,ross-medical-education-center-elyria,Elyria,OH,44035-2885,https://rosseducation.edu/,41.386445,-82.105702,False,7
488961,Ross Medical Education Center-Lafayette,,ross-medical-education-center-lafayette,Lafayette,IN,47905-5159,https://rosseducation.edu/,40.38849,-86.845131,False,6
488970,Ross Medical Education Center-Midland,,ross-medical-education-center-midland,Midland,MI,48640-2690,https://rosseducation.edu/,43.641877,-84.258017,False,11
488989,Paul Mitchell the School-Clear Lake,,paul-mitchell-the-school-clear-lake,Webster,TX,77598-0000,https://paulmitchell.edu/clearlake,29.527723,-95.126497,False,2
488998,Paul Mitchell the School-Nampa,,paul-mitchell-the-school-nampa,Nampa,ID,83687-0000,https://paulmitchell.edu/nampa,43.613794,-116.594823,False,3
489122,Academy of Beauty Professionals,,academy-of-beauty-professionals-2,Madison,WI,53719,https://www.academyofbeautyprofessionals.com/,43.05541,-89.490781,False,4
489131,Academy of Beauty Professionals,,academy-of-beauty-professionals-3,Appleton,WI,54914-5780,https://www.academyofbeautyprofessionals.com/,44.266271,-88.461527,False,4
489140,Academy of Beauty Professionals,,academy-of-beauty-professionals-4,Green Bay,WI,54303-4838,https://www.academyofbeautyprofessionals.com/,44.52349,-88.097926,False,4
489159,Kenneth Shuler School of Cosmetology-Goose Creek,Kenneth Shuler School of Cosmetology,kenneth-shuler-school-of-cosmetology-goose-creek,Goose Creek,SC,29445-6694,https://www.kennethshuler.com/,33.035472,-80.065725,False,3
489201,Clovis Community College,,clovis-community-college-2,Fresno,CA,93730,https://www.cloviscollege.edu/,36.88686,-119.731261,True,1
489238,Boca Beauty Academy-Parkland,,boca-beauty-academy-parkland,Parkland,FL,33073-4526,https://www.bocabeautyacademy.edu/,26.321755,-80.203872,False,2
489256,Caribbean Aviation Training Institute Inc,CATI,caribbean-aviation-training-institute-inc,Carolina,PR,00979,https://www.caribav.com/,18.439873,-65.997043,True,1
489283,The College of Health Care Professions-McAllen Campus,,the-college-of-health-care-professions-mcallen-campus,McAllen,TX,78504-4398,https://www.chcp.edu/,26.239856,-98.234872,False,7
489335,Institute of Buddhist Studies,,institute-of-buddhist-studies,Berkeley,CA,94704,https://www.shin-ibs.edu/,37.866732,-122.266105,False,1
489344,Chamberlain University-North Carolina,Chamberlain College of Nursing-Charlotte,chamberlain-university-north-carolina,Charlotte,NC,28273,https://www.chamberlain.edu/,35.13766,-80.931971,False,15
489353,Chamberlain University-California,Chamberlain College of Nursing-Sacramento Chamberlain College of Nursing-Irwindale,chamberlain-university-california,Rancho Cordova,CA,95670,https://www.chamberlain.edu/,38.596193,-121.278258,False,15
489371,Spartan College of Aeronautics and Technology,Inland Empire Campus,spartan-college-of-aeronautics-and-technology-3,Riverside,CA,92509-8716,https://www.spartan.edu/,33.990127,-117.408335,False,2
489779,Purdue University Global,,purdue-university-global,West Lafayette,IN,47906,https://www.purdueglobal.edu/,40.45655,-86.928449,True,1
489830,Arthur's Beauty College,Arthur's Beauty College,arthur-s-beauty-college-3,Jonesboro,AR,72401,https://www.arthursbeautycollege.com/,35.817823,-90.68152,True,1
489858,West Coast University-Center for Graduate Studies,,west-coast-university-center-for-graduate-studies,Los Angeles,CA,90004-2115,https://westcoastuniversity.edu/,34.081505,-118.29131,False,6
489937,Carolina University,,carolina-university,Winston-Salem,NC,27101,https://www.carolinau.edu/,36.087962,-80.250153,True,1
490018,National Personal Training Institute-Tampa,,national-personal-training-institute-tampa,Tampa,FL,33634,https://nptiflorida.edu/npti-tampa/,28.02675,-82.528321,False,2
490045,California Prestige University,,california-prestige-university,Santa Fe Springs,CA,90670-5611,https://cpu.edu/,33.88856,-118.047065,True,1
490054,HCI College,,hci-college,West Palm Beach,FL,33409-1042,https://www.hci.edu/,26.702663,-80.085147,True,2
490081,America Evangelical University,,america-evangelical-university,Gardena,CA,90247-4432,https://www.aeu.edu/,33.883102,-118.295931,True,1
490090,Gadsden Technical College,,gadsden-technical-college,Quincy,FL,32351-4415,https://www.gadsdentech.org/,30.577656,-84.578905,True,1
490106,Virginia University of Integrative Medicine,,virginia-university-of-integrative-medicine,Vienna,VA,22182-5310,https://www.vuim.edu/,38.91009,-77.22432,True,3
490115,Nashville Film Institute,,nashville-film-institute,Nashville,TN,37210-4225,https://nfi.edu/,36.135712,-86.748045,True,1
490133,Westcliff University,,westcliff-university,Irvine,CA,92614,https://www.westcliff.edu/,33.685537,-117.847973,True,1
490142,World Class Academy of Beauty Careers,,world-class-academy-of-beauty-careers,Tallahassee,FL,32310-6831,https://www.worldclassacademybeautycareers.com/,30.412845,-84.2909,True,1
490160,Sacramento Ultrasound Institute,,sacramento-ultrasound-institute,Sacramento,CA,95815,https://sui.edu/,38.597487,-121.426335,True,1
490197,Regan Career Institute,RCI,regan-career-institute,El Monte,CA,91733-3254,https://rci.edu/,34.065527,-118.042311,True,1
490203,Bolivar Technical College,,bolivar-technical-college,Bolivar,MO,65613-8095,https://www.bolivarcollege.edu/,37.623766,-93.421572,True,1
490221,MAK Beauty Institute,,mak-beauty-institute,Cumming,GA,30040-2783,https://www.makbeautyinstitute.com/,34.186371,-84.143912,True,1
490249,Mobile Technical Training,,mobile-technical-training,South Hackensack,NJ,07606-0000,https://www.mobiletechtraining.com/,40.857008,-74.04968,True,1
490258,American Barber and Beauty Academy,,american-barber-and-beauty-academy,Reading,PA,19607-1602,https://americanbarberbeauty.com/,40.316547,-75.939691,True,1
490276,Yeshiva Shaar Ephraim,,yeshiva-shaar-ephraim,Monsey,NY,10952-2732,https://shaarephraim.org/,41.116935,-74.060858,True,1
490285,California Institute of Arts & Technology,California Institute of Applied Technology,california-institute-of-arts-technology,National City,CA,91950,https://www.ciat.edu/,32.661577,-117.106076,True,1
490294,Elite Cosmetology Barber & Spa Academy,Elite CBS Academy,elite-cosmetology-barber-spa-academy,Yakima,WA,98902-5105,https://elitecbsacademy.com/,46.584032,-120.54382,True,1
490300,Cutting Edge Academy,,cutting-edge-academy,Succasunna,NJ,07876-1311,https://www.cuttingedgeacademynj.com/,40.86887,-74.644718,True,1
490319,Yeshiva Bais Aharon,,yeshiva-bais-aharon,Lakewood,NJ,08701-2053,https://www.yeshivabaisaharon.com/,40.101002,-74.203094,True,1
490328,Mechon L'hoyroa,,mechon-l-hoyroa,Monsey,NY,10952-2710,https://www.mechonlhoyroa.com/,41.117029,-74.058177,True,1
490346,Elyon College,,elyon-college,Brooklyn,NY,11204-4801,https://elyon.edu/,40.611081,-73.980593,True,1
490373,Western Michigan University Homer Stryker M.D. School of Medicine,Western Michigan University School of Medicine,western-michigan-university-homer-stryker-m-d-school-of-medicine,Kalamazoo,MI,49007,https://wmed.edu/,42.289571,-85.57943,True,1
490382,Harmony Health Care Institute,,harmony-health-care-institute,Merrimack,NH,03054-0000,https://www.harmony-health.org/,42.804167,-71.488336,True,1
490391,American Beauty and Trade School,American Beauty & Trade School,american-beauty-and-trade-school,Miami,FL,33144-0000,https://absmiami.edu/,25.761572,-80.327707,True,1
490407,Hogan Institute of Cosmetology and Esthetics,"International Beauty and Barber Institute, LLC.",hogan-institute-of-cosmetology-and-esthetics,Lilburn,GA,30047-3717,https://www.hoganice.edu/,33.896591,-84.141162,True,1
490416,J's Barber College,,j-s-barber-college,New Iberia,LA,70560-6138,https://jsbarbercollege.com/,29.993445,-91.829017,True,1
490425,Ann Webb Skin Institute,AW Institute,ann-webb-skin-institute,Austin,TX,78759-3936,https://awskininstitute.com/,30.419687,-97.751895,True,1
490434,Apex Academy Hair Skin Nails School of Cosmetology,,apex-academy-hair-skin-nails-school-of-cosmetology,Ontario,OH,44906-1793,https://www.apexacademy2013.com/,40.771672,-82.577702,True,1
490443,The Esthetic Institute,,the-esthetic-institute,Vienna,VA,22182-3818,https://estheticinstitute.com/,38.914385,-77.234171,True,1
490470,Massage Institute of Memphis,,massage-institute-of-memphis,Memphis,TN,38104-4138,https://www.themassageinstitute.com/,35.134871,-89.992526,True,1
490489,Metro Detroit Barber College,MDBCOLLEGE,metro-detroit-barber-college,Detroit,MI,48221-2650,https://mdbcollege.org/,42.416931,-83.145979,True,1
490498,Digital Media Institute,,digital-media-institute,Shreveport,LA,71103-3600,https://www.dmi.edu/,32.480613,-93.771686,True,1
490504,Yeshiva Ohr Naftoli,,yeshiva-ohr-naftoli,New Windsor,NY,12553-8006,https://www.yeshivaohrnaftoli.com/,41.456984,-74.046291,True,1
490513,Bais Medrash Mayan Hatorah,,bais-medrash-mayan-hatorah,Lakewood,NJ,08701,https://baismedrashmayanhatorah.com/,40.107414,-74.204332,True,1
490522,Allgood Beauty Institute,ABI,allgood-beauty-institute,Frisco,TX,75034,https://allgoodbeauty.com/,33.140645,-96.812793,True,1
490531,Ray J's College of Hair,,ray-j-s-college-of-hair,Baton Rouge,LA,70806-1522,https://www.rayjscollegeofhair.info/,30.464941,-91.111011,True,1
490674,Manuel and Theresa's School of Hair Design,,manuel-and-theresa-s-school-of-hair-design,Brenham,TX,77833-3033,https://www.manuelandtheresasschoolofhair.com/,30.176143,-96.387591,False,3
490692,Cincinnati School of Barbering & Hair Design,,cincinnati-school-of-barbering-hair-design,Cincinnati,OH,45239,https://cincinnatischoolofbarbering.com/,39.206754,-84.582563,True,1
490717,L Makeup Institute,,l-makeup-institute,Las Vegas,NV,89145,https://lmi.edu/,36.166597,-115.286321,True,1
490735,Maestro College,PelotonCollege,maestro-college-2,Arlington,TX,76011-9998,https://maestrocollege.edu/home,32.758912,-97.093191,False,2
490744,Northern Technical College,,northern-technical-college,Pine Bluff,AR,71601,https://www.northerntechnicalcolleges.com/,34.214189,-91.979767,True,1
490753,Maine Media College,,maine-media-college,Rockport,ME,04856-5952,https://www.mainemedia.edu/college/,44.193709,-69.076508,True,1
490805,Purdue University Northwest,Purdue Northwest | PNW,purdue-university-northwest,Hammond,IN,46323,https://www.pnw.edu/,41.584324,-87.474236,True,1
490814,Ross Medical Education Center-Portage,Ross Medical Education Center-Kalamazoo,ross-medical-education-center-portage,Portage,MI,49002-2813,https://rosseducation.edu/,42.226549,-85.588596,False,9
490832,Ross College-Canton,,ross-college-canton,Canton,OH,44718-3674,https://rosseducation.edu/,40.844938,-81.429021,False,11
490841,Ross College-Grand Rapids North,,ross-college-grand-rapids-north,Grand Rapids,MI,49525-2767,https://rosseducation.edu/,43.026716,-85.630252,False,7
490869,American Institute-Somerset,,american-institute-somerset,Somerset,NJ,08873-1100,https://www.americaninstitute.edu/,40.55089,-74.544122,False,6
490878,Platt College-Anaheim,,platt-college-anaheim,Anaheim,CA,92806-5949,https://www.plattcollege.edu/,33.809417,-117.878211,False,4
490896,Advantage Career Institute,,advantage-career-institute,Eatontown,NJ,07724,https://www.aci.edu/,40.306828,-74.050804,True,1
490948,Bull City Durham Beauty and Barber College,Bull City Durham Beauty and Barber College,bull-city-durham-beauty-and-barber-college,Durham,NC,27701,https://www.bullcitybarbercollege.com/,35.989115,-78.889993,False,3
490975,Fortis College-Cutler Bay,,fortis-college-cutler-bay,Cutler Bay,FL,33157-7693,https://www.fortis.edu/,25.585653,-80.363995,False,3
491057,Yeshiva Kollel Tifereth Elizer,,yeshiva-kollel-tifereth-elizer,Brooklyn,NY,11219,https://www.yeshivakolleltiferethelizer.com/,40.637096,-73.992171,True,1
491066,Strand Institute of Beauty & Esthetics,,strand-institute-of-beauty-esthetics,Corpus Christi,TX,78409,https://thestrandinstitute.edu/,27.82204,-97.524344,True,1
491075,Arkansas Welding Academy,,arkansas-welding-academy,Jacksonville,AR,72076,https://arkansasweldingacademy.edu/,34.883474,-92.139911,True,1
491084,Unitech Training Academy-Baton Rouge,,unitech-training-academy-baton-rouge,Baton Rouge,LA,70816,https://www.unitechta.edu/,30.414021,-91.052775,False,6
491136,Empire Beauty School-Tampa,,empire-beauty-school-tampa,Tampa,FL,33619-2619,https://www.empire.edu/,27.941959,-82.338274,False,13
491145,Empire Beauty School-Lakeland,,empire-beauty-school-lakeland,Lakeland,FL,33809-0514,https://www.empire.edu/,28.108318,-81.973025,False,9
491181,Galen College of Nursing-ARH,,galen-college-of-nursing-arh,Hazard,KY,41701-9519,https://galencollege.edu/campuses/hazard,37.285896,-83.205298,False,23
491190,The Chicago School at San Diego,The Chicago School of Professional Psychology at San Diego,the-chicago-school-at-san-diego,San Diego,CA,92101-7903,https://www.thechicagoschool.edu/in-the-community/locations/,32.718575,-117.167054,False,8
491215,Commercial Divers International,CDI,commercial-divers-international,Goodyear,AZ,85338-3693,https://commercialdiversinternational.edu/,33.409576,-112.408598,True,1
491224,Tricoci University of Beauty Culture-Janesville,JAN,tricoci-university-of-beauty-culture-janesville,Janesville,WI,53548,https://www.tricociuniversity.edu/,42.679712,-89.04895,True,1
491233,Unlimited Cosmetology School,,unlimited-cosmetology-school,Hattiesburg,MS,39401,https://www.unlmtdcosmetologyschoolms.com/,31.325283,-89.304277,True,1
491251,The Culinary School of Fort Worth,,the-culinary-school-of-fort-worth,Fort Worth,TX,76116,https://www.csftw.edu/,32.724044,-97.428672,True,1
491260,Centralia Beauty College,Hass Enterprises,centralia-beauty-college,Centralia,WA,98531,https://www.centraliabeautycollege.com/,46.714769,-122.955164,True,1
491288,University of Wisconsin-Milwaukee Flex,,university-of-wisconsin-milwaukee-flex,Milwaukee,WI,53201,https://flex.wisconsin.edu/,43.076848,-87.880488,False,1
491297,University of Wisconsin-Parkside Flex,,university-of-wisconsin-parkside-flex,Kenosha,WI,53141,https://flex.wisconsin.edu/,42.645603,-87.855007,False,1
491394,Miller-Motte College-STVT-Arlington,,miller-motte-college-stvt-arlington,Arlington,TX,76010,https://www.stvt.edu/,32.708476,-97.060733,False,18
491446,Bnos Zion Of Bobov Seminary,,bnos-zion-of-bobov-seminary,Brooklyn,NY,11219-3621,https://www.bnoszionbobov.com/,40.633353,-73.991157,True,1
491464,ABC Adult School,,abc-adult-school,Cerritos,CA,90703-2801,https://www.abcadultschool.edu/,33.878179,-118.070114,True,2
491473,Polytech Adult Education,,polytech-adult-education,Woodside,DE,19980-0000,https://www.polytechworks.com/,39.07213,-75.545942,True,1
491525,Union Bible College,,union-bible-college,Westfield,IN,46074-0900,https://ubca.org/,40.038757,-86.126025,True,1
491534,Pets Playground Grooming School,,pets-playground-grooming-school,Pompano Beach,FL,33062-3705,https://www.petsplayground.edu/,26.248045,-80.100676,True,1
491543,San Bernardino Beauty College,,san-bernardino-beauty-college,San Bernardino,CA,92410-4414,https://www.sbbcbeautycollege.com/,34.110518,-117.285521,True,1
491552,Christina and Company Education Center,,christina-and-company-education-center,Lafayette,IN,47905-4633,https://www.ccedcenter.com/,40.414052,-86.815349,True,1
491570,Institute of Medical Ultrasound,IMU,institute-of-medical-ultrasound,Atlanta,GA,30303-3030,https://www.imu.edu/,33.759937,-84.386472,True,1
491589,Mystros Barber Academy,,mystros-barber-academy,Houston,TX,77090,https://mystrosbarberacademy.org/,30.014,-95.453049,True,2
491598,European Medical School of Massage,,european-medical-school-of-massage,Sinking Spring,PA,19608-1680,https://emsom.edu/,40.319684,-76.008531,True,1
491613,Yeshiva Gedolah Tiferes Boruch,,yeshiva-gedolah-tiferes-boruch,North Plainfield,NJ,07060-0000,https://yeshivagedolahtiferesboruch.com/,40.619593,-74.4346,True,1
491622,Yeshiva Chemdas Hatorah,,yeshiva-chemdas-hatorah,Lakewood,NJ,08701-4618,https://www.yeshivachemdashatorah.com/,40.063509,-74.229304,True,1
491631,Women's Institute of Torah Seminary and College,,women-s-institute-of-torah-seminary-and-college,Baltimore,MD,21215-3009,https://www.wits.edu/,39.361349,-76.699496,True,1
491640,Yeshiva Gedolah Keren Hatorah,,yeshiva-gedolah-keren-hatorah,Lakewood,NJ,08701-1239,https://yeshivagedolahkerenhatorah.com/,40.109281,-74.184418,True,1
491659,ICOHS College,ICOHS,icohs-college,San Diego,CA,92101,https://icohs.edu/,32.723881,-117.16145,True,1
491668,Neo-Esthetique European Institute,,neo-esthetique-european-institute,San Juan,PR,00926-0000,https://www.institutoneo.com/,18.363811,-66.057521,True,1
491677,Lehigh Valley Barber School,,lehigh-valley-barber-school,Bethlehem,PA,18018-3906,https://www.lehighvalleybarberschool.com/,40.639992,-75.346918,True,1
491686,International Barber College,,international-barber-college,Chandler,AZ,85226-3205,https://internationalbarber.net/,33.306101,-111.966375,True,1
491695,Brown Beauty Barber School,,brown-beauty-barber-school,Bessemer,AL,35020-5016,https://brownbeautybarberschool.edu/,33.399873,-86.953134,True,1
491701,Rexburg College of Massage Therapy,,rexburg-college-of-massage-therapy,Rexburg,ID,83440-3873,https://rexburgcmt.com/,43.812616,-111.80319,True,1
491710,Yeshiva Gedolah of Cliffwood,,yeshiva-gedolah-of-cliffwood,Keyport,NJ,07735-5105,https://yeshivagedolahcliffwood.com/,40.442213,-74.224235,True,1
491747,UR Beauty & Barber Academy,,ur-beauty-barber-academy,Sebring,FL,33870-2128,https://urbeautybarberacademy.com/,27.463851,-81.432006,True,2
491756,Urban Barber College,,urban-barber-college,Concord,CA,94520-2522,https://urbanbarbercollege.com/,37.974933,-122.03935,True,3
491765,Yeshivas Emek Hatorah,,yeshivas-emek-hatorah,Howell,NJ,07731-2444,https://yeshivasemekhatorah.com/,40.112501,-74.232083,True,1
491774,Transitions Career Institute School of Nursing,,transitions-career-institute-school-of-nursing,College Point,NY,11356-1964,https://tcilpn.org/,40.783208,-73.835811,True,1
491783,Wilton Simpson Technical College,,wilton-simpson-technical-college,Brooksville,FL,34604-0683,https://hernandoschools.org/schools/stc,28.488302,-82.463419,True,2
491792,Stacey James Institute,,stacey-james-institute,Parker,CO,80134-3358,https://www.staceyjamesinstitute.com/,39.533193,-104.794689,True,1
491808,Meridian University,,meridian-university,Petaluma,CA,94952-3092,https://meridianuniversity.edu/,38.230878,-122.640029,True,1
491817,Seminary Bnos Chaim,,seminary-bnos-chaim,Lakewood,NJ,08701-2336,https://www.seminarybnoschaim.com/,40.085639,-74.200969,True,1
491826,Avenue Academy A Cosmetology Institute,,avenue-academy-a-cosmetology-institute,Albuquerque,NM,87112-3449,https://www.theavenueacademy.com/,35.096452,-106.531872,True,1
491835,Salon Professional Academy of San Antonio,,salon-professional-academy-of-san-antonio,San Antonio,TX,78232-2242,https://www.tspasanantonio.com/,29.59369,-98.47,True,1
491844,Red Lake Nation College,,red-lake-nation-college,Red Lake,MN,56671-0000,https://www.rlnc.edu/,47.880085,-95.009828,True,1
491853,Princess Institute of Beauty,,princess-institute-of-beauty,Reedley,CA,93654-2455,https://www.piofb.com/,36.603678,-119.431745,True,1
491871,Vogue International Academy,,vogue-international-academy,Houston,TX,77082,https://surveys.nces.ed.gov/ipeds,29.73076,-95.641271,True,1
491880,Independent Training & Apprenticeship Program,I-TAP,independent-training-apprenticeship-program,Sacramento,CA,95827-1741,https://www.itap.edu/,38.572171,-121.327728,True,1
491899,Victory Career College,,victory-career-college,Carson,CA,90746,https://victorycareercollege.edu/,33.846375,-118.266052,True,1
491905,Winonah's International School of Cosmetology,,winonah-s-international-school-of-cosmetology,Hoover,AL,35244-7310,https://www.winonah.net/,33.370224,-86.801546,True,1
491914,Yeshiva Gedola Tiferes Yerachmiel,,yeshiva-gedola-tiferes-yerachmiel,Lakewood,NJ,08701-0000,https://yeshivagedolatiferesyerachmiel.com/,40.1037,-74.194376,True,1
491923,Southeastern Esthetics Institute,,southeastern-esthetics-institute,Elgin,SC,29045-0000,https://www.seestheticsinstitute.com/,34.111013,-80.835302,True,1
491941,Caris College,,caris-college,Jeffersonville,IN,47130-8293,https://www.cariscollege.edu/,38.326417,-85.710165,True,1
491950,Contra Costa Medical Career College,,contra-costa-medical-career-college,Antioch,CA,94581-6208,https://www.ccmcc.edu/,37.976815,-121.801607,True,1
491978,Another Level Barbering and Cosmetology School,,another-level-barbering-and-cosmetology-school,Petersburg,VA,23803-3245,https://www.albcschool.edu/,37.228645,-77.403817,True,1
491996,The Salon Professional Academy-Georgetown,"The Academy, Academy",the-salon-professional-academy-georgetown,Georgetown,TX,78626-5470,https://www.tspageorgetown.com/,30.635778,-97.688068,True,1
492005,Elite Academy of Hair Design,Elite Academy Of Hair Design  Elite Academy,elite-academy-of-hair-design,Bridgeport,OH,43912-2513,https://www.eliteacademyofhairdesign.com/,40.066604,-80.769323,True,1
492023,Americare Technical School,,americare-technical-school,Park Ridge,IL,60068-3143,https://www.americaretech.com/,42.017062,-87.841982,True,1
492069,Champion Christian College,CCC,champion-christian-college,Hot Springs,AR,71913,https://champion.edu/,34.499589,-93.065945,True,1
492078,Chicago Professional Center,,chicago-professional-center,Prospect Heights,IL,60090,https://www.chicagoprofessionalcenter.com/,42.10833,-87.905673,True,1
492139,DSDT,,dsdt,Detroit,MI,48216,https://dsdt.edu/,42.325621,-83.081501,True,1
492148,Elite Beauty College,,elite-beauty-college,Muskogee,OK,74401-2104,https://ebcollege.net/student-handbook/student-handbook/,35.75706,-95.403011,True,1
492281,GoodFellas Barber College,,goodfellas-barber-college,Little Rock,AR,72204,https://www.gfbc.edu/,34.724618,-92.321902,True,1
492306,Escondido Adult School,,escondido-adult-school,Escondido,CA,92025,https://www.escondidoadultschool.org/,33.131225,-117.088454,False,1
492315,Poway Adult School,,poway-adult-school,Poway,CA,92064,https://www.powayadultschool.com/,32.978817,-117.035819,False,1
492324,Vista Adult School,,vista-adult-school,Vista,CA,92081,https://vistaadultschool.org/,33.187334,-117.240253,False,1
492421,No Grease Barber School,,no-grease-barber-school,Charlotte,NC,28205,https://www.nogreasebarberschool.com/,35.21144,-80.757062,False,3
492449,Pima Medical Institute-San Marcos,,pima-medical-institute-san-marcos,San Marcos,CA,92078-8702,https://pmi.edu/,33.136906,-117.160199,False,13
492476,EDP University of Puerto Rico-Villalba,,edp-university-of-puerto-rico-villalba,Villalba,PR,00766-2353,https://edpuniversity.edu/,18.109811,-66.505648,False,6
492652,KCK Beauty & Barber Academy,,kck-beauty-barber-academy,Jacksonville,FL,32218-5578,https://www.kckbbacademy.org/,30.428106,-81.652099,True,1
492661,California College of Barbering and Cosmetology,CAL CBC,california-college-of-barbering-and-cosmetology,Stockton,CA,95210,https://calcbc.com/,38.000656,-121.293756,True,1
492689,Texas Tech University Health Scienes Center El Paso,Texas Tech Health El Paso,texas-tech-university-health-scienes-center-el-paso,El Paso,TX,79905,https://elpaso.ttuhsc.edu/,31.771891,-106.43122,True,1
492704,Ponce Health Sciences University-Centro Universitario de San Juan,,ponce-health-sciences-university-centro-universitario-de-san-juan,San Juan,PR,00926,https://www.psm.edu/,18.441175,-66.059619,False,3
492722,The College of Health Care Professions-South San Antonio,,the-college-of-health-care-professions-south-san-antonio,San Antonio,TX,78221-1474,https://chcp.edu/,29.355101,-98.525559,False,7
492731,Innovate Salon Academy,,innovate-salon-academy-2,Ewing,NJ,08628-0000,https://innovatesalonacademy.com/,40.26517,-74.802873,False,3
492759,Chamberlain University-Louisiana,Chamberlain College of Nursing-New Orleans,chamberlain-university-louisiana,Jefferson,LA,70121,https://www.chamberlain.edu/,29.962307,-90.152655,False,15
492801,Drury University-College of Continuing Professional Studies,,drury-university-college-of-continuing-professional-studies,Springfield,MO,65802,https://www.drury.edu/go/,37.219681,-93.286192,False,1
492935,Global Medical & Technical Training Institute,,global-medical-technical-training-institute,Miami,FL,33125-3562,https://www.gmtti.edu/,25.779693,-80.225343,True,1
492953,Salon Success Academy-West Covina,,salon-success-academy-west-covina,West Covina,CA,91790-2876,https://www.salonsuccessacademy.com/,34.070568,-117.933801,False,2
492962,Indiana Institute of Technology-College of Professional Studies,Indiana Tech - CPS,indiana-institute-of-technology-college-of-professional-studies,Fort Wayne,IN,46803,https://cps.indianatech.edu/,41.078365,-85.116479,False,1
493071,Advantage Technical College,,advantage-technical-college-2,San Juan,PR,00907-0000,https://www.adtecpr.com/,18.454692,-66.081082,False,3
493080,Institute of Culinary Education,,institute-of-culinary-education-2,Pasadena,CA,91101-5221,https://www.ice.edu/losangeles,34.144829,-118.139351,False,2
493132,Universal Technical Institute-Bloomfield,"Universal Technical Institute - Bloomfield, NJ",universal-technical-institute-bloomfield,Bloomfield,NJ,07003-3002,https://www.uti.edu/,40.841102,-74.180997,False,5
493150,Gould's Academy,,gould-s-academy-2,Bartlett,TN,38133-4067,https://gouldsacademy.com/,35.206685,-89.795642,False,2
493372,Urban Academy of Beauty,,urban-academy-of-beauty,Rio Rancho,NM,87124-2575,https://paulmitchell.edu/albuquerque,35.241061,-106.677601,False,2
493451,WellSpring School of Allied Health-Springfield,Wellspring - Springfield,wellspring-school-of-allied-health-springfield,Springfield,MO,65807,https://www.wellspring.edu/,37.158926,-93.317069,False,4
493479,Medical Career College of Northern California,,medical-career-college-of-northern-california,Roseville,CA,95678-5133,https://medicalcareercollege.edu/,38.723329,-121.293121,True,1
493488,Premiere International College,,premiere-international-college,Fort Myers,FL,33901-3916,https://picollege.edu/,26.639307,-81.864154,True,1
493512,San Diego Global Knowledge University,,san-diego-global-knowledge-university,San Diego,CA,92101,https://sdgku.edu/,32.708222,-117.154966,True,1
493521,Global Tech College,,global-tech-college,Toledo,OH,43615-7320,https://www.globaltech.edu/,41.615085,-83.672676,True,1
493549,McAllen Careers Institute,MCI,mcallen-careers-institute,McAllen,TX,78501,https://www.mcallencareersinstitute.edu/,26.199744,-98.22256,True,1
493567,Bellasa Professional Institute,,bellasa-professional-institute,Miami Springs,FL,33166-0000,https://www.bellasa.edu/,25.810667,-80.267007,True,1
493585,Health and Technology Training Institute,,health-and-technology-training-institute,Philadelphia,PA,19107,https://www.httiphila.org/,39.951345,-75.163497,True,1
493594,Yeshiva of Ocean,,yeshiva-of-ocean,Greenfield Park,NY,12435-5308,https://yeshivaofocean.com/,41.732961,-74.501698,True,1
493600,Congregation Talmidei Mesivta Tiferes Shmiel Aleksander,Yeshiva Aleksander,congregation-talmidei-mesivta-tiferes-shmiel-aleksander,Brooklyn,NY,11219-5440,https://yeshivaaleksander.org/,40.624233,-73.994778,True,1
493628,Pro Beauty Academy,,pro-beauty-academy,Edison,NJ,08820-2843,https://www.probeautyacademy.com/,40.571036,-74.340019,True,2
493637,South Eastern Beauty Academy,,south-eastern-beauty-academy,Paintsville,KY,41240-1034,https://southeasternbeauty.com/,37.814789,-82.806325,True,1
493646,Ohel Margulia Seminary,,ohel-margulia-seminary,Monsey,NY,10952-2610,https://ohelmarguliaseminary.com/,41.121761,-74.065165,True,1
493664,Yeshivat Hechal Shemuel,,yeshivat-hechal-shemuel,Brooklyn,NY,11229-0000,https://hechalshemuel.com/,40.610906,-73.955944,True,1
493673,Professional University Dr. Carlos J. Borrero Rios,,professional-university-dr-carlos-j-borrero-rios,Hato Rey,PR,00918,https://upcjbr.university/,18.411332,-66.054156,True,1
493682,American Institute of Healthcare & Technology,AIHT Education,american-institute-of-healthcare-technology,Stratford,CT,06615-7149,https://www.aiht.edu/,41.170738,-73.150918,True,1
493691,Premier Academy of Cosmetology,Premier Academy,premier-academy-of-cosmetology,McAlester,OK,74501-4143,https://premiercosmo.com/,34.941596,-95.766472,True,1
493707,Yeshiva Gedolah of Woodlake Village,Yeshiva Ohr Zechariah,yeshiva-gedolah-of-woodlake-village,Lakewood,NJ,08701-0000,https://yeshivaohrzechariah.com/,40.099738,-74.169645,True,1
493716,Yeshiva Gedola Tiferes Yaakov Yitzchok,,yeshiva-gedola-tiferes-yaakov-yitzchok,Lakewood,NJ,08701-5502,https://yeshivatyy.com/,40.056542,-74.223022,True,1
493743,Houston Barber School,,houston-barber-school,Houston,TX,77073-4400,https://www.htxbarberschool.com/,29.966414,-95.415514,True,1
493752,Health-Tech Institute of Memphis,,health-tech-institute-of-memphis,Memphis,TN,38118,https://www.htim.edu/,35.049269,-89.934826,True,1
493761,MIXED Institute of Cosmetology & Barber,"MIXED Institute, MIXED Inc. MIXED, MICB",mixed-institute-of-cosmetology-barber,Sacramento,CA,95823-2370,https://mixed.institute/,38.495699,-121.43577,True,1
493770,Vski Cosmetology School,,vski-cosmetology-school,Charleston,SC,29407-4610,https://www.vskicosmetology.com/,32.798291,-80.031699,True,1
493798,New York Seminary,,new-york-seminary,Brooklyn,NY,11218-5611,https://thenyseminary.com/,40.63193,-73.977011,True,1
493804,Deluxe Barber College,,deluxe-barber-college,San Antonio,TX,78217-2118,https://www.deluxebarbercollege.com/,29.554971,-98.400819,True,1
493813,Falcon Institute of Health and Science,,falcon-institute-of-health-and-science,Bethlehem,PA,18017-2113,https://www.falconihs.com/,40.651462,-75.42429,True,1
493822,College Unbound,,college-unbound,Providence,RI,02903,https://collegeunbound.edu/,41.80644,-71.412848,True,2
493868,A Better U Beauty Barber Academy,,a-better-u-beauty-barber-academy,Albuquerque,NM,87110,https://abuacademy.com/,35.11063,-106.583765,True,1
493895,SANS Technology Institute,,sans-technology-institute,North Bethesda,MD,20852,https://www.sans.edu/,39.040814,-77.110758,True,1
493910,Tuana European Beauty Academy,,tuana-european-beauty-academy,Fort Collins,CO,80524,https://www.tuanaacademy.com/,40.575844,-105.076724,True,1
493947,Idaho College of Osteopathic Medicine,ICOM,idaho-college-of-osteopathic-medicine,Meridian,ID,83642,https://www.icom.edu/,43.594515,-116.376042,True,1
493956,Cal Northern School of Law,Cal Northern School of Law,cal-northern-school-of-law,Chico,CA,95973-8682,https://www.calnorthern.edu/,39.774522,-121.839216,True,1
493974,College of Athens,,college-of-athens,Watkinsville,GA,30677,https://collegeofathens.edu/,33.849669,-83.421106,True,1
493992,Southern Careers Institute-Waco,,southern-careers-institute-waco,Waco,TX,76706-3756,https://scitexas.edu/,31.512387,-97.139246,False,8
494010,Ponce Health Sciences University-St Louis,,ponce-health-sciences-university-st-louis,St. Louis,MO,63103,https://phsu.edu/,38.631435,-90.21479,False,3
494029,Lil Lou's Beauty and Barber College-Hammond,LLBB,lil-lou-s-beauty-and-barber-college-hammond,Hammond,IN,46320-1954,https://lillousbeautyandbarbercollege.com/,41.611381,-87.521717,False,3
494162,Arizona College of Nursing-Dallas,,arizona-college-of-nursing-dallas,Dallas,TX,75243-1200,https://www.arizonacollege.edu/,32.923106,-96.75999,False,20
494232,The Salon Professional Academy-Washington DC,,the-salon-professional-academy-washington-dc,Washington,DC,20002-0000,https://www.tspadc.com/,38.90294,-77.006322,False,2
494250,Valley College-Cleveland,,valley-college-cleveland,Cleveland,OH,44129-6810,https://www.valley.edu/,41.419409,-81.747723,False,3
494278,EDP University of Puerto Rico-Humacao,,edp-university-of-puerto-rico-humacao,Humacao,PR,00791-0000,https://www.edpuniversity.edu/,18.150762,-65.82455,False,6
494287,EDP University of Puerto Rico-Manati,,edp-university-of-puerto-rico-manati,Manati,PR,00674-0000,https://edpuniversity.edu/,18.429431,-66.490949,False,6
494357,UEI College-Sacramento,,uei-college-sacramento,Sacramento,CA,95823-2512,https://www.uei.edu/,38.494532,-121.454197,False,6
494436,Fortis Institute-Cookeville,,fortis-institute-cookeville,Cookeville,TN,38501-4305,https://www.fortis.edu/,36.143291,-85.478765,False,3
494463,Derech Hachaim Seminary,,derech-hachaim-seminary,Monroe,NY,10950-6300,https://derechhachaimseminary.com/,41.337206,-74.161936,True,1
494472,Evvaylois Academy School of Beauty,,evvaylois-academy-school-of-beauty,Brenham,TX,77833,https://www.evvayloisschoolofbeauty.com/,30.148715,-96.388462,True,1
494524,Avenue Five Institute-South Austin Campus,,avenue-five-institute-south-austin-campus,Austin,TX,78704-3259,https://www.avenuefive.edu/,30.221953,-97.756266,False,2
494542,Sattler College,,sattler-college,Boston,MA,02114,https://sattler.edu/,42.36064,-71.062111,False,1
494588,Pima Medical Institute-San Antonio,,pima-medical-institute-san-antonio,San Antonio,TX,78213,https://pmi.edu/,29.488708,-98.540716,False,13
494603,The Southwestern Baptist Theological Seminary,,the-southwestern-baptist-theological-seminary,Fort Worth,TX,76115,https://swbts.edu/,32.681685,-97.348233,False,1
494621,Lotus Professional College,Lotus Professional College,lotus-professional-college,Richmond,VA,23229,https://lotus.edu/,37.594751,-77.576237,True,1
494630,Christ Mission College,,christ-mission-college,San Antonio,TX,78254-1000,https://cmctx.edu/,29.543412,-98.70699,True,1
494649,Esteem Academy of Beauty,,esteem-academy-of-beauty,South Ogden,UT,84403-4374,https://www.esteem-academy.com/,41.161895,-111.93946,True,1
494658,KC Beauty Academy,,kc-beauty-academy,Los Angeles,CA,90012-4303,https://www.kcbeautyacademy.com/,34.048458,-118.235894,True,1
494685,Urshan University,,urshan-university,Wentzville,MO,63385,https://urshan.edu/,38.808034,-90.830252,True,1
494694,Texas Healthtech Institute,,texas-healthtech-institute,Beaumont,TX,77707-2604,https://www.txinstitute.edu/,30.064641,-94.206012,True,1
494700,Xtylo Beauty and Barber College,,xtylo-beauty-and-barber-college,Phoenix,AZ,85008-1303,https://www.xtylobeautyandbarbercollege.education/,33.479573,-112.004521,True,2
494719,Tonsorial Arts Barber College,,tonsorial-arts-barber-college,Texarkana,TX,75501-3264,https://www.tonsorialartsbarbercollege.com/,33.435351,-94.079302,True,1
494728,Michael's Barber & Hair Stylist Academy,,michael-s-barber-hair-stylist-academy,Irving,TX,75062-6016,https://www.michaelsbarberacademy.com/,32.838765,-96.978283,True,1
494737,Yeshiva Yesoda Hatorah Vetz Chaim,,yeshiva-yesoda-hatorah-vetz-chaim,Brooklyn,NY,11211-7106,https://yeshivayh.org/,40.706959,-73.961026,True,1
494746,North-West College-San Diego,,north-west-college-san-diego,San Diego,CA,92115-1506,https://nw.edu/,32.765537,-117.066577,False,7
494755,West Virginia Junior College-United Career Institute,United Career Institute,west-virginia-junior-college-united-career-institute,Irwin,PA,15642-2704,https://unitedcareer.edu/,40.321221,-79.690734,False,2
494764,Aviation Institute of Maintenance-Charlotte,,aviation-institute-of-maintenance-charlotte,Charlotte,NC,28227-9403,https://aviationmaintenance.edu/campuses/charlotte-nc,35.161941,-80.736311,False,3
494843,Fortis College-Landover,,fortis-college-landover,Landover,MD,20785-2223,https://www.fortis.edu/,38.949983,-76.866209,False,3
494852,Stautzenberger College-Rockford Career College,,stautzenberger-college-rockford-career-college,Rockford,IL,61108-3900,https://www.rockfordcareercollege.edu/,42.255903,-89.027291,False,3
494898,WellSpring School of Allied Health-Wichita,,wellspring-school-of-allied-health-wichita,Wichita,KS,67209,https://www.wellspring.edu/,37.673622,-97.443119,False,4
494904,Access Careers-Islandia,,access-careers-islandia,Islandia,NY,11749-1599,https://www.accesscareers.net/,40.800874,-73.175617,False,2
494959,Northern Pennsylvania Regional College,Rural Regional College of Northern Pennsylvania,northern-pennsylvania-regional-college,Warren,PA,16365,https://regionalcollegepa.org/,41.845064,-79.147679,True,1
494986,Apex College of Veterinary Technology,,apex-college-of-veterinary-technology,Colorado Springs,CO,80903,https://www.apexcvt.edu/,38.828277,-104.813477,True,1
494995,Meryma'at Barber College,n/a,meryma-at-barber-college,Cleveland,OH,44111,https://www.merymaatbarbercollege.com/,41.458723,-81.777912,True,1
495013,Western Maricopa Education Center,,western-maricopa-education-center,Glendale,AZ,85307,https://www.west-mec.edu/adulted,33.535973,-112.292829,True,4
495031,Bais Medrash of Dexter Park,,bais-medrash-of-dexter-park,Chestnut Ridge,NY,10977,https://bmdpark.com/,41.081404,-74.045927,True,1
495040,Makana Esthetics Wellness Academy,Makana Academy,makana-esthetics-wellness-academy,Honolulu,HI,96817-5330,https://makanaacademy.edu/,21.315179,-157.869172,True,1
495059,Oak Valley College,,oak-valley-college,Rialto,CA,92377,https://oakvalley.edu/,34.150067,-117.39089,True,1
495077,Paul Mitchell the School-San Jose,,paul-mitchell-the-school-san-jose,San Jose,CA,95122,https://paulmitchell.edu/sanjose,37.325292,-121.814156,True,1
495101,Zion Massage College,,zion-massage-college,St. George,UT,84770-8819,https://www.zmc.edu/,37.097894,-113.618974,True,1
495110,Marine Trades Institute,,marine-trades-institute,Cedarville,MI,49719-9790,https://www.marinetrades.edu/,45.992299,-84.362578,True,1
495129,Austin Career Institute LLC,,austin-career-institute-llc,Austin,TX,78752,https://www.austincareerinstitute.edu/,30.32685,-97.691089,True,1
495147,Pacific Northwest Christian College,,pacific-northwest-christian-college,Kennewick,WA,99336-5144,https://www.pnwcc.edu/,46.212057,-119.161961,True,1
495174,Hollywood Cultural College,,hollywood-cultural-college,Los Angeles,CA,90010,https://www.hccollege.edu/,34.061319,-118.299523,True,1
495183,Mariano Moreno Culinary Institute,,mariano-moreno-culinary-institute,Miami,FL,33145-2627,https://www.mmci.edu/,25.750902,-80.228896,True,1
495192,Alder Graduate School of Education,,alder-graduate-school-of-education,Redwood City,CA,94062,https://aldergse.edu/,37.486305,-122.239258,True,1
495208,Webb's Barber School of Arts,,webb-s-barber-school-of-arts,Macon,GA,31206-4118,https://webbsbarberschoolofarts.com/,32.825269,-83.710533,True,1
495217,Adrian H. Wallace Barber Academy,,adrian-h-wallace-barber-academy,Pensacola,FL,32503-2802,https://www.ahwbarberacademy.com/,30.453536,-87.213526,True,1
495226,St. Louis Med Tech,,st-louis-med-tech,St. Louis,MO,63123-3107,https://www.stlmedtech.org/,38.551852,-90.335689,True,1
495235,Total Beauty Institute,,total-beauty-institute,Jacksonville,FL,32208-5119,https://totalbeautyinstitute.com/,30.37218,-81.657851,True,1
495244,Pearlands Innovative School of Beauty,,pearlands-innovative-school-of-beauty,Pearland,TX,77584-7891,https://www.pearlandinnovative.com/,29.55683,-95.365954,True,1
495253,Durant Institute of Hair Design,,durant-institute-of-hair-design,Durant,OK,74701-3089,https://www.durantinstituteofhairdesign.com/,34.005777,-96.405502,True,1
495262,Premiere Aesthetics Institute,,premiere-aesthetics-institute,Bend,OR,97703-3230,https://www.premiereaestheticsinstitute.com/,44.060956,-121.312742,True,3
495271,California Indian Nations College,,california-indian-nations-college,Palm Desert,CA,92211,https://cincollege.org/,33.773732,-116.353365,False,1
495280,Indian Bible College,Indigenous Bible College,indian-bible-college,Flagstaff,AZ,86004-1919,https://www.indianbible.org/,35.21783,-111.615734,True,1
495299,Florida Professional Institute,,florida-professional-institute,Miami,FL,33155-6752,https://www.fpi.edu/,25.733948,-80.324728,True,1
495305,The Professional Cosmetology Academy,,the-professional-cosmetology-academy,Laredo,TX,78040-5930,https://www.tpcalaredo.com/,27.555981,-99.481765,True,1
495314,Hackensack Meridian School of Medicine,,hackensack-meridian-school-of-medicine,Nutley,NJ,07110-1912,https://www.hmsom.edu/en,40.833902,-74.155128,True,1
495341,Taylor Andrews Academy of Hair Design-Hair Lab Detroit Barber School,,taylor-andrews-academy-of-hair-design-hair-lab-detroit-barber-school,Southgate,MI,48195-2615,https://www.hairlabdetroitbarberschool.com/,42.198536,-83.214501,False,3
495369,Paul Mitchell the School-Fort Lauderdale,,paul-mitchell-the-school-fort-lauderdale,Plantation,FL,33388-0000,https://paulmitchell.edu/fortlauderdale,26.117978,-80.255003,False,2
495378,PCI Academy-Iowa City,,pci-academy-iowa-city,Iowa City,IA,52240-6083,https://www.pci-academy.com/,41.642665,-91.503091,False,3
495387,Larry's Barber College,,larry-s-barber-college-2,Chicago,IL,60619-3101,https://www.larrysbarbercollege.com/,41.751137,-87.607449,False,3
495411,Paul Mitchell the School-Provo,,paul-mitchell-the-school-provo,Provo,UT,84606-3424,https://paulmitchell.edu/provo,40.24048,-111.642161,False,2
495420,Arizona College of Nursing-Tampa,,arizona-college-of-nursing-tampa,Tampa,FL,33607,https://www.arizonacollege.edu/,27.955614,-82.523369,False,20
495439,Arizona College of Nursing-Fort Lauderdale,,arizona-college-of-nursing-fort-lauderdale,Fort Lauderdale,FL,33334-3637,https://www.arizonacollege.edu/,26.205783,-80.138479,False,20
495448,Arizona College of Nursing-Tucson,,arizona-college-of-nursing-tucson,Tucson,AZ,85711,https://www.arizonacollege.edu/,32.22113,-110.880434,False,20
495457,Arizona College of Nursing-Phoenix,,arizona-college-of-nursing-phoenix,Phoenix,AZ,85053-4058,https://www.arizonacollege.edu/,33.635804,-112.117327,False,20
495518,Empire Beauty School-Newport News,,empire-beauty-school-newport-news,Newport News,VA,23602-6958,https://www.empire.edu/,37.114415,-76.504353,False,13
495730,Tricoci University of Beauty Culture-Normal,,tricoci-university-of-beauty-culture-normal,Normal,IL,61761-4107,https://www.tricociuniversity.edu/,40.531563,-89.001721,False,2
495794,Paul Mitchell the School-Murfreesboro-Nashville,,paul-mitchell-the-school-murfreesboro-nashville,Hendersonville,TN,37075-2541,https://nashville.paulmitchell.edu/,36.307117,-86.602367,False,2
495837,Dorsey College-Woodhaven,Dorsey College- Woodhaven,dorsey-college-woodhaven,Woodhaven,MI,48183-3319,https://www.dorsey.edu/,42.142483,-83.223919,False,7
495916,Pathways College,,pathways-college,Tempe,AZ,85282,https://www.pathwayscollege.edu/,33.472223,-112.06553,True,1
495952,San Joaquin Valley College-Rancho Mirage,,san-joaquin-valley-college-rancho-mirage,Rancho Mirage,CA,92270-2701,https://www.sjvc.edu/,33.798782,-116.390793,False,17
495961,San Joaquin Valley College-Santa Maria,,san-joaquin-valley-college-santa-maria,Santa Maria,CA,93454-6921,https://www.sjvc.edu/,34.937806,-120.433296,False,17
495970,Advantage Technical College-Aguadilla,,advantage-technical-college-aguadilla,Aguadilla,PR,00603-0000,https://www.adtecpr.com/,18.433012,-67.154491,False,3
496043,California University of Science and Medicine,,california-university-of-science-and-medicine,Colton,CA,92324-1603,https://www.cusm.edu/,34.077252,-117.350487,True,1
496052,Ruben's Five Star Academy,,ruben-s-five-star-academy,Lake Wales,FL,33859-4409,https://rubens5staracademy.com/,27.955366,-81.614023,True,1
496283,Provo College-Idaho Falls Campus,,provo-college-idaho-falls-campus,Idaho Falls,ID,83404-3538,https://www.eaglegatecollege.edu/,43.481,-112.00228,False,2
496326,Eagle Gate College-Boise Campus,,eagle-gate-college-boise-campus,Boise,ID,83709-2505,https://www.eaglegatecollege.edu/,43.59091,-116.298572,False,3
496371,Elite Welding Academy South Point,South Point,elite-welding-academy-south-point,South Point,OH,45680-8849,https://www.eliteweldingacademy.com/,38.447233,-82.594354,False,2
496399,Agape College of Business and Science,,agape-college-of-business-and-science,Fresno,CA,93721-1827,https://www.acbscollege.org/,36.741252,-119.787874,True,1
496405,Newlane University,,newlane-university,Lehi,UT,84043,https://newlane.edu/,40.43093,-111.879451,False,1
496423,Zorganics Institute of Beauty and Wellness,Zorganics Institute,zorganics-institute-of-beauty-and-wellness,Bellingham,WA,98226-8184,https://www.zorganicsinstitute.edu/,48.791271,-122.495516,True,1
496469,Daybreak University,,daybreak-university,Anaheim,CA,92806,https://daybreak.edu/,33.837857,-117.88954,False,1
496478,Motion Picture Institute,,motion-picture-institute,Troy,MI,48084,https://www.motionpicture.edu/,42.55223,-83.166066,True,1
496539,The  Salon Professional Academy of Holland,,the-salon-professional-academy-of-holland,Holland,MI,49424-7521,https://www.tspaholland.com/,42.822173,-86.090522,True,1
496575,Dymond Designs Beauty School,,dymond-designs-beauty-school,Detroit,MI,48207-4236,https://ddbs.edu/,42.341646,-83.013866,True,1
496618,National Institute for Medical Assistant Advancement (NIMAA),,national-institute-for-medical-assistant-advancement-nimaa,Denver,CO,80204,https://www.nimaa.edu/,39.741297,-105.042047,True,1
496627,California Northstate University,,california-northstate-university,Elk Grove,CA,95757-3001,https://www.cnsu.edu/,38.405942,-121.481542,True,1
496636,Antigua College International,,antigua-college-international,Miami Lakes,FL,33016-1511,https://www.antigua.edu/,25.904817,-80.327618,True,1
496645,Burlington County Institute of Technology-Adult Education,,burlington-county-institute-of-technology-adult-education,Westampton,NJ,08060-3826,https://www.bcit.cc/o/bcitae,40.018851,-74.822846,True,2
496654,Sri Sai Krish Institute,,sri-sai-krish-institute,ORANGE,CA,92869,https://www.sskinstitute.org/,33.787459,-117.79648,True,1
496663,Riggins Urban Barber College,,riggins-urban-barber-college,San Diego,CA,92114-3618,https://www.rubc.edu/,32.706069,-117.086115,True,2
496672,Hair Arts Institute,,hair-arts-institute,Oklahoma City,OK,73134,https://www.hairartsinstitute.com/,35.621821,-97.567807,True,1
496681,Florida Academy of Nursing,FLORIDA ACADEMY OF NURSING,florida-academy-of-nursing,Miramar,FL,33027-7000,https://www.fan.edu/,25.980007,-80.34059,True,1
496690,Body Wisdom Massage Therapy School,,body-wisdom-massage-therapy-school,Urbandale,IA,50322-2903,https://www.bodywisdomschool.com/,41.629798,-93.734181,True,1
496715,CTK Healthcare & Career Institute,,ctk-healthcare-career-institute,Irving,TX,75062-7861,https://www.ctkhealthcare.com/,32.854097,-96.993287,True,1
496724,Aesthetics Institute,,aesthetics-institute,St. Louis,MO,63123-3107,https://www.aiskin.org/,38.551852,-90.335689,True,1
496733,Sierra Academy of Style,,sierra-academy-of-style,Carson City,NV,89701-6324,https://sascarsoncity.com/,39.150371,-119.762006,True,1
496751,Institute of Allied Healthcare,,institute-of-allied-healthcare,San Antonio,TX,78230-4538,https://www.alliedhealthedu.com/,29.507147,-98.570242,True,1
496803,NewU University,,newu-university,Washington,DC,20005,https://newu.university/,38.909213,-77.037058,False,1
496894,Branford Academy of Hair & Cosmetology-Bridgeport,,branford-academy-of-hair-cosmetology-bridgeport,Bridgeport,CT,06610-3239,https://branfordacademy.com/,41.186859,-73.163258,False,2
496919,United Education Institute-Las Vegas,,united-education-institute-las-vegas,Las Vegas,NV,89169-3012,https://www.uei.edu/,36.126687,-115.135647,False,6
496955,UEI College-Mesa,,uei-college-mesa,Mesa,AZ,85202,https://www.uei.edu/,33.394736,-111.862571,False,12
496964,Larry's Barber College-Joliet,,larry-s-barber-college-joliet,Joliet,IL,60435-7352,https://www.larrysbarbercollege.com/,41.523437,-88.105455,False,3
496973,Herzing University-Tampa,,herzing-university-tampa,Tampa,FL,33619-1311,https://herzing.edu/,27.976414,-82.335773,False,12
496991,Galen Health Institutes-Miami Campus,,galen-health-institutes-miami-campus,Pembroke Pines,FL,33027-6236,https://galencollege.edu/campuses/miami,25.997073,-80.337924,False,23
497037,Abilene Christian University-Undergraduate Online,,abilene-christian-university-undergraduate-online,Addison,TX,75001,https://www.acu.edu/academics/online/undergraduate,32.977065,-96.826833,False,1
497046,Madera Community College,,madera-community-college,Madera,CA,93638-8321,https://www.maderacollege.edu/,36.925132,-119.99787,True,1
497073,Ogle School Hair Skin Nails-Willowbrook,Ogle School,ogle-school-hair-skin-nails-willowbrook,Houston,TX,77070-5656,https://ogleschool.edu/,29.961825,-95.550032,False,3
497116,Galen Health Institutes-Austin Campus,Galen College of Nursing,galen-health-institutes-austin-campus,Round Rock,TX,78681-2301,https://galencollege.edu/campuses/austin,30.476575,-97.690907,False,23
497125,Galen Health Institutes-Nashville Campus,Galen College of Nursing,galen-health-institutes-nashville-campus,Nashville,TN,37203-5755,https://galencollege.edu/campuses/nashville,36.162229,-86.791569,False,23
497161,Ohio Business College-Dayton-Driving Academy,,ohio-business-college-dayton-driving-academy,Trotwood,OH,45426,https://www.obc.edu/,39.823721,-84.29184,False,3
497189,The Rapha School,,the-rapha-school,Home,PA,15747-9615,https://www.theraphaschool.com/,40.743997,-79.099123,True,1
497198,Academy of Allied Health Careers,,academy-of-allied-health-careers,Chattanooga,TN,37411-5336,https://www.aahctn.edu/,35.008533,-85.214313,True,1
497204,Mei Barber School,,mei-barber-school,Brownsville,TX,78520-5472,https://www.meibarberschool.com/,25.907884,-97.505114,True,1
497213,Great Northern University,,great-northern-university,Spokane,WA,99207-2550,https://www.greatnorthernu.org/,47.675837,-117.400562,True,1
497222,Salon Professional Academy-Elevate Salon Institute,Elevate Salon Institute - Miami Beach,salon-professional-academy-elevate-salon-institute,Miami Beach,FL,33139-3252,https://www.esimiamibeach.com/,25.786328,-80.144449,False,2
497268,Arizona College of Nursing-Salt Lake City,,arizona-college-of-nursing-salt-lake-city,Murray,UT,84123-2790,https://www.arizonacollege.edu/,40.656372,-111.903426,False,20
497277,Arizona College-Glendale,,arizona-college-glendale,Glendale,AZ,85302-3843,https://www.arizonacollege.edu/,33.566263,-112.154175,False,20
497286,Universal Technical Institute-West Texas,Universal Technical Institute - Austin,universal-technical-institute-west-texas,Austin,TX,78753-9742,https://www.uti.edu/,30.415828,-97.660482,False,5
497301,Avalon Institute-Las Vegas,,avalon-institute-las-vegas,Las Vegas,NV,89102-0046,https://avalon.edu/las-vegas-nv/,36.142355,-115.206409,False,4
497310,Medspa Academies-National Institute of Modern Aesthetics,NIMA Institute,medspa-academies-national-institute-of-modern-aesthetics,Las Vegas,NV,89113,https://www.nima.edu/,36.076399,-115.261445,False,2
497329,American Institute-Cherry Hill,,american-institute-cherry-hill,Cherry Hill,NJ,08002-4309,https://www.americaninstitute.edu/,39.939428,-75.015417,False,6
497338,Glendale Career College-North-West College-Bakersfield,,glendale-career-college-north-west-college-bakersfield,Bakersfield,CA,93304-5075,https://www.nw.edu.edu/,35.339951,-119.035082,False,7
497356,Barber Education Academy,,barber-education-academy,Laredo,TX,78041-6039,https://thebarbereducation.com/,27.555745,-99.48055,True,1
497365,Legends Barber College,,legends-barber-college,Lufkin,TX,75904-3105,https://www.legends-barber-college.com/,31.331903,-94.754951,True,1
497374,Academia Medical Institute,AMI,academia-medical-institute,Columbus,OH,43204-0000,https://www.amiohio.edu/,39.955242,-83.092451,True,1
497383,Barbers Trade School,,barbers-trade-school,Beaumont,TX,77701-3308,https://www.barbersinctx.com/,30.081479,-94.097718,True,1
497392,Top of the Line Barber School,,top-of-the-line-barber-school,San Antonio,TX,78218-2109,https://totlbarberschool.org/,29.508769,-98.371419,True,1
497408,Bridges Christian College,,bridges-christian-college,New Orleans,LA,70115-6305,https://www.bcc.edu/,29.935984,-90.103551,True,1
497417,Kino College,,kino-college,Tucson,AZ,85704-7802,https://kinocollege.edu/,32.31959,-111.009455,True,1
497426,Salon Professional Academy,,salon-professional-academy,Howell,NJ,07731-3385,https://www.tspahowell.com/,40.137818,-74.221921,True,1
497435,Southern California College of Barber and Beauty,,southern-california-college-of-barber-and-beauty,Escondido,CA,92025-1801,https://sccbb.edu/,33.127963,-117.085916,True,1
497444,Hello Gorgeous Barbers Stillwater's School of Barbering,,hello-gorgeous-barbers-stillwater-s-school-of-barbering,Stillwater,OK,74074-4104,https://www.hellogorgeousbarberschool.com/,36.115482,-97.085786,True,1
497453,Jackson Theological Seminary,,jackson-theological-seminary,North Little Rock,AR,72114-0000,https://jtseminary.edu/,34.758689,-92.261249,True,1
497462,Redeemers University North America,RUNA,redeemers-university-north-america,Greenville,TX,75401-7614,https://www.rccgnaseminary.org/,33.146603,-96.238771,True,1
497471,Personal Touch Beauty and Barber College,,personal-touch-beauty-and-barber-college,Kingstree,SC,29556-3346,https://www.ptbbcollege.com/,33.665098,-79.832101,True,1
497480,Reach University,,reach-university,Oakland,CA,94612-1278,https://www.reach.edu/,37.80566,-122.277476,True,1
497499,Technology Learning Center,,technology-learning-center,Oxford,MA,01540-1411,https://tlcedu.com/,42.11827,-71.900846,True,1
497657,Hawaii Tokai International College,HTIC,hawaii-tokai-international-college,Kapolei,HI,96707,https://www.htic.edu/,21.357583,-158.05889,False,1
497675,Hair Academy,,hair-academy-2,Chillicothe,OH,45601-2667,https://www.hairacademyllc.com/,39.345978,-82.979554,True,1
497684,Sweetwater Institute of Cosmetology,,sweetwater-institute-of-cosmetology,Sweetwater,TN,37874-3026,https://www.sweetwatercosmetology.com/,35.601126,-84.455725,True,1
497693,Kansas Health Science University,,kansas-health-science-university,Wichita,KS,67202,https://kansascom.kansashsu.org/,37.685373,-97.33594,True,1
497718,Academy for Jewish Religion,AJR,academy-for-jewish-religion,Yonkers,NY,10701,https://ajr.edu/,40.936234,-73.90014,True,1
497736,American College of Healthcare and Technology-Santa Ana,,american-college-of-healthcare-and-technology-santa-ana,Santa Ana,CA,92705-8680,https://www.ach.edu/,33.759681,-117.840955,False,3
497745,Aviation Institute of Maintenance-Chicago,,aviation-institute-of-maintenance-chicago,Chicago,IL,60609-2130,https://aviationmaintenance.edu/campuses/chicago-il,41.825743,-87.664313,False,2
497824,Evangel University-College of Online Learning,,evangel-university-college-of-online-learning,Springfield,MO,65802-2125,https://www.evangel.edu/,37.220956,-93.262614,False,2
497833,Marian University-Ancilla,Marian - Plymouth,marian-university-ancilla,Plymouth,IN,46563-9475,https://www.marian.edu/plymouth,41.337931,-86.445875,False,2
497888,Spa Tech Institute-North Andover,,spa-tech-institute-north-andover,North Andover,MA,01845-1613,https://www.spatech.edu/,42.707614,-71.131873,False,4
497897,Aveda Arts & Sciences Institute Lafayette-Arlington,,aveda-arts-sciences-institute-lafayette-arlington,Arlington,VA,22203-2137,https://avedaarts.edu/,38.878767,-77.111447,False,2
497912,Concorde Career College-Broadway,,concorde-career-college-broadway,Kansas City,MO,64111-2407,https://www.concorde.edu/campus/kansas-city-missouri,39.068021,-94.589739,False,3
497949,United Education Institute-Stone Mountain,,united-education-institute-stone-mountain,Stone Mountain,GA,30083-2871,https://www.uei.edu/,33.805285,-84.191755,False,4
497958,UEI College-Tacoma,,uei-college-tacoma,Tacoma,WA,98404-3344,https://www.uei.edu/,47.193187,-122.409173,False,6
498003,Montgomery Beauty School-Baltimore Beauty & Barber School,,montgomery-beauty-school-baltimore-beauty-barber-school,Baltimore,MD,21237-3063,https://www.https//www.baltimorebeautybarberschool.com,39.33627,-76.485069,False,2
498012,Commonwealth of Puerto Rico Department of Education-PRAMI,,commonwealth-of-puerto-rico-department-of-education-prami,Fajardo,PR,00738-0000,https://prami-fajardo.wixsite.com/admin,18.300193,-65.6476,False,5
498030,Universal Technical Institute-South Florida Miramar,Universal Technical Institute - Miramar,universal-technical-institute-south-florida-miramar,Miramar,FL,33027-4139,https://www.uti.edu/,25.984525,-80.339008,False,6
498049,Arizona College of Nursing-Southfield,,arizona-college-of-nursing-southfield,Southfield,MI,48033-7157,https://www.arizonacollege.edu/,42.48156,-83.260202,False,20
498076,Galen Health Institutes-Sarasota,Galen College of Nursing,galen-health-institutes-sarasota,Sarasota,FL,34232-5421,https://galencollege.edu/campuses/sarasota,27.342303,-82.449266,False,23
498085,Galen Health Institutes-Gainesville,Galen College of Nursing,galen-health-institutes-gainesville,Gainesville,FL,32607-3704,https://galencollege.edu/campuses/gainesville,29.630471,-82.417064,False,23
498094,Galen Health Institutes-Richmond,Galen College of Nursing,galen-health-institutes-richmond,Richmond,VA,23225-5551,https://galencollege.edu/campuses/richmond,37.506099,-77.528158,False,23
498100,Galen Health Institutes-Myrtle Beach,Galen College of Nursing,galen-health-institutes-myrtle-beach,Myrtle Beach,SC,29572-4180,https://galencollege.edu/campuses/myrtle-beach,33.757616,-78.822568,False,23
498119,Galen Health Institutes-Asheville,Galen College of Nursing,galen-health-institutes-asheville,Asheville,NC,28803-5007,https://galencollege.edu/campuses/asheville,35.485235,-82.557273,False,23
498234,Larkin University,,larkin-university,Miami,FL,33169,https://larkin.edu/,25.943148,-80.200493,True,1
498298,The Salon Professional Academy Maplewood,,the-salon-professional-academy-maplewood,Maplewood,MN,55109,https://www.tspamaplewood.com/,45.032418,-93.014643,True,1
498322,Xtylo Beauty And Barber College,,xtylo-beauty-and-barber-college-2,Tolleson,AZ,85353-0001,https://xtylocollege.com/,33.460108,-112.255755,False,2
498331,San Francisco School of Massage & Bodywork,,san-francisco-school-of-massage-bodywork,San Francisco,CA,94103-3416,https://www.sfsm.edu/,37.765421,-122.421684,True,1
498340,Chancellor Institute,,chancellor-institute,Ft Laurderdale,FL,33309,https://ichancellor.edu/,26.201792,-80.185274,True,1
498359,The Salon Professional Academy,,the-salon-professional-academy-4,Collegeville,PA,19426-2025,https://www.tspacollegeville.com/,40.194259,-75.469299,True,1
498368,Studio 75 Hair Academy,,studio-75-hair-academy,Millington,TN,38053-2066,https://studio75hairacademy.com/,35.34177,-89.897765,True,1
498386,Boone Career and Technical Center,,boone-career-and-technical-center,Foster,WV,25081-8126,https://www.gobctc.com/,38.103362,-81.809645,True,1
498401,Edge Academy of Beauty,Edge Academy,edge-academy-of-beauty,Manchester,KY,40962-8700,https://edgeacademy.edu/,37.139393,-83.771185,True,1
498410,Premier Barber School,,premier-barber-school,Houston,TX,77088-2518,https://www.premierbarberschool.com/,29.89282,-95.480589,True,1
498447,Arizona College of Nursing-Falls Church,,arizona-college-of-nursing-falls-church,Falls Church,VA,22042-4566,https://www.arizonacollege.edu/,38.860531,-77.218156,False,20
498456,Arizona College of Nursing-Ontario,,arizona-college-of-nursing-ontario,Ontario,CA,91761-1201,https://www.arizonacollege.edu/,34.06676,-117.578071,False,20
498474,Galen Health Institutes-Houston,Galen College of Nursing,galen-health-institutes-houston,Houston,TX,77041-8241,https://galencollege.edu/campuses/houston,29.839951,-95.562419,False,23
498483,Galen Health Institutes-Pikeville,Galen College of Nursing,galen-health-institutes-pikeville,Pikeville,KY,41501-1321,https://galencollege.edu/campuses/pikeville,37.472974,-82.530172,False,23
498553,Stellar Career College,,stellar-career-college-2,Chicago,IL,60606-0000,https://stellarcollege.edu/,41.884375,-87.634151,False,3
498562,Commonwealth University of Pennsylvania,,commonwealth-university-of-pennsylvania,Bloomsburg,PA,17815,https://www.commonwealthu.edu/,41.00782,-76.447844,True,1
498571,Pennsylvania Western University,PennWest University,pennsylvania-western-university,California,PA,15419,https://www.pennwest.edu/,40.064964,-79.88679,True,1
498623,Justice University,,justice-university,Chandler,AZ,85286-5170,https://www.justiceuniversity.edu/,33.265556,-111.787434,True,1
498641,I M Beauty School,,i-m-beauty-school,Glenview,IL,60025,https://imbeautyschool@gmail.com/,42.066686,-87.850383,True,1
498669,Aveda Institute Montana,,aveda-institute-montana,Billings,MT,59102-3805,https://www.avedainstitutemontana.com/,45.778914,-108.575858,True,1
498739,Lehigh Career & Technical Institute,,lehigh-career-technical-institute,Schnecksville,PA,18078-2599,https://www.lcti.org/adulted,40.663935,-75.608575,True,1
498748,CalCopa Massage School,California College of Physical Arts Inc.,calcopa-massage-school,Huntington Beach,CA,92648-2071,https://www.calcopamassageschool.edu/,33.692932,-117.98744,True,1
498757,Medical Solutions Academy,,medical-solutions-academy,Danville,VA,24541-1054,https://www.medicalsolutionsacademy.org/,36.591484,-79.399367,True,1
498766,Sami Halaseh Institute,,sami-halaseh-institute,Andover,KS,67002-8746,https://www.samihalasehinstitute.com/,37.704457,-97.133845,True,1
498775,Beaver Beauty Academy,,beaver-beauty-academy,Decatur,GA,30032-4281,https://bba.edu/,33.732385,-84.284219,True,1
498784,Upper Kutz Barber & Style College,,upper-kutz-barber-style-college,Greenville,MS,38701-5962,https://www.upperkutzbarbercollege.com/,33.396294,-91.038985,True,1
498793,All In The Wrist Barber Academy,,all-in-the-wrist-barber-academy,Smyrna,DE,19977-1511,https://www.aitwbarberacademy.com/,39.30507,-75.605433,True,1
498809,Yeshiva of Kasho,,yeshiva-of-kasho,Brooklyn,NY,11231-3819,https://yokny.org/,40.671255,-74.00015,True,1
498818,Cutting Edge Barber Academy,,cutting-edge-barber-academy,Lancaster,PA,17603-4229,https://thecuttingedgebarberacademy.com/,40.039119,-76.308585,True,1
498827,JT's Cuts Academy,,jt-s-cuts-academy,Fort Lauderdale,FL,33334-2765,https://www.jtcutsacademy.com/,26.165724,-80.136204,True,1
498836,The Nurse Academy,,the-nurse-academy,National City,CA,91950-2964,https://thenurseacademy.com/,32.682892,-117.082699,True,1
498845,Heartland Welding Academy,,heartland-welding-academy,Andover,KS,67002-9778,https://www.heartlandweldingacademy.com/,37.697688,-97.134406,True,1
498854,Jazz Barber and Hairstyling Academy,,jazz-barber-and-hairstyling-academy,Petersburg,VA,23803-3508,https://jazzhairacademy.com/,37.234402,-77.386325,True,1
498863,Renaissance Beauty Academy,,renaissance-beauty-academy,Cape Girardeau,MO,63703-4918,https://www.renaissancebeautyacademy.com/,37.297396,-89.573395,True,1
498872,Central Valley Barber College,,central-valley-barber-college,Riverbank,CA,95367-2024,https://www.centralvalleybarbercollege.com/,37.738336,-120.932216,True,1
498881,One Stop Academy,,one-stop-academy,Fayetteville,NC,28306-8490,https://www.onestopacademync.com/,34.99585,-78.966393,True,1
498890,East Texas Cosmetology College,,east-texas-cosmetology-college,Lufkin,TX,75904-7137,https://www.easttxcc.com/,31.283266,-94.733362,True,1
498906,Yeshivas Sanz Klauzenburg,,yeshivas-sanz-klauzenburg,Brooklyn,NY,11219-3631,https://yeshivasanzk.org/,40.632725,-73.990129,True,1
498924,URBE University,URBE University,urbe-university,Sweetwater,FL,33172-1852,https://urbeuniversity.edu/,25.791406,-80.382355,True,1
498951,Art22 Academy,Art22 Academy,art22-academy,Fort Wayne,IN,46804,https://art22academy.com/,41.062673,-85.219935,True,1
499033,Champ's Barber School-Lebanon,,champ-s-barber-school-lebanon,Lebanon,PA,17042-0001,https://www.champsbarberschool.com/,40.338376,-76.424687,False,3
499079,Collectiv Hair Dressing Academy-Collectiv Academy-Dallas,COLLECTIV Academy,collectiv-hair-dressing-academy-collectiv-academy-dallas,Dallas,TX,75248-4073,https://collectivacademy.com/,32.963087,-96.790828,False,2
499103,Homestead Schools-Costa Mesa,,homestead-schools-costa-mesa,Costa Mesa,CA,92626-3079,https://homesteadschools.net/,33.685098,-117.884488,False,2
499130,Innovate Salon Academy,,innovate-salon-academy-3,Brick Township,NJ,08723-3413,https://www.innovatesalonacademy.com/,40.062664,-74.143704,False,3
499149,Herzing University-Nashville,,herzing-university-nashville,Nashville,TN,37214-3450,https://www.herzing.edu/,36.154732,-86.63453,False,12
499176,College of Biomedical Equipment Technology,CBET,college-of-biomedical-equipment-technology,Schertz,TX,78154,https://www.cbet.edu/,29.56194,-98.289612,True,1
499185,Dorsey College-Grand Rapids,,dorsey-college-grand-rapids,Grand Rapids,MI,49546-1338,https://www.dorsey.edu/,42.916234,-85.542671,False,7
499255,Baltimore Beauty & Barber School II,,baltimore-beauty-barber-school-ii,Timonium,MD,21093-3208,https://baltimorebeautybarberschool2.com/,39.444853,-76.624887,False,2
499273,Galen Health Institutes-Dallas,Galen College of Nursing,galen-health-institutes-dallas,Richardson,TX,75080-1135,https://galencollege.edu/campuses/dallas,33.000073,-96.751892,False,23
499282,Galen Health Institutes-Roanoke,Galen College of Nursing,galen-health-institutes-roanoke,Roanoke,VA,24018-1604,https://www.galencollege.edu/roanoke,37.2486785,-80.037445,False,23
499291,Galen Health Institutes-Wichita,Galen College of Nursing,galen-health-institutes-wichita,Wichita,KS,67214-4923,https://galencollege.edu/campuses/wichita,37.696007,-97.299612,False,23
499307,Galen Health Institutes-Salt Lake City,Galen College of Nursing,galen-health-institutes-salt-lake-city,Draper,UT,84020-1930,https://galencollege.edu/campuses/salt-lake-city,40.503343,-111.901646,False,23
499334,Aveda Institute Tucson-Avondale,Aveda Institute Avondale,aveda-institute-tucson-avondale,Avondale,AZ,85323-5001,https://avedainspiregreatness.com/avondale-campus/?utm_source=google&utm_medium=organic&utm_campaign=gbp-listing,33.454583,-112.304885,False,3
499361,Premiere Aesthetics Institute-Meridian,,premiere-aesthetics-institute-meridian,Meridian,ID,83642-5210,https://www.premiereaestheticsinstitute.com/,43.588507,-116.364015,False,3
499370,Arizona College of Nursing-Sarasota,,arizona-college-of-nursing-sarasota,University Park,FL,34201-2142,https://www.arizonacollege.edu/,27.397535,-82.452156,False,20
499389,Arizona College of Nursing-Aurora,,arizona-college-of-nursing-aurora,Aurora,CO,80014-3511,https://www.arizonacollege.edu/,39.660088,-104.836952,False,20
499398,Arizona College of Nursing-Cincinnati,,arizona-college-of-nursing-cincinnati,Cincinnati,OH,45249-1655,https://www.arizonacollege.edu/,39.275361,-84.34767,False,20
499404,Arizona College of Nursing-Cleveland,,arizona-college-of-nursing-cleveland,Beachwood,OH,44122-7343,https://www.arizonacollege.edu/,41.46601,-81.493304,False,20
499413,Glendale Career College-North-West College-MFSON,,glendale-career-college-north-west-college-mfson,West Covina,CA,91790-2097,https://nw.edu/,34.072193,-117.948751,False,7
499422,Denver College of Nursing-Houston,,denver-college-of-nursing-houston,Houston,TX,77079-3021,https://www.denvercollegeofnursing.edu/,29.781312,-95.607143,False,2
499495,Gwinnett Institute,,gwinnett-institute,Orlando,FL,32826-4735,https://www.gwinnettcollege.edu/,28.571233,-81.208356,False,2
499529,Townsend Barber Institute,,townsend-barber-institute,Roseville,MN,55113-0000,https://townsendbarberinstitute.com/,45.005478,-93.129195,True,1
499538,Puerto Rico Advance Institute,,puerto-rico-advance-institute,Bayamon,PR,00961-0000,https://www.prai2010.com/,18.399161,-66.154489,True,1
499547,Austin Medical Assistant Training,,austin-medical-assistant-training,Forest Hills,NY,11375-0000,https://amat.edu/,40.719358,-73.841581,True,1
499556,Albany Beauty Academy,,albany-beauty-academy,Albany,GA,31707-3200,https://www.albanybeautyacademy.com/,31.603151,-84.203041,True,1
499608,Wade Gordon Hairdressing Academy-Oklahoma,,wade-gordon-hairdressing-academy-oklahoma,Oklahoma City,OK,73159,https://wadegordonacademy.com/,35.393846,-97.551553,False,3
499635,EDP University of Puerto Rico-Caguas,,edp-university-of-puerto-rico-caguas,Caguas,PR,00726-0000,https://www.edpuniversity.edu/,18.242649,-66.025309,False,6
499662,Aviation Institute of Maintenance-Phoenix,Aviation Institute of Maintenance - Phoenix,aviation-institute-of-maintenance-phoenix,Phoenix,AZ,85040-8605,https://aviationmaintenance.edu/phoenix-2/,33.410174,-112.01036,False,3
499671,Galen Health Institutes-Las Vegas,Galen College of Nursing,galen-health-institutes-las-vegas,Las Vegas,NV,89148-4858,https://galencollege.edu/,36.071855,-115.294893,False,23
499680,Stellar Career College-Crown Point,,stellar-career-college-crown-point,Crown Point,IN,46307-1117,https://in.stellarcollege.edu/,41.474242,-87.401656,False,3
499705,Tulsa Welding School-Dallas Campus,"TWS, Tulsa Welding School, TWS Dallas",tulsa-welding-school-dallas-campus,Irving,TX,75602-4805,https://www.tws.edu/,32.836133,-96.93712,False,5
499723,Barber Tech Academy-Columbia,,barber-tech-academy-columbia,Columbia,SC,29210-0000,https://barbertechacademy.com/,34.032705,-81.092863,False,2
499811,Ricketts Great Books College,,ricketts-great-books-college,Omaha,NE,68114,https://www.rickettsgreatbookscollege.org/,41.264089,-96.054981,False,1
499820,Diverse Media Institute,,diverse-media-institute,St. Paul,MN,55401,https://dmimn.edu/,44.954437,-93.149735,True,1
499866,Atlantic Acting School,,atlantic-acting-school,New York,NY,10011,https://atlanticactingschool.org/,40.74193,-74.004249,True,1
499875,Mosdos Yaakov V'Yisroel,,mosdos-yaakov-v-yisroel,Lakewood,NJ,08701-2925,https://myy.edu/,40.094783,-74.253772,True,1
499884,Jama's Beauty & Barber College,,jama-s-beauty-barber-college,West Hills,CA,91304-3023,https://www.jamabeautycollege.org/,34.219652,-118.646193,True,1
499893,West Coast Barber College,,west-coast-barber-college,Oceanside,CA,92058-1472,https://westcoastbarbercollege.com/,33.224473,-117.331497,True,1
499918,C N K Barber College,,c-n-k-barber-college,Tupelo,MS,38801-4902,https://www.cnkbarbercollege.com/,34.246562,-88.718171,True,1
499927,South Post Oak Barber College,,south-post-oak-barber-college,Houston,TX,77045-5249,https://southpostoakbarbercollege.com/,29.620632,-95.46458,True,1
499936,Petra College,,petra-college,Hammond,LA,70401-1551,https://www.petracollege.com/,30.517618,-90.482467,True,1
499945,Brighton Barber Institute,,brighton-barber-institute,Hurst,TX,76054-3058,https://brightonbarber.com/,32.848924,-97.170255,True,1
499954,Kentucky Welding Institute,,kentucky-welding-institute,Flemingsburg,KY,41041-8138,https://www.kwi.us/,38.446725,-83.743777,True,1
499963,Precision Welding Academy,,precision-welding-academy,Katy,TX,77449-7605,https://www.precisionweldingacademy.com/,29.856831,-95.684252,True,1
499972,Southwest Michigan Beauty School,,southwest-michigan-beauty-school,Sturgis,MI,49091-2061,https://www.swmbeautyschool.com/,41.791014,-85.429184,True,1
499981,Southwest University of Naprapathic Medicine,,southwest-university-of-naprapathic-medicine,Santa Fe,NM,87505-5764,https://sunm.edu/,35.657224,-105.948724,True,1
499990,Berea Beauty Academy,,berea-beauty-academy,Berea,KY,40403,https://bereabeautyacademy.net/,37.597915,-84.323448,True,1
500005,Affinity Hair Academy,,affinity-hair-academy,Orlando,FL,32837-7718,https://www.affinityhairacademy.com/,28.386925,-81.402081,True,1
500014,ICR Florida Education,,icr-florida-education,North Miami Beach,FL,33162-2447,https://www.icrfloridaeducation.com/,25.929016,-80.187356,True,1
500023,Empire Beauty School-Indianapolis,,empire-beauty-school-indianapolis,Indianapolis,IN,46237-8557,https://www.empire.edu/,39.652185,-86.082066,False,8
500087,Doral College,,doral-college,Doral,FL,33172,https://doral.edu/,25.79809,-80.376527,True,1
500096,Lincoln College of Technology-East Point,East Point,lincoln-college-of-technology-east-point,East Point,GA,30344-0000,https://www.lincolntech.edu/campus/east-point-ga,33.653126,-84.514816,False,8
500120,Tidewater Tech-East Little Creek,,tidewater-tech-east-little-creek,Norfolk,VA,23518-3205,https://tidewatertechtrades.edu/,36.914496,-76.216355,False,2
500157,Lil Lou's Beauty and Barber College - South Bend,,lil-lou-s-beauty-and-barber-college-south-bend,South Bend,IN,46615-0000,https://lillousbeautyandbarbercollege.com/,41.665949,-86.204717,False,3
500290,Arizona College of Nursing - Chesapeake,,arizona-college-of-nursing-chesapeake,Chesapeake,VA,23320-4686,https://www.arizonacollege.edu/,36.768088,-76.240372,False,20
500306,Arizona College of Nursing - Hartford,,arizona-college-of-nursing-hartford,East Hartford,CT,06108-3288,https://www.arizonacollege.edu/,41.768617,-72.662653,False,20
500324,UCAS University of Cosmetology Arts & Sciences - 03,,ucas-university-of-cosmetology-arts-sciences-03,Brownsville,TX,78521-1462,https://www.ucastx.com/,25.93858,-97.497663,False,4
500333,Arizona College of Nursing-St Louis,,arizona-college-of-nursing-st-louis,Maryland Heights,MO,63146-4011,https://www.arizonacollege.edu/,38.690785,-90.449253,False,20
500342,EDvance College,,edvance-college,San Francisco,CA,94104,https://edvance.edu/,37.789663,-122.40148,False,1
500379,High Alternative Education,,high-alternative-education,San Juan,PR,00920-0000,https://www.haeducation.net/,18.440416,-66.061009,True,1
500388,Virginia Barber School,,virginia-barber-school,Richmond,VA,23227-1623,https://www.thevirginiabarberschool.com/,37.630378,-77.441945,True,1
500397,Aguilas International Technical Institute,,aguilas-international-technical-institute,Tampa,FL,33615,https://agmedtech.com/,28.024186,-82.563648,True,1
500403,Miami Barber Institute,,miami-barber-institute,Miami,FL,33165-4434,https://miamibarberinstitute.edu/,25.733484,-80.376112,True,1
500412,Modern Male Barber Academy,,modern-male-barber-academy,Lansdale,PA,19446-0061,https://www.mmbacademy.com/,40.243364,-75.285944,True,1
500421,Epic Barber College,,epic-barber-college,Houston,TX,77015-2800,https://www.epicbarbercollege.com/,29.793329,-95.194505,True,1
500430,Mosley School of Cosmetology,,mosley-school-of-cosmetology,Kentwood,MI,49508-5272,https://mosleysoc.com/,42.882294,-85.604279,True,1
500449,New Orleans Culinary and Hospitality Institute,,new-orleans-culinary-and-hospitality-institute,New Orleans,LA,70130-3919,https://nochi.org/,29.944388,-90.073308,True,1
500467,Glitz School of Cosmetology -  Santa Fe Campus,,glitz-school-of-cosmetology-santa-fe-campus,Santa Fe,NM,87508,https://glitz.edu/,35.596425,-106.012848,False,3
500537,UR Beauty & Barber Academy-At True Family Barber Academy,,ur-beauty-barber-academy-at-true-family-barber-academy,Winter Haven,FL,33884,https://urbeautybarberacademy.com/,27.989284,-81.663051,False,2
500555,Shearz Institute,,shearz-institute,Lithia Springs,GA,30122,https://shearzinstitute.com/,33.79111,-84.622929,True,1
500670,University of Fairfax,,university-of-fairfax,Salem,VA,24153,https://ufairfax.edu/,,,True,1
500704,Circle of Love Academy,,circle-of-love-academy,Dudley,NC,28333-6359,https://www.circleofloveacademy.com/,,,True,1
500713,Virginia Christian College,,virginia-christian-college,Dumfries,VA,22025-1908,https://www.vcc.edu/,,,True,1
500722,Ideal Institute of Technology,,ideal-institute-of-technology,Pleasantville,NJ,08232-0000,https://www.iitnj.edu/,,,True,1
500731,Beauty Culture Academy,,beauty-culture-academy,Staten Island,NY,10306-0000,https://www.beautycultureacademy.com/,,,True,1
500740,Congregation YMH,,congregation-ymh,Brooklyn,NY,11218-3616,https://www.congymh.org/,,,True,1
500759,Eisek Hatorah DRachmistrivka,,eisek-hatorah-drachmistrivka,Staten Island,NY,10314-5039,https://eisek.org/,,,True,1
500768,Centureon Institute,,centureon-institute,Miami,FL,33134-1643,https://centureon.institute/,,,True,1
500777,Dooby Shop School of Cosmetology,,dooby-shop-school-of-cosmetology,Charlotte,NC,28216-4373,https://doobyshopschool.com/,,,True,1
500786,New Image Beauty and Barber School,,new-image-beauty-and-barber-school,Harlingen,TX,78550-5214,https://www.newimagebeautyandbarberschool.com/,,,True,1
500795,Final Touch Barber Academy,,final-touch-barber-academy,Philadelphia,PA,19130,https://finaltouchbarberacademy.com/,,,True,1
500801,Metropolitan Barber Academy,,metropolitan-barber-academy,Enola,PA,17025-9998,https://metrobarberacademy.com/,,,True,1
500810,Bet Midrash Ohel Torah,,bet-midrash-ohel-torah,Lakewood,NJ,08701-2109,https://oheltorahoflakewood.net/,,,True,1
500829,Northpoint College,,northpoint-college,Wyoming,MI,49519-4255,https://www.northpointcollege.edu/,,,True,1
500838,Goodwill Technical College,,goodwill-technical-college,New Orleans,LA,70119-7160,https://www.goodwilltechnicalcollege.edu/,,,True,1
500847,Charm Beauty School,,charm-beauty-school,Dearborn Heights,MI,48127-2145,https://www.charmbeautyschools.com/,,,True,1
500856,Salon Professional Academy (The),,salon-professional-academy-the,Whitehouse,TX,75791-3037,https://www.tspawhitehouse.com/,,,True,1
500865,Noe' Noonan School of Cosmetology,,noe-noonan-school-of-cosmetology,Erie,PA,16506-1027,https://www.noenoonan.com/,,,True,1
500874,Salon Professional Academy,,salon-professional-academy-2,Fort Wayne,IN,46825-0000,https://www.tspafortwayne.com/,,,True,1
500892,Champ's Barber School-York,Champ's Barber School,champ-s-barber-school-york,York,PA,17603-0000,https://www.champsbarberschool.com/,,,False,3
500935,United Education Institute-Dallas,,united-education-institute-dallas,Dallas,TX,75211-2416,https://www.uei.edu/,,,False,12
500944,Galen Health Institutes-Aurora,,galen-health-institutes-aurora,Aurora,CO,80012-0000,https://galencollege.edu/aurora,,,False,23
500953,Galen Health Institutes-Savannah,,galen-health-institutes-savannah,Pooler,GA,31322-0000,https://www.galencollege.edu/savannah,,,False,23
500962,Galen Health Institutes-Orlando,,galen-health-institutes-orlando,Orlando,FL,32826-0000,https://galencollege.edu/campuses/orlando,,,False,23
500971,Carrington College-Bakersfield,,carrington-college-bakersfield,Bakersfield,CA,93309-2659,https://carrington.edu/,,,False,16
500999,Carrington College-Fresno,,carrington-college-fresno,Fresno,CA,93710-3616,https://carrington.edu/,,,False,16
501008,Carrington College-Hesperia,,carrington-college-hesperia,Hesperia,CA,92344-8086,https://carrington.edu/,,,False,16
501017,Carrington College-Lancaster,,carrington-college-lancaster,Lancaster,CA,93534-7095,https://carrington.edu/,,,False,16
501026,Carrington College-Modesto,,carrington-college-modesto,Salida,CA,95368-9131,https://carrington.edu/,,,False,16
501035,Carrington College-Ontario,,carrington-college-ontario,Ontario,CA,91764-5141,https://carrington.edu/,,,False,16
501044,Carrington College-Rancho Cordova,,carrington-college-rancho-cordova,Rancho Cordova,CA,95670-5653,https://carrington.edu/,,,False,16
501053,Carrington College-Rancho Mirage,,carrington-college-rancho-mirage,Rancho Mirage,CA,92270-2701,https://carrington.edu/,,,False,16
501062,Carrington College-Santa Maria,,carrington-college-santa-maria,Santa Maria,CA,93454-6921,https://carrington.edu/,,,False,16
501071,Carrington College-Temecula,,carrington-college-temecula,Temecula,CA,92590-5677,https://carrington.edu/,,,False,16
501080,Carrington College-Visalia,,carrington-college-visalia,Visalia,CA,93291-7977,https://carrington.edu/,,,False,16
501105,Lyon College-School of Dental Medicine,,lyon-college-school-of-dental-medicine,Little Rock,AR,72202-0000,https://lyoninstitute.com/dentistry-program/,,,False,2
501141,Premiere Aesthetics Institute-Post Falls,,premiere-aesthetics-institute-post-falls,Post Falls,ID,83854-0000,https://premiereaestheticsinstitute.com/,,,False,3
501150,IntelliTec College-Euphoria Institute of Beauty Arts and Sciences,,intellitec-college-euphoria-institute-of-beauty-arts-and-sciences,Las Vegas,NV,89117-0000,https://euphoriainstitute.com/,,,False,2
501187,Tint School of Makeup & Cosmetology-Plano,,tint-school-of-makeup-cosmetology-plano,Plano,TX,75093-0000,https://tintcosmetologyschools.com/,,,False,3
501196,College of Health Care Professions-Garland,,college-of-health-care-professions-garland,Garland,TX,75053-0000,https://www.chcp.edu/,,,False,3
501211,Ohio Business College-Columbus,,ohio-business-college-columbus,Columbus,OH,43209-0000,https://www.obc.edu/,,,False,3
501293,Glendale Career College-Nevada Career Institute-MFSON,,glendale-career-college-nevada-career-institute-mfson,Las Vegas,NV,89119-0000,https://nevadacareerinstitute.com/,,,False,7
501309,UEI College-United Education Institute-Albuquerque,,uei-college-united-education-institute-albuquerque,Albuquerque,NM,87105-0000,https://www.uei.edu/,,,False,6
501318,UEI College-United Education Institute-Houston,,uei-college-united-education-institute-houston,Houston,TX,77036-8203,https://www.uei.edu/,,,False,4
501327,Glendale Career College-North-West College-MFSON-Riverside,,glendale-career-college-north-west-college-mfson-riverside,Riverside,CA,92505-2723,https://nw.edu/,,,False,7
501336,Activa Training Center,,activa-training-center,Miami,FL,33165,https://www.activatrainingcenter.com/,,,True,1
501345,Chicago College of Oriental Medicine,,chicago-college-of-oriental-medicine,Chicago,IL,60601,https://www.ccom.edu/,,,True,1
501354,Neihule Academy of Beauty,,neihule-academy-of-beauty,Los Angeles,CA,90014,https://www.neihuleacademy.com/,,,True,1
501363,Prince's Barber Academy,,prince-s-barber-academy,Zanesville,OH,43701,https://www.princesbarber.academy/,,,True,1
501381,Style Mobb University School of Cosmetology,Style Mobb,style-mobb-university-school-of-cosmetology,College Park,GA,30349,https://www.stylemobbuniversity.edu/,,,True,1
501390,Yeshiva Gedola Amidei Dgirsa,,yeshiva-gedola-amidei-dgirsa,Brooklyn,NY,11206,https://yeshivagedolaamideidgirsa.com/,,,True,1
501406,Care Hope College,,care-hope-college,Jupiter,FL,33478,https://www.carehope.edu/,,,True,1
501451,UTH Florida University,,uth-florida-university,Miami,FL,33133,https://www.uthflorida.us/,,,False,1
501460,University of North America,,university-of-north-america,Fairfax,VA,22033,https://uona.edu/,,,True,1
501488,West Coast University-Los Angeles,,west-coast-university-los-angeles,North Hollywood,CA,91606-3206,https://westcoastuniversity.edu/,,,False,6
501497,Orange Technical College-Avalon Campus,,orange-technical-college-avalon-campus,Orlando,FL,32828-6872,https://orangetechcollege.net/,,,False,2
501521,Herzing University-Clarksville,,herzing-university-clarksville,Clarksville,TN,37040-5802,https://www.herzing.edu/,,,False,12
501530,Ogle School Hair Skin Nails-Atlanta,Ogle School,ogle-school-hair-skin-nails-atlanta,Atlanta,GA,30310-0000,https://atl.ogleschool.edu/atlanta-campus/,,,False,4
501549,The Chicago School at Dallas,Chicago School of Professional Psychology at Dallas,the-chicago-school-at-dallas,Plano,TX,75093-0000,https://www.thechicagoschool.edu/in-the-community/locations/,,,False,8
501567,Elaine Sterling Institute-Dunwoody,,elaine-sterling-institute-dunwoody,Dunwoody,GA,30338-0000,https://elainesterling.com/dunwoody-campus/,,,False,2
501576,Las Vegas College-Houston Career Institute,Houston Career Institute,las-vegas-college-houston-career-institute,Houston,TX,77036-8001,https://houstoncareerinstitute.com/,,,False,2
501600,Northwest Educational Center-Construction Technology,,northwest-educational-center-construction-technology,Houton,TX,77092-0000,https://nwec.edu/,,,False,2
501619,Lincoln College of Technology-Houston,,lincoln-college-of-technology-houston,Houston,TX,77023-0000,https://www.lincolntech.edu/campus/houston-tx,,,False,9
501628,Glitz School of Cosmetology-Casa Grande Campus,,glitz-school-of-cosmetology-casa-grande-campus,Casa Grande,AZ,85122-0000,https://www.glitz.edu/,,,False,3
501664,San Joaquin Valley College-San Leandro,,san-joaquin-valley-college-san-leandro,San Leandro,CA,94578-1900,https://www.sjvc.edu/,,,False,17
501673,San Joaquin Valley College-Sacramento,,san-joaquin-valley-college-sacramento,Sacramento,CA,95826-3203,https://www.sjvc.edu/,,,False,17
501682,San Joaquin Valley College-Phoenix,,san-joaquin-valley-college-phoenix,Phoenix,AZ,85021-4185,https://www.sjvc.edu/,,,False,17
501691,Concorde Career College-Portland,,concorde-career-college-portland,Portland,OR,97232-2242,https://www.concorde.edu/campus/portland-oregon,,,False,3
501707,Riggins Urban Barber College-Palm Avenue,,riggins-urban-barber-college-palm-avenue,San Diego,CA,92154-0000,https://rubc.edu/,,,False,2
10236802,Troy University-Montgomery Campus,,troy-university-montgomery-campus,Montgomery,AL,361034419,https://www.troy.edu/about-us/montgomery-campus/index.html,,,False,4
10236803,Troy University-Dothan Campus,,troy-university-dothan-campus,Dothan,AL,363034419,https://www.troy.edu/about-us/dothan-campus/index.html,,,False,4
10236808,Troy University-Online,,troy-university-online,Troy,AL,360825327,https://www.troy.edu/online/,,,False,4
10236809,Troy University-Support Sites,,troy-university-support-sites,Alpharetta,GA,30009,https://www.troy.edu/about-us/troy-support-centers/,,,False,4
10415101,Arizona State University-West Valley,,arizona-state-university-west-valley,Glendale,AZ,85306,https://www.asu.edu/,,,False,17
10415102,Arizona State University-Polytechnic,,arizona-state-university-polytechnic,Mesa,AZ,85212,https://www.asu.edu/,,,False,17
10415103,Arizona State University-Downtown Phoenix,,arizona-state-university-downtown-phoenix,Phoenix,AZ,85004,https://www.asu.edu/,,,False,17
10415104,Arizona State University - Tucson,,arizona-state-university-tucson,Tucson,AZ,857454284,https://www.asu.edu/,,,False,17
10415106,Arizona State University - The Gila Valley,,arizona-state-university-the-gila-valley,Thatcher,AZ,855525545,https://www.asu.edu/,,,False,17
10415107,Arizona State University - Yuma,,arizona-state-university-yuma,Yuma,AZ,853656900,https://www.asu.edu/,,,False,17
10415108,Arizona State University - Pinal,,arizona-state-university-pinal,Coolidge,AZ,851289030,https://www.asu.edu/,,,False,17
10415109,Arizona State University - Cochise,,arizona-state-university-cochise,Sierra Vista,AZ,856352947,https://www.asu.edu/,,,False,17
10415110,Arizona State University - Yavapai,,arizona-state-university-yavapai,Prescott Valley,AZ,863142252,https://www.asu.edu/,,,False,17
10415111,Arizona State University - Pima,,arizona-state-university-pima,Tucson,AZ,857090001,https://www.asu.edu/,,,False,17
10415112,Arizona State University - Washington D.C.,,arizona-state-university-washington-d-c,Washington,DC,200065407,https://www.asu.edu/,,,False,17
10415113,Arizona State University - Northeastern Arizona,,arizona-state-university-northeastern-arizona,Show Low,AZ,859016211,https://www.asu.edu/,,,False,17
10415114,Arizona State University - Mesa City Center,,arizona-state-university-mesa-city-center,Mesa,AZ,852017416,https://www.asu.edu/,,,False,17
10415115,Arizona State University - ASU California Center - Broadway,,arizona-state-university-asu-california-center-broadway,Los Angeles,CA,900152205,https://www.asu.edu/,,,False,17
10415116,Arizona State University - ASU California Center - Grand,,arizona-state-university-asu-california-center-grand,Los Angeles,CA,900151421,https://www.asu.edu/,,,False,17
10635101,Arkansas Technical School,,arkansas-technical-school-2,North Little Rock,AR,72114,https://www.acbhd.edu/,,,False,2
10722001,Career Academy of Hair Design-Siloam Springs,,career-academy-of-hair-design-siloam-springs,Siloam Springs,AR,727614217,https://www.beautynwa.com/,,,False,5
10722002,Career Academy of Hair Design-Rogers,,career-academy-of-hair-design-rogers,Rogers,AR,727562102,https://www.beautynwa.com/,,,False,5
10722003,Career Academy of Hair Design-Fayetteville,,career-academy-of-hair-design-fayetteville,Fayetteville,AR,727014217,https://www.beautynwa.com/,,,False,5
10722004,Career Academy of Hair Design - Fort Smith,,career-academy-of-hair-design-fort-smith,Fort Smith,AR,729017814,https://www.beautynwa.com/,,,False,5
10772501,University of Arkansas Community College at Hope - Texarkana,,university-of-arkansas-community-college-at-hope-texarkana,Texarkana,AR,718541467,https://www.uaht.edu/index.php,,,False,2
11046801,Alliant International University-Fresno,,alliant-international-university-fresno,Fresno,CA,937272014,https://www.alliant.edu/,,,False,7
11046802,Alliant International University-Los Angeles,,alliant-international-university-los-angeles,Alhambra,CA,918031360,https://www.alliant.edu/,,,False,7
11046803,Alliant International University-San Francisco Bay Area,,alliant-international-university-san-francisco-bay-area,Emeryville,CA,94806,https://www.alliant.edu/,,,False,7
11046804,Alliant International University-Irvine,,alliant-international-university-irvine,Irvine,CA,926060000,https://www.alliant.edu/,,,False,7
11046805,Alliant International University-Sacramento,,alliant-international-university-sacramento,Sacramento,CA,958331867,https://www.alliant.edu/,,,False,7
11046806,Alliant International University - Phoenix,,alliant-international-university-phoenix,Phoenix,AZ,850122695,https://www.alliant.edu/,,,False,7
11163801,Casa Loma College - Nashville,,casa-loma-college-nashville,Nashville,TN,372171342,https://casalomacollege.edu/nashville-sec/,,,False,3
11163802,Casa Loma College -  Aurora,,casa-loma-college-aurora,Aurora,CO,800140000,https://www.casalomacollege.edu/,,,False,3
11458501,San Jose Campus,,san-jose-campus,San Jose,CA,95131,https://www.fivebranches.edu/,,,False,2
11643901,IDEA at ATEP,,idea-at-atep,Tustin,CA,927820223,https://atep.ivc.edu/,,,False,2
11710401,Life Pacific University-Virginia,,life-pacific-university-virginia,Christiansburg,VA,24073,https://lifepacific.edu/visit-east/,,,False,2
11752001,Life Chiropractic College West - Bellevue University,,life-chiropractic-college-west-bellevue-university,Bellevue,NE,68005,https://www.lifewest.edu/,,,False,2
11891201,MiraCosta College - San Elijo Campus,,miracosta-college-san-elijo-campus,Cardiff,CA,920071516,https://miracosta.edu/,,,False,2
11917301,Mount Saint Mary's University - Doheny Campus,,mount-saint-mary-s-university-doheny-campus,Los Angeles,CA,90007,https://www.msmu.edu/,,,False,2
12162801,RAND School of Public Policy - Virginia,,rand-school-of-public-policy-virginia,Arlington,VA,222025050,https://www.rand.edu/,,,False,2
12240901,San Diego State University-Imperial Valley Campus,,san-diego-state-university-imperial-valley-campus,Calexico,CA,92231,https://imperialvalley.sdsu.edu/,,,False,2
12265801,San Joaquin Delta College,,san-joaquin-delta-college-2,Stockton,CA,92507,https://www.deltacollege.edu/,,,False,2
12293101,Jesuit School of Theology of Santa Clara University,,jesuit-school-of-theology-of-santa-clara-university,Berkeley,CA,94709,https://www.scu.edu/jst,,,False,2
12429201,Thomas Aquinas College - New England,,thomas-aquinas-college-new-england,Northfield,MA,01360-1034,https://thomasaquinas.edu/,,,False,2
12509101,Victor Valley Community College - Aviation Technology,,victor-valley-community-college-aviation-technology,Victorville,CA,923947929,https://www.vvc.edu/academic/aviation-tech/,,,False,2
12601201,Wright Institute (The) -,,wright-institute-the,Berkeley,CA,947102254,https://wi.edu/,,,False,2
12697901,Denver Seminary - Washington DC,,denver-seminary-washington-dc,Landover,MD,207852414,https://www.denverseminary.edu/dc/,,,False,2
12915401,Goodwin University - Bridgeport Campus,,goodwin-university-bridgeport-campus,Bridgeport,CT,066045771,https://www.goodwin.edu/,,,False,2
13017403,Porter and Chester Institute of Waterbury,,porter-and-chester-institute-of-waterbury,Waterbury,CT,06705,https://www.porterchester.edu/,,,False,6
13017405,Porter and Chester Institute of Worcester,,porter-and-chester-institute-of-worcester,Worcester,MA,01606,https://www.porterchester.edu/,,,False,6
13017408,Porter and Chester Institute - Brockton,,porter-and-chester-institute-brockton,Brockton,MA,023014928,https://www.porterchester.edu/,,,False,6
13017409,Porter and Chester Institute - Chicopee,,porter-and-chester-institute-chicopee,Chicopee,MA,010221153,https://www.porterchester.edu/,,,False,6
13017410,Porter and Chester Institute - New London,,porter-and-chester-institute-new-london,New London,CT,063202628,https://www.porterchester.edu/,,,False,6
13090701,Delaware Technical Community College-Owens,,delaware-technical-community-college-owens,Georgetown,DE,19947,https://www.dtcc.edu/our-campuses/georgetown,,,False,3
13090702,Delaware Technical Community College-Stanton/Wilmington,,delaware-technical-community-college-stanton-wilmington,Wilmington,DE,19801,https://www.dtcc.edu/our-campuses/wilmington,,,False,3
13247101,Barry University Law School,,barry-university-law-school,Orlando,FL,328073673,https://www.barry.edu/law/,,,False,2
13508101,Keiser University-Melbourne,,keiser-university-melbourne,Melbourne,FL,32901,https://www.keiseruniversity.edu/melbourne/,,,False,17
13508102,Keiser University-Tallahassee,,keiser-university-tallahassee,Tallahassee,FL,32309,https://www.keiseruniversity.edu/tallahassee/,,,False,17
13508103,Keiser University-Daytona,,keiser-university-daytona,Daytona Beach,FL,32114,https://www.keiseruniversity.edu/daytona-beach/,,,False,17
13508104,Keiser University-Lakeland,,keiser-university-lakeland,Lakeland,FL,33805,https://www.keiseruniversity.edu/lakeland/,,,False,17
13508105,Keiser University- Miami,,keiser-university-miami,Miami,FL,33172,https://www.keiseruniversity.edu/miami/,,,False,17
13508106,Keiser University-Orlando,,keiser-university-orlando,Orlando,FL,32807,https://www.keiseruniversity.edu/orlando/,,,False,17
13508107,Keiser University-Sarasota,,keiser-university-sarasota,Sarasota,FL,34240,https://www.keiseruniversity.edu/sarasota/,,,False,17
13508108,Keiser University-Jacksonville,,keiser-university-jacksonville,Jacksonville,FL,32216,https://www.keiseruniversity.edu/jacksonville/,,,False,17
13508109,Keiser University-Tampa,,keiser-university-tampa,Tampa,FL,33634,https://www.keiseruniversity.edu/tampa/,,,False,17
13508110,Keiser University-Pembroke Pines,,keiser-university-pembroke-pines,Pembroke Pines,FL,33027,https://www.keiseruniversity.edu/pembroke-pines/,,,False,17
13508111,Keiser University-Port St Lucie,,keiser-university-port-st-lucie,Port St Lucie,FL,34987,https://www.keiseruniversity.edu/port-st-lucie/,,,False,17
13508112,Keiser University-West Palm Beach,,keiser-university-west-palm-beach,West Palm Beach,FL,33411,https://www.keiseruniversity.edu/west-palm-beach/,,,False,17
13508113,Keiser University-Ft Myers,,keiser-university-ft-myers,Ft Myers,FL,339050000,https://www.keiseruniversity.edu/fort-myers/,,,False,17
13508114,Keiser University -  Clearwater,,keiser-university-clearwater,Clearwater,FL,337640000,https://www.keiseruniversity.edu/clearwater/,,,False,17
13508115,Keiser University - New Port Richey,,keiser-university-new-port-richey,New Port Richey,FL,346520000,https://www.keiseruniversity.edu/new-port-richey/,,,False,17
13508116,Keiser University - Residential (Flagship),,keiser-university-residential-flagship,West Palm Beach,FL,334090000,https://www.keiseruniversity.edu/residential/,,,False,17
13552201,Maynard A. Traviss Technical College - Central Florida Aerospace Academy,,maynard-a-traviss-technical-college-central-florida-aerospace-academy,Lakeland,FL,338111249,https://techcolleges.polkschoolsfl.com/,,,False,3
13552202,Traviss Technical College - ATCFO,,traviss-technical-college-atcfo,Bartow,FL,338300000,https://techcolleges.polkschoolsfl.com/,,,False,3
13682601,Miami Lakes Educational Center and Technical College -,,miami-lakes-educational-center-and-technical-college-2,Miami Lakes,FL,330146720,https://www.robertmorgantech.edu/,,,False,2
13830901,Rasmussen University-Central Pasco,,rasmussen-university-central-pasco,Odessa,FL,33556,https://www.rasmussen.edu/,,,False,19
13830902,Rasmussen University-Fort Myers,,rasmussen-university-fort-myers,Fort Myers,FL,339057805,https://www.rasmussen.edu/,,,False,19
13830903,Rasmussen University-Tampa/Brandon,,rasmussen-university-tampa-brandon,Brandon,FL,33511,https://www.rasmussen.edu/,,,False,19
13830905,Rasmussen University-North Orlando,,rasmussen-university-north-orlando,Altamonte Springs,FL,327143339,https://www.rasmussen.edu/,,,False,19
13962101,East Georgia State College - Statesboro,,east-georgia-state-college-statesboro,Statesboro,GA,30460,https://www.ega.edu/statesboro/index.html,,,False,3
13962102,East Georgia State College - Augusta,,east-georgia-state-college-augusta,Augusta,GA,309124562,https://www.ega.edu/admissions/visit/virtual-tour/egsc-augusta.html,,,False,3
14570701,Illinois Eastern Community Colleges-Olney Central College,,illinois-eastern-community-colleges-olney-central-college,Olney,IL,624502227,https://www.iecc.edu/occ,,,False,5
14570702,Illinois Eastern Community Colleges-Frontier Community College,,illinois-eastern-community-colleges-frontier-community-college,Fairfield,IL,62837,https://www.iecc.edu/fcc,,,False,5
14570703,Illinois Eastern Community Colleges-Lincoln Trail College,,illinois-eastern-community-colleges-lincoln-trail-college,Robinson,IL,62454,https://www.iecc.edu/ltc,,,False,5
14570704,Illinois Eastern Community Colleges-Wabash Valley College,,illinois-eastern-community-colleges-wabash-valley-college,Mount Carmel,IL,62863,https://www.iecc.edu/wvc,,,False,5
14736901,Moody Theological Seminary and Graduate School--Michigan,,moody-theological-seminary-and-graduate-school-michigan,Plymouth,MI,481704308,https://www.moody.edu/grad/michigan/,,,False,3
14736903,Moody Bible Institute - Spokane,,moody-bible-institute-spokane,Spokane,WA,992121451,https://www.moody.edu/undergrad/aviation/,,,False,3
14953201,Triton College - Intl Union of Operating Engr Local 399 Trning Fac.,,triton-college-intl-union-of-operating-engr-local-399-trning-fac,Chicago,IL,606161823,https://www.triton.edu/,,,False,2
15085301,PJ's College of Cosmetology- Brownsburg,,pj-s-college-of-cosmetology-brownsburg,Brownsburg,IN,461121462,https://www.gotopjs.com/,,,False,3
15085303,PJ's College of Cosmetology- Jeffersonville,,pj-s-college-of-cosmetology-jeffersonville,Jeffersonville,IN,471306290,https://www.gotopjs.com/,,,False,3
15098701,Ivy Tech Community College-South Bend/Elkhart,,ivy-tech-community-college-south-bend-elkhart,South Bend,IN,466013415,https://www.ivytech.edu/locations/south-bend/,,,False,19
15098702,Ivy Tech Community College-Columbus,,ivy-tech-community-college-columbus,Columbus,IN,472031868,https://www.ivytech.edu/locations/columbus/,,,False,19
15098703,Ivy Tech Community College-Muncie,,ivy-tech-community-college-muncie,Muncie,IN,473029448,https://www.ivytech.edu/locations/muncie/,,,False,19
15098704,Ivy Tech Community College-Kokomo,,ivy-tech-community-college-kokomo,Kokomo,IN,469011373,https://www.ivytech.edu/locations/kokomo/,,,False,19
15098705,Ivy Tech Community College-Lafayette,,ivy-tech-community-college-lafayette,Lafayette,IN,479051373,https://www.ivytech.edu/locations/lafayette/,,,False,19
15098706,Ivy Tech Community College-Fort Wayne,,ivy-tech-community-college-fort-wayne,Fort Wayne,IN,468051489,https://www.ivytech.edu/locations/fort-wayne/,,,False,19
15098707,Ivy Tech Community College-Sellersburg,,ivy-tech-community-college-sellersburg,Sellersburg,IN,471721897,https://www.ivytech.edu/locations/sellersburg,,,False,19
15098708,Ivy Tech Community College-Evansville,,ivy-tech-community-college-evansville,Evansville,IN,477103398,https://www.ivytech.edu/locations/evansville/,,,False,19
15098709,Ivy Tech Community College-Terre Haute,,ivy-tech-community-college-terre-haute,Terre Haute,IN,478024898,https://www.ivytech.edu/locations/terre-haute/,,,False,19
15098710,Ivy Tech Community College-Richmond,,ivy-tech-community-college-richmond,Richmond,IN,473741298,https://www.ivytech.edu/locations/richmond/,,,False,19
15098711,Ivy Tech Community College-Lake County,,ivy-tech-community-college-lake-county,East Chicago,IN,46312,https://www.ivytech.edu/locations/lake-county/,,,False,19
15098712,Ivy Tech Community College-Madison,,ivy-tech-community-college-madison,Madison,IN,472501881,https://www.ivytech.edu/locations/madison/,,,False,19
15098713,Ivy Tech Community College-Bloomington,,ivy-tech-community-college-bloomington,Bloomington,IN,474049272,https://ivytech.edu/locations/bloomington/,,,False,19
15098714,Ivy Tech Community College-Indianapolis,,ivy-tech-community-college-indianapolis,Indianapolis,IN,462089272,https://www.ivytech.edu/locations/indianapolis/,,,False,19
15098715,Ivy Tech Community College-Marion,,ivy-tech-community-college-marion,Marion,IN,469530000,https://www.ivytech.edu/locations/marion/,,,False,19
15098716,Ivy Tech Community College-Valparaiso,,ivy-tech-community-college-valparaiso,Valparaiso,IN,463832520,https://www.ivytech.edu/locations/valparaiso/,,,False,19
15098717,Ivy Tech Community College-Lawrenceburg,,ivy-tech-community-college-lawrenceburg,Lawrenceburg,IN,470251836,https://www.ivytech.edu/locations/lawrenceburg/,,,False,19
15098718,Ivy Tech Community College-Hamilton County,,ivy-tech-community-college-hamilton-county,Noblesville,IN,460600000,https://www.ivytech.edu/locations/hamilton-county/,,,False,19
15098719,Ivy Tech Community College-Anderson,,ivy-tech-community-college-anderson,Anderson,IN,460133413,https://www.ivytech.edu/locations/anderson/,,,False,19
15111101,Indiana University Fort Wayne,,indiana-university-fort-wayne,Fort Wayne,IN,46805,https://fortwayne.iu.edu/index.html,,,False,3
15111102,Indiana University Columbus,,indiana-university-columbus,Columbus,IN,47203,https://columbus.iu.edu/index.html,,,False,3
15336601,Graceland University - Independence,,graceland-university-independence,Independence,MO,640503434,https://www.graceland.edu/,,,False,2
15468801,Baker University School of Nursing,,baker-university-school-of-nursing,Topeka,KS,666041353,https://www.bakeru.edu/,,,False,2
15492501,Coffeyville Technical Campus,,coffeyville-technical-campus,Coffeyville,KS,67337,https://www.coffeyville.edu/,,,False,4
15492502,Columbus Technical Campus,,columbus-technical-campus,Columbus,KS,667255064,https://www.coffeyville.edu/,,,False,4
15492503,Coffeyville Community College - EMS Building,,coffeyville-community-college-ems-building,Coffeyville,KS,673370000,https://www.coffeyville.edu/,,,False,4
15535301,Old Town Barber College - KC,,old-town-barber-college-kc,Kansas City,MO,64136-1187,https://www.otbcollege.com/,,,False,2
15631001,PJ's College of Cosmetology- Greenfield,,pj-s-college-of-cosmetology-greenfield,Greenfield,IN,461403120,https://www.gotopjs.com/,,,False,6
15631002,PJ's College of Cosmetology- Muncie,,pj-s-college-of-cosmetology-muncie,Muncie,IN,473043120,https://www.gotopjs.com/,,,False,6
15631003,PJ's College of Cosmetology- Indianapolis,,pj-s-college-of-cosmetology-indianapolis,Indianapolis,IN,462033120,https://www.gotopjs.com/,,,False,6
15631004,PJ's College of Cosmetology- Plainfield,,pj-s-college-of-cosmetology-plainfield,Plainfield,IN,461683120,https://www.gotopjs.com/,,,False,6
15631005,PJ's College of Cosmetology- Louisville,,pj-s-college-of-cosmetology-louisville,Louisville,KY,402333120,https://www.gotopjs.com/,,,False,6
16061201,Southeastern Louisiana University - EBR Parish School System Prof Dev,,southeastern-louisiana-university-ebr-parish-school-system-prof-dev,Baton Rouge,LA,708145322,https://www.southeastern.edu/,,,False,5
16061202,Southeastern Louisiana University - St Amant High School,,southeastern-louisiana-university-st-amant-high-school,St Amant,LA,707743413,https://www.southeastern.edu/,,,False,5
16061203,Southeastern Louisiana University - Destrahan High School,,southeastern-louisiana-university-destrahan-high-school,Destrehan,LA,700474002,https://www.southeastern.edu/,,,False,5
16061204,Southeastern Louisiana University - Albert Cammon Middle School,,southeastern-louisiana-university-albert-cammon-middle-school,St. Rose,LA,700873616,https://www.southeastern.edu/,,,False,5
16099501,Beal University,,beal-university-2,Wilton,ME,042946831,https://www.beal.edu/,,,False,2
16125301,University of Maine - Machias,,university-of-maine-machias,Machias,ME,046541397,https://machias.edu/,,,False,2
16157202,Unity Environmental University - Unity,,unity-environmental-university-unity,Unity,ME,049885101,https://unity.edu/,,,False,2
16884704,Baker College of Cadillac,,baker-college-of-cadillac,Cadillac,MI,496019574,https://www.baker.edu/,,,False,5
16884706,Baker College of Jackson,,baker-college-of-jackson,Jackson,MI,492021230,https://www.baker.edu/,,,False,5
16884707,Baker College of Muskegon,,baker-college-of-muskegon,Muskegon,MI,494421455,https://www.baker.edu/,,,False,5
16884710,Baker College - Royal Oak Campus,,baker-college-royal-oak-campus,Royal Oak,MI,480672503,https://www.baker.edu/,,,False,5
16908001,Calvin University - Handlon Campus,,calvin-university-handlon-campus,Ionia,MI,488469571,https://www.calvin.edu/prison-initiative,,,False,2
16947903,Davenport University-Warren Location,,davenport-university-warren-location,Warren,MI,480925209,https://www.davenport.edu/,,,False,8
16947904,Davenport University-Kalamazoo Location,,davenport-university-kalamazoo-location,Kalamazoo,MI,490034070,https://www.davenport.edu/,,,False,8
16947905,Davenport University-Lansing Location,,davenport-university-lansing-location,Lansing,MI,489332197,https://www.davenport.edu/,,,False,8
16947907,Davenport University-Midland Location,,davenport-university-midland-location,Midland,MI,486423799,https://www.davenport.edu/,,,False,8
17296301,Anoka-Ramsey Community College-Cambridge Campus,,anoka-ramsey-community-college-cambridge-campus,Cambridge,MN,550085704,https://www.anokaramsey.edu/,,,False,2
17320301,Central Lakes College-Staples Campus,,central-lakes-college-staples-campus,Staples,MN,56479-3252,https://www.clcmn.edu/,,,False,2
17355901,M State - Detroit Lakes Campus,,m-state-detroit-lakes-campus,Detroit Lakes,MN,565012698,https://www.minnesota.edu/,,,False,4
17355902,M State - Moorhead Campus,,m-state-moorhead-campus,Moorhead,MN,565604899,https://www.minnesota.edu/,,,False,4
17355903,M State - Wadena Campus,,m-state-wadena-campus,Wadena,MN,564820566,https://www.minnesota.edu/,,,False,4
17373501,Minnesota North College - Itasca,,minnesota-north-college-itasca,Grand Rapids,MN,55744,https://minnesotanorth.edu/,,,False,6
17373502,Minnesota North College - Mesabi Range Virginia,,minnesota-north-college-mesabi-range-virginia,Virginia,MN,55792,https://minnesotanorth.edu/,,,False,6
17373503,Minnesota North College - Mesabi Range Eveleth,,minnesota-north-college-mesabi-range-eveleth,Eveleth,MN,55734,https://minnesotanorth.edu/,,,False,6
17373504,Minnesota North College - Rainy River,,minnesota-north-college-rainy-river,International Falls,MN,56649,https://minnesotanorth.edu/,,,False,6
17373505,Minnesota North College - Vermilion,,minnesota-north-college-vermilion,Ely,MN,557311900,https://minnesotanorth.edu/,,,False,6
17391101,South Central College-Faribault,,south-central-college-faribault,Faribault,MN,550215782,https://southcentral.edu/,,,False,2
17395701,Mayo Clinic College of Medicine and Science - Florida,,mayo-clinic-college-of-medicine-and-science-florida,Jacksonville,FL,32224,https://college.mayo.edu/,,,False,4
17395702,Mayo Clinic College of Medicine and Science - Arizona,,mayo-clinic-college-of-medicine-and-science-arizona,Scottsdale,AZ,85259,https://college.mayo.edu/,,,False,4
17395703,Mayo Clinic College of Medicine and Science - Arizona,,mayo-clinic-college-of-medicine-and-science-arizona-2,Phoenix,AZ,850540000,https://college.mayo.edu/,,,False,4
17447301,Northland Community and Technical College - East Grand Forks,,northland-community-and-technical-college-east-grand-forks,East Grand Forks,MN,56721,https://www.northlandcollege.edu/,,,False,3
17447302,Northland Community and Technical College - Aerospace,,northland-community-and-technical-college-aerospace,Thief River Falls,MN,567018437,https://www.northlandcollege.edu/,,,False,3
17501401,Rasmussen University-Bloomington,,rasmussen-university-bloomington,Bloomington,MN,554355444,https://www.rasmussen.edu/,,,False,19
17501402,Rasmussen University-Eagan,,rasmussen-university-eagan,Eagan,MN,55121,https://www.rasmussen.edu/,,,False,19
17501403,Rasmussen University-Mankato,,rasmussen-university-mankato,Mankato,MN,560015476,https://www.rasmussen.edu/,,,False,19
17501406,Rasmussen University-Hennepin/Anoka,,rasmussen-university-hennepin-anoka,Brooklyn Park,MN,55443,https://www.rasmussen.edu/,,,False,19
17526301,Minnesota State CollegeSoutheast-Red Wing Campus,,minnesota-state-collegesoutheast-red-wing-campus,Red Wing,MN,55066,https://www.southeastmn.edu/,,,False,2
17557301,Copiah-Lincoln Community College Simpson County Center,,copiah-lincoln-community-college-simpson-county-center,Mendenhall,MS,39114,https://www.colin.edu/,,,False,3
17557302,Copiah-Lincoln Community College-Natchez Campus,,copiah-lincoln-community-college-natchez-campus,Natchez,MS,39120,https://www.colin.edu/,,,False,3
17601701,University of Mississippi Medical Center,,university-of-mississippi-medical-center,Jackson,MS,392164505,https://www.umc.edu/,,,False,2
17623901,Pearl River Community College-Forrest County Campus,,pearl-river-community-college-forrest-county-campus,Hattiesburg,MS,39401,https://www.prcc.edu/,,,False,3
17623902,PRCC Hancock Aviation Aerospace Workforce Academy,,prcc-hancock-aviation-aerospace-workforce-academy,Kiln,MS,39556,https://prcc.edu/,,,False,3
17662801,Avila University -  Arizona,,avila-university-arizona,Goodyear,AZ,853950000,https://www.avila.edu/,,,False,2
17706501,Columbia College - Redstone Arsenal,,columbia-college-redstone-arsenal,Redstone Arsenal,AL,358985192,https://www.ccis.edu/locations/redstone-arsenal,,,False,15
17706504,Columbia College - NAS Jacksonville,,columbia-college-nas-jacksonville,Jacksonville,FL,322120137,https://www.ccis.edu/locations/nas-jacksonville,,,False,15
17706508,Columbia College - Fort Leonard Wood,,columbia-college-fort-leonard-wood,Fort Leonard Wood,MO,654731707,https://www.ccis.edu/locations/fort-leonard-wood,,,False,15
17706510,Columbia College - Lake Ozark,,columbia-college-lake-ozark,Osage Beach,MO,650659677,https://www.ccis.edu/locations/lake-ozark,,,False,15
17706512,Columbia College - Fort Worth,,columbia-college-fort-worth,Fort Worth,TX,761271188,https://www.ccis.edu/locations/fort-worth,,,False,15
17706515,Columbia College - Naval Station Everett/Marysville,,columbia-college-naval-station-everett-marysville,Marysville,WA,982717854,https://www.ccis.edu/locations/marysville,,,False,15
17706523,Columbia College - Fort Stewart,,columbia-college-fort-stewart,Ft. Stewart,GA,313145056,https://www.ccis.edu/locations/fort-stewart,,,False,15
17706524,Columbia College - Hunter Army Airfield,,columbia-college-hunter-army-airfield,Hunter Army Airfield,GA,314090029,https://www.ccis.edu/locations/hunter-army-airfield,,,False,15
17706527,Columbia College - Whidbey Island,,columbia-college-whidbey-island,Oak Harbor,WA,982781000,https://www.ccis.edu/locations/whidbey-island,,,False,15
17706530,Columbia College - Fort Sill,,columbia-college-fort-sill,Fort Sill,OK,735039009,https://www.ccis.edu/locations/fort-sill,,,False,15
17706532,Columbia College - San Diego,,columbia-college-san-diego,San Diego,CA,921405290,https://www.ccis.edu/locations/san-diego,,,False,15
17706546,Columbia College - Denver,,columbia-college-denver,Aurora,CO,800119032,https://www.ccis.edu/locations/denver,,,False,15
17706547,Columbia College - Whiteman AFB,,columbia-college-whiteman-afb,Whiteman AFB,MO,653055411,https://www.ccis.edu/locations/whiteman,,,False,15
17981201,Kansas City University-Joplin,,kansas-city-university-joplin,Joplin,MO,648041598,https://www.kansascity.edu/,,,False,2
18017901,City College Montana State University Billings,,city-college-montana-state-university-billings,Billings,MT,59102-9856,https://www.msubillings.edu/citycollege/,,,False,2
18409201,American Institute,,american-institute,Clifton,NJ,070112379,https://www.americaninstitute.com/,,,False,6
18557201,Monmouth University -  Monmouth Park Corporate Center,,monmouth-university-monmouth-park-corporate-center,West Long Branch,NJ,077641898,https://www.monmouth.edu/,,,False,2
18908801,Bard College - Holyoke Microcollege,,bard-college-holyoke-microcollege,Holyoke,MA,010403927,https://www.bard.edu/,,,False,15
18908802,Bard College - Coxsackie Correctional Facility,,bard-college-coxsackie-correctional-facility,Coxsackie,NY,120510200,https://www.bard.edu/,,,False,15
18908803,Bard College - Eastern NY Correctional Facility,,bard-college-eastern-ny-correctional-facility,Napanoch,NY,124580338,https://www.bard.edu/,,,False,15
18908804,Bard College - Fishkill Correctional Facility,,bard-college-fishkill-correctional-facility,Beacon,NY,125080307,https://www.bard.edu/,,,False,15
18908805,Bard College - Green Haven Correctional Facility,,bard-college-green-haven-correctional-facility,Stormville,NY,125820010,https://www.bard.edu/,,,False,15
18908806,Bard College - Taconic Correctional Facility,,bard-college-taconic-correctional-facility,Bedford Hill,NY,105072497,https://www.bard.edu/,,,False,15
18908807,Bard College - Woodbourne Correctional Facility,,bard-college-woodbourne-correctional-facility,Woodbourne,NY,127881000,https://www.bard.edu/,,,False,15
18908808,Bard College - BHSEC Newark,,bard-college-bhsec-newark,Newark,NJ,071032639,https://www.bard.edu/,,,False,15
18908809,Bard College - Brooklyn Public Library,,bard-college-brooklyn-public-library,Brooklyn,NY,112385619,https://www.bard.edu/,,,False,15
18908811,Bard College - New York Public Library Countee Cullen Branch,,bard-college-new-york-public-library-countee-cullen-branch,New York,NY,100302601,https://www.bard.edu/,,,False,15
18908812,Bard College - Bard Globalization and International Affairs Program,,bard-college-bard-globalization-and-international-affairs-program,New York,NY,100183614,https://www.bard.edu/,,,False,15
18908814,Bard College - Albion Correctional Facility,,bard-college-albion-correctional-facility,Albion,NY,144119399,https://www.bard.edu/,,,False,15
18956501,Bryant & Stratton College-Syracuse,,bryant-stratton-college-syracuse,Syracuse,NY,132032502,https://www.bryantstratton.edu/,,,False,16
18958301,Bryant & Stratton College-Amherst,,bryant-stratton-college-amherst,Getzville,NY,14068,https://www.bryantstratton.edu/,,,False,16
18958302,Bryant & Stratton College-Southtowns,,bryant-stratton-college-southtowns,Orchard Park,NY,14127,https://www.bryantstratton.edu/,,,False,16
18959201,Bryant & Stratton College-Henrietta,,bryant-stratton-college-henrietta,Rochester,NY,14623,https://www.bryantstratton.edu/,,,False,16
19004401,Clarkson University Capital Region Campus,,clarkson-university-capital-region-campus,Latham,NY,12110,https://www.clarkson.edu/about/visit/capital-region,,,False,2
19050301,Culinary Institute of America at Greystone,,culinary-institute-of-america-at-greystone,St. Helena,CA,94574,https://www.ciachef.edu/,,,False,3
19050302,Culinary Institute of America San Antonio,,culinary-institute-of-america-san-antonio,San Antonio,TX,78215,https://www.ciachef.edu/,,,False,3
19054901,CUNY Brooklyn College - Feirstein Graduate School of Cinema,,cuny-brooklyn-college-feirstein-graduate-school-of-cinema,Brooklyn,NY,112051202,https://www.brooklyn.edu/feirstein/,,,False,2
19385801,NYSMedical&Dental Assistants - American Institute of Clinical Massage,,nysmedical-dental-assistants-american-institute-of-clinical-massage,Post Falls,ID,838548881,https://www.aicm.edu/,,,False,2
19457801,Pratt Manhattan-A Division of Pratt Institute,,pratt-manhattan-a-division-of-pratt-institute,New York,NY,10011,https://www.pratt.edu/,,,False,2
19476301,Rabbinical Seminary of America-Ma'yan HaTorah,,rabbinical-seminary-of-america-ma-yan-hatorah,Flushing,NY,11367,,,,False,2
19857001,Gaston College,,gaston-college-2,Dallas,NC,280341499,https://www.gaston.edu/,,,False,2
19975901,Southeastern Baptist Theological Seminary-Nash County Extension Center,,southeastern-baptist-theological-seminary-nash-county-extension-center,Nashville,NC,278560000,https://www.judsoncollege.com/academics/prison-program/,,,False,4
19975902,Southeastern Baptist Theological Seminary-Wake County Extension Center,,southeastern-baptist-theological-seminary-wake-county-extension-center,Raleigh,NC,276103846,https://www.judsoncollege.com/academics/prison-program/,,,False,4
19975903,Southeastern Baptist Theological Seminary - Lowell Correctional Institution,,southeastern-baptist-theological-seminary-lowell-correctional-institution,Ocala,FL,344820000,https://www.judsoncollege.com/academics/prison-program/,,,False,4
19998001,Winston - Salem Barber School - Satellite,,winston-salem-barber-school-satellite,Greensboro,NC,274072754,https://www.wsbarberschool.com/,,,False,2
20146901,Bryant & Stratton College-Akron,,bryant-stratton-college-akron,Akron,OH,443212798,https://www.bryantstratton.edu/,,,False,16
20146902,Bryant & Stratton College-Solon,,bryant-stratton-college-solon,Solon,OH,441392798,https://www.bryantstratton.edu/,,,False,16
20303001,Adult & Community Education Columbus City Schools - Fort Hayes Career,,adult-community-education-columbus-city-schools-fort-hayes-career,Columbus,OH,432159998,https://www.ccsoh.us/domain/197,,,False,2
20306701,Hebrew Union College-Jewish Institute of Religion-Cincinnati,,hebrew-union-college-jewish-institute-of-religion-cincinnati,Cincinnati,OH,452203796,https://huc.edu/,,,False,3
20306702,Hebrew Union College-Jewish Institute of Religion-Los Angeles,,hebrew-union-college-jewish-institute-of-religion-los-angeles,Los Angeles,CA,900073796,https://huc.edu/,,,False,3
20354401,Kettering College - Ollie Davis Medical Arts and Education Center,,kettering-college-ollie-davis-medical-arts-and-education-center,Beavercreek,OH,454403442,https://kc.edu/,,,False,2
20417601,Mount Carmel College of Nursing - Fairfield,,mount-carmel-college-of-nursing-fairfield,Lancaster,OH,431303372,https://www.mccn.edu/,,,False,2
20940901,Bushnell University - Roseburg Campus,,bushnell-university-roseburg-campus,Roseburg,OR,974709490,https://www.bushnell.edu/,,,False,2
21036801,Western Seminary-San Jose,,western-seminary-san-jose,San Jose,CA,95120,https://www.westernseminary.edu/,,,False,2
21078401,The Beauty Institute,,the-beauty-institute-4,Philadelphia,PA,19115,https://www.thebeautyinstituteskp.edu/,,,False,2
21130701,Bucks County Community College-Upper Bucks Campus,,bucks-county-community-college-upper-bucks-campus,Perkasie,PA,189440277,https://www.bucks.edu/,,,False,3
21130702,Bucks County Community College-Gene and Marlene Epstein Campus at Lower Bucks,,bucks-county-community-college-gene-and-marlene-epstein-campus-at-lower-bucks,Bristol,PA,190070277,https://www.bucks.edu/,,,False,3
21287801,Harrisburg Area Community College-Lancaster,,harrisburg-area-community-college-lancaster,Lancaster,PA,176023403,https://www.hacc.edu/,,,False,5
21287802,Harrisburg Area Community College-Gettysburg,,harrisburg-area-community-college-gettysburg,Gettysburg,PA,173253403,https://www.hacc.edu/,,,False,5
21287803,Harrisburg Area Community College-Lebanon,,harrisburg-area-community-college-lebanon,Annville,PA,17003,https://www.hacc.edu/,,,False,5
21287804,Harrisburg Area Community College-York,,harrisburg-area-community-college-york,York,PA,174045235,https://www.hacc.edu/,,,False,5
21316301,UPMC Jameson School of Nursing - UPMC Hamot,,upmc-jameson-school-of-nursing-upmc-hamot,Erie,PA,165031524,https://www.upmc.com/healthcare-professionals/education/schools-of-nursing/campuses/jameson-hamot,,,False,2
21429001,New Castle School of Trades,,new-castle-school-of-trades-2,Pulaski,PA,161432522,https://www.ncstrades.edu/,,,False,3
21429002,New Castle School of Trades - East Liverpool Campus,,new-castle-school-of-trades-east-liverpool-campus,East Liverpool,OH,439203025,https://www.ncstrades.edu/east-liverpool-programs/,,,False,3
21437901,Northampton County Area Community College-Monroe,,northampton-county-area-community-college-monroe,Tannersville,PA,18372,https://www.northampton.edu/admissions/campus-locations/monroe-campus.htm,,,False,2
21597401,UPMC Shadyside - at UPMC Harrisburg,,upmc-shadyside-at-upmc-harrisburg,Harrisburg,PA,171012225,https://www.upmc.com/healthcare-professionals/education/schools-of-nursing/campuses/shadyside-harrisburg,,,False,2
21608301,South Hills School of Business and Technology-Altoona,,south-hills-school-of-business-and-technology-altoona,Altoona,PA,16602,https://www.southhills.edu/,,,False,2
22039402,Tennessee College of Applied Technology-Jacksboro,,tennessee-college-of-applied-technology-jacksboro-2,LaFollette,TN,37766-3006,https://tcatjacksboro.edu/,,,False,2
22055202,South College-Asheville,,south-college-asheville,Asheville,NC,288030000,https://www.south.edu/locations/asheville/,,,False,7
22055203,South College-Nashville,,south-college-nashville,Nashville,TN,37214,https://www.south.edu/locations/nashville/,,,False,7
22055204,South College-Atlanta,,south-college-atlanta,Atlanta,GA,303450000,https://www.south.edu/locations/atlanta/,,,False,7
22055205,South College - Indianapolis,,south-college-indianapolis,Inidianapolis,IN,462801397,https://www.south.edu/locations/indianapolis/,,,False,7
22055206,South College - Orlando,,south-college-orlando,Orlando,FL,32821,https://www.south.edu/locations/orlando/,,,False,7
22055207,South College -  Pittsburgh,,south-college-pittsburgh,Cranberry Township,PA,160665239,https://www.south.edu/location/pittsburgh/,,,False,7
22797901,San Jacinto College-North Campus,,san-jacinto-college-north-campus,Houston,TX,770494599,https://www.sanjac.edu/,,,False,4
22797902,San Jacinto College-South Campus,,san-jacinto-college-south-campus,Houston,TX,770896099,https://www.sanjac.edu/,,,False,4
22797903,San Jacinto Community College District - Generation Park Campus,,san-jacinto-community-college-district-generation-park-campus,Houston,TX,770440000,https://www.sanjac.edu/,,,False,4
22872301,Texas A & M University Health Science Center,,texas-a-m-university-health-science-center,Bryan,TX,77807,https://health.tamu.edu/,,,False,2
23059701,Snow College-Richfield Campus,,snow-college-richfield-campus,Richfield,UT,84701,https://www.snow.edu/richfield/,,,False,3
23059702,Snow College -  Central Utah Correctional Facility,,snow-college-central-utah-correctional-facility,Gunnison,UT,846340000,https://www.snow.edu/,,,False,3
23155401,Bluefield College - Edward Via College of Osteopathic Medicine,,bluefield-college-edward-via-college-of-osteopathic-medicine,Blacksburg,VA,240606832,https://www.bluefield.edu/,,,False,3
23155402,Bluefield University - Edward Via College - Auburn,,bluefield-university-edward-via-college-auburn,Auburn,AL,368320000,https://www.bluefield.edu/,,,False,3
23178501,Bryant & Stratton College-Richmond,,bryant-stratton-college-richmond,North Chesterfield,VA,23235,https://www.bryantstratton.edu/,,,False,16
23178502,Bryant & Stratton College-Hampton,,bryant-stratton-college-hampton,Hampton,VA,236662198,https://www.bryantstratton.edu/,,,False,16
23368401,Strayer University-Alexandria Campus,,strayer-university-alexandria-campus,Alexandria,VA,22314,https://www.strayer.edu/campus-locations/virginia/alexandria,,,False,22
23368410,Strayer University-Newport News Campus,,strayer-university-newport-news-campus,Newport News,VA,23606,https://www.strayer.edu/campus-locations/virginia/newport-news,,,False,22
23368411,Strayer University-Virginia Beach Campus,,strayer-university-virginia-beach-campus,Virginia Beach,VA,23462,https://www.strayer.edu/campus-locations/virginia/virginia-beach,,,False,22
23384201,Union Presbyterian Seminary-Charlotte,,union-presbyterian-seminary-charlotte,Charlotte,NC,28210,https://www.upsem.edu/,,,False,2
23661002,Shoreline Community College - Dental Hygiene,,shoreline-community-college-dental-hygiene,Seattle,WA,981956365,https://www.shoreline.edu/,,,False,2
23693901,Washington State University-Vancouver,,washington-state-university-vancouver,Vancouver,WA,986869600,https://www.vancouver.wsu.edu/,,,False,6
23693902,Washington State University-Spokane,,washington-state-university-spokane,Spokane,WA,992029600,https://spokane.wsu.edu/,,,False,6
23693903,Washington State University-Tri Cities,,washington-state-university-tri-cities,Richland,WA,993541671,https://tricities.wsu.edu/,,,False,6
23693904,Washington State University - Everett Campus,,washington-state-university-everett-campus,Everett,WA,98201,https://everett.wsu.edu/,,,False,6
23693905,Washington State University - Global Campus,,washington-state-university-global-campus,Pullman,WA,991645220,https://online.wsu.edu/,,,False,6
23743701,Ameritas College -  South Bay Correctional Facility,,ameritas-college-south-bay-correctional-facility,South Bay,FL,334932233,https://ameritas.edu/,,,False,2
24297201,NUC University - Arecibo,,nuc-university-arecibo,Arecibo,PR,00614,https://www.nuc.edu/,,,False,31
24297202,NUC University - Rio Grande,,nuc-university-rio-grande,Rio Grande,PR,00745,https://www.nuc.edu/,,,False,31
24297203,NUC University - Ponce,,nuc-university-ponce,Ponce,PR,00780,https://www.nuc.edu/,,,False,31
24297204,NUC University - Caguas,,nuc-university-caguas,Caguas,PR,007260000,https://www.nuc.edu/,,,False,31
24297205,NUC University - Mayaguez,,nuc-university-mayaguez,Mayaguez,PR,006800000,https://www.nuc.edu/,,,False,31
24297206,NUC University - South Florida,,nuc-university-south-florida,Pembroke Pines,FL,330271767,https://www.nuc.edu/,,,False,31
24297207,NUC University - Florida Technical College - Lakeland,,nuc-university-florida-technical-college-lakeland,Lakeland,FL,338132101,https://www.ftccollege.edu/,,,False,31
24297208,NUC University - Florida Technical College - Deland,,nuc-university-florida-technical-college-deland,Deland,FL,327207415,https://www.ftccollege.edu/,,,False,31
24297209,NUC University - Florida Technical College - Kissimmee,,nuc-university-florida-technical-college-kissimmee,Kissimmee,FL,347410000,https://www.ftccollege.edu/,,,False,31
24297210,NUC University - Florida Technical College - Pembroke Pines,,nuc-university-florida-technical-college-pembroke-pines,Pembroke Pines,FL,330270000,https://www.ftccollege.edu/,,,False,31
24297211,NUC University - Florida Technical College - Cutler Bay,,nuc-university-florida-technical-college-cutler-bay,Cutler Bay,FL,331891208,https://www.ftccollege.edu/,,,False,31
24297212,NUC University - IBC Technical Division - Ponce,,nuc-university-ibc-technical-division-ponce,Ponce,PR,007175033,https://tecnicos.nuc.edu/,,,False,31
24297213,NUC University - IBC Technical Division - Mayaguez,,nuc-university-ibc-technical-division-mayaguez,Mayaguez,PR,006801429,https://tecnicos.nuc.edu/,,,False,31
24297214,NUC University - IBC Technical Division - Guayama,,nuc-university-ibc-technical-division-guayama,Guayama,PR,007849604,https://tecnicos.nuc.edu/,,,False,31
24297216,NUC University - IBC Technical Division - Manati,,nuc-university-ibc-technical-division-manati,Manati,PR,006740000,https://tecnicos.nuc.edu/,,,False,31
24297217,NUC University - IBC Technical Division - Los Colobos,,nuc-university-ibc-technical-division-los-colobos,Carolina,PR,009830001,https://tecnicos.nuc.edu/,,,False,31
24297219,NUC University - IBC Technical Division - Aguadilla,,nuc-university-ibc-technical-division-aguadilla,Aguadilla,PR,006030000,https://tecnicos.nuc.edu/,,,False,31
24297220,NUC University - IBC Technical Division - Caguas,,nuc-university-ibc-technical-division-caguas,Caguas,PR,007260000,https://tecnicos.nuc.edu/,,,False,31
24297221,NUC University - IBC Technical Division - Arecibo,,nuc-university-ibc-technical-division-arecibo,Arecibo,PR,006120000,https://tecnicos.nuc.edu/,,,False,31
24297222,NUC University - IBC Technical Division - Escorial,,nuc-university-ibc-technical-division-escorial,San Juan,PR,009280000,https://tecnicos.nuc.edu/,,,False,31
24297223,NUC University - IBC Technical Division - Bayamon,,nuc-university-ibc-technical-division-bayamon,Bayamon,PR,009610000,https://tecnicos.nuc.edu/,,,False,31
24297224,NUC University - IBC Technical Division - Yauco,,nuc-university-ibc-technical-division-yauco,Yauco,PR,006980000,https://tecnicos.nuc.edu/,,,False,31
24297225,NUC University - Florida Technical College - Orlando,,nuc-university-florida-technical-college-orlando,Orlando,FL,328262707,https://www.ftccollege.edu/,,,False,31
24297226,NUC University - Florida Technical College - Tampa,,nuc-university-florida-technical-college-tampa,Tampa,FL,33614,https://www.ftccollege.edu/,,,False,31
24297227,NUC University - CCU - Caguas,,nuc-university-ccu-caguas,Caguas,PR,007258517,,,,False,31
24297231,NUC University - CCU - Bayamon,,nuc-university-ccu-bayamon,Bayamon,PR,009610000,,,,False,31
24366501,University of the Virgin Islands-Albert A. Sheen,,university-of-the-virgin-islands-albert-a-sheen,St. Croix,VI,00850,https://www.uvi.edu/,,,False,2
24378001,Purdue University - Purdue Polytechnic Anderson,,purdue-university-purdue-polytechnic-anderson,Anderson,IN,46016,https://polytechnic.purdue.edu/anderson,,,False,12
24378002,Purdue University - Purdue Polytechnic Indianapolis,,purdue-university-purdue-polytechnic-indianapolis,Indianapolis,IN,46241,https://polytechnic.purdue.edu/indianapolis,,,False,12
24378003,Purdue University - Purdue Polytechnic South Bend,,purdue-university-purdue-polytechnic-south-bend,South Bend,IN,46601,https://polytechnic.purdue.edu/south-bend,,,False,12
24378004,Purdue University - Purdue Polytechnic New Albany,,purdue-university-purdue-polytechnic-new-albany,New Albany,IN,47150,https://polytechnic.purdue.edu/new-albany,,,False,12
24378006,Purdue University - Purdue Polytechnic Columbus,,purdue-university-purdue-polytechnic-columbus,Columbus,IN,47203,https://polytechnic.purdue.edu/columbus,,,False,12
24378007,Purdue University - Purdue Polytechnic Kokomo,,purdue-university-purdue-polytechnic-kokomo,Kokomo,IN,46902,https://polytechnic.purdue.edu/kokomo,,,False,12
24378008,Purdue University - Purdue Polytechnic Richmond,,purdue-university-purdue-polytechnic-richmond,Richmond,IN,473744316,https://polytechnic.purdue.edu/richmond,,,False,12
24378009,Purdue University - Purdue Polytechnic Lafayette,,purdue-university-purdue-polytechnic-lafayette,Lafayette,IN,47903,https://polytechnic.purdue.edu/lafayette,,,False,12
24378010,Purdue University - Purdue Polytechnic Vincennes,,purdue-university-purdue-polytechnic-vincennes,Vincennes,IN,47591,https://polytechnic.purdue.edu/vincennes,,,False,12
24378011,Purdue University - Westgate Academy,,purdue-university-westgate-academy,Odon,IN,475625651,,,,False,12
24378012,Purdue University -  Indianapolis,,purdue-university-indianapolis,Indianapolis,IN,46202,https://www.purdue.edu/campuses/indianapolis/,,,False,12
24893401,ECPI University-Newport News,,ecpi-university-newport-news,Newport News,VA,23606,https://www.ecpi.edu/,,,False,17
24893402,ECPI University-Greensboro,,ecpi-university-greensboro,Greensboro,NC,274093642,https://www.ecpi.edu/,,,False,17
24893403,ECPI University-Charlotte,,ecpi-university-charlotte,Charlotte,NC,28208,https://www.ecpi.edu/,,,False,17
24893404,ECPI University-Greenville,,ecpi-university-greenville,Greenville,SC,296151603,https://www.ecpi.edu/,,,False,17
24893405,ECPI University-Manassas,,ecpi-university-manassas,Manassas,VA,201091603,https://www.ecpi.edu/,,,False,17
24893406,ECPI University-Charleston,,ecpi-university-charleston,North Charleston,SC,29405,https://www.ecpi.edu/,,,False,17
24893407,ECPI University-Raleigh,,ecpi-university-raleigh,Raleigh,NC,276131603,https://www.ecpi.edu/,,,False,17
24893408,ECPI University-Columbia,,ecpi-university-columbia,Columbia,SC,292101603,https://www.ecpi.edu/,,,False,17
24893410,ECPI University-Culinary Institute of Virginia,,ecpi-university-culinary-institute-of-virginia,Norfolk,VA,235131603,https://www.ecpi.edu/college-of-culinary-arts,,,False,17
24893411,ECPI University-Virginia Beach Health Sciences,,ecpi-university-virginia-beach-health-sciences,Virginia Beach,VA,234621603,https://www.ecpi.edu/,,,False,17
24893413,ECPI University-Innsbrook,,ecpi-university-innsbrook,Glen Allen,VA,23060,https://www.ecpi.edu/,,,False,17
24893414,ECPI University-Richmond West,,ecpi-university-richmond-west,Richmond,VA,232941603,https://www.ecpi.edu/,,,False,17
24893415,ECPI University - Roanoke,,ecpi-university-roanoke,Roanoke,VA,240121603,https://www.ecpi.edu/,,,False,17
24893416,ECPI University - Orlando,,ecpi-university-orlando,Lake Mary,FL,327462197,https://www.ecpi.edu/,,,False,17
24893418,ECPI University - San Antonio,,ecpi-university-san-antonio,San Antonio,TX,782293642,https://www.ecpi.edu/,,,False,17
26092901,Paul Mitchell The School Boise -Paul Mitchell The School Coeur d'Alene,,paul-mitchell-the-school-boise-paul-mitchell-the-school-coeur-d-alene,Coeur d'Alene,ID,838156078,https://paulmitchell.edu/coeurdalene,,,False,3
36662301,Northwest Technology Center-Fairview,,northwest-technology-center-fairview,Fairview,OK,73737,https://nwtech.edu/,,,False,2
37321601,Pivot Point Academy -  Wahl Barber Academy,,pivot-point-academy-wahl-barber-academy,Chicago,IL,60631,https://www.pivotpoint.edu/,,,False,2
37369601,Rob Roy Academy - Woonsocket,,rob-roy-academy-woonsocket,Woonsocket,RI,02895,https://www.rob-roy.com/,,,False,2
37669501,College of the Marshall Islands - Kwajalein Campus,,college-of-the-marshall-islands-kwajalein-campus,Kwajalein Atoll,MH,969700000,https://cmi.edu/,,,False,2
37727201,Nuvani Institute-Uvalde,,nuvani-institute-uvalde,Uvalde,TX,788015242,https://www.nuvani.edu/,,,False,2
37728101,Nuvani Institute-Del Rio,,nuvani-institute-del-rio,Del Rio,TX,788405865,https://www.nuvani.edu/,,,False,3
37728103,Nuvani Institute-South Campus,,nuvani-institute-south-campus,Austin,TX,787455865,https://www.nuvani.edu/,,,False,3
38430601,Acupuncture and Integrative Medicine College Berkeley - Austin,,acupuncture-and-integrative-medicine-college-berkeley-austin,Austin,TX,787310000,https://www.aimc.edu/,,,False,2
38561901,Everglades University-Orlando,,everglades-university-orlando,Maitland,FL,327510000,https://www.evergladesuniversity.edu/,,,False,5
38561902,Everglades University-Sarasota,,everglades-university-sarasota,Sarasota,FL,342400000,https://www.evergladesuniversity.edu/,,,False,5
38561903,Everglades University - Tampa,,everglades-university-tampa,Tampa,FL,33609,https://www.evergladesuniversity.edu/,,,False,5
38561904,Everglades University - Miami,,everglades-university-miami,Miami,FL,33183,https://www.evergladesuniversity.edu/,,,False,5
40884401,Florida National University-South Campus,,florida-national-university-south-campus,Miami,FL,331752478,https://www.fnu.edu/,,,False,3
40884402,Florida National University Training Center,,florida-national-university-training-center,Hialeah,FL,330122478,https://www.fnu.edu/,,,False,3
41829601,Indian Capital Technology Center-Sallisaw,,indian-capital-technology-center-sallisaw,Sallisaw,OK,74955,https://www.ictech.edu/,,,False,5
41829602,Indian Capital Technology Center-Stilwell,,indian-capital-technology-center-stilwell,Stilwell,OK,74960,https://www.ictech.edu/,,,False,5
41829603,Indian Capital Technology Center-Tahlequah,,indian-capital-technology-center-tahlequah,Tahlequah,OK,74464,https://www.ictech.edu/,,,False,5
41829604,Indian Capital Technology Center School  District Number 4 - Coweta,,indian-capital-technology-center-school-district-number-4-coweta,Coweta,OK,744292026,https://www.ictech.edu/,,,False,5
41918301,Central California School of Continuing Education -,,central-california-school-of-continuing-education-2,Coalinga,CA,932101901,https://ccsce.org/,,,False,2
42312001,Compu-Med Vocational Careers Corp,,compu-med-vocational-careers-corp-2,Miami,FL,33165,https://www.compumed.edu/,,,False,3
42312002,Compu-Med Vocational Careers - Dallas,,compu-med-vocational-careers-dallas,Dallas,TX,752400000,https://www.compumed.edu/,,,False,3
42799101,Osceola Technical College - St. Cloud Campus,,osceola-technical-college-st-cloud-campus,St. Cloud,FL,34769-6017,https://otech.osceolaschools.net/,,,False,3
42799102,Osceola Technical College - Poinciana Campus,,osceola-technical-college-poinciana-campus,Kissimmee,FL,34759-3328,https://otech.osceolaschools.net/,,,False,3
42817001,Southeastern College-Miami Lakes,,southeastern-college-miami-lakes,Miami Lakes,FL,33014,https://www.sec.edu/,,,False,2
43482101,Blue Cliff College,,blue-cliff-college,Metairie,LA,700060000,https://www.bluecliffcollege.edu/,,,False,5
44098901,Career Schools of Texas - Branch Campus #1,,career-schools-of-texas-branch-campus-1,Dallas,TX,75241,https://www.txbarber.edu/,,,False,4
44098902,Career Schools of Texas - Branch Campus #2,,career-schools-of-texas-branch-campus-2,Dallas,TX,75228,https://www.txbarber.edu/,,,False,4
44098904,Career Schools of Texas - Branch Campus #5,,career-schools-of-texas-branch-campus-5,Houston,TX,77022,https://www.txbarber.edu/,,,False,4
44376602,Strayer University-Shelby Oaks Campus,,strayer-university-shelby-oaks-campus,Memphis,TN,38133,https://www.strayer.edu/campus-locations/tennessee/shelby,,,False,22
44378403,Strayer University-Center City Campus,,strayer-university-center-city-campus,Philadelphia,PA,19102,https://www.strayer.edu/campus-locations/pennsylvania/center-city,,,False,22
44473201,Leston College -,,leston-college-2,Isabela,PR,006620000,,,,False,2
44628801,Paul Mitchell The School Great Lakes - Sarasota,,paul-mitchell-the-school-great-lakes-sarasota,Sarasota,FL,342320000,https://paulmitchell.edu/sarasota,,,False,3
44652501,SAE Institute of Technology-New York,,sae-institute-of-technology-new-york,New York,NY,100114552,https://usa.sae.edu/campuses/new-york/,,,False,5
44652502,SAE Institute of Technology-Atlanta,,sae-institute-of-technology-atlanta,Atlanta,GA,303031736,https://www.usa.sae.edu/,,,False,5
44652503,SAE Institute of Technology-Miami,,sae-institute-of-technology-miami,North Miami Beach,FL,331604307,https://usa.sae.edu/campuses/miami/,,,False,5
44652504,SAE Institute of Technology-Chicago,,sae-institute-of-technology-chicago,Chicago,IL,606103132,https://chicago.sae.edu/,,,False,5
44784701,Aviator College of Aeronautical Science & Technology -  Kissimmee,,aviator-college-of-aeronautical-science-technology-kissimmee,Kissimmee,FL,347414620,https://www.aviatoramt.com/,,,False,2
44867301,Rasmussen University-Aurora,,rasmussen-university-aurora,Aurora,IL,605066219,https://www.rasmussen.edu/,,,False,19
44867302,Rasmussen University-Romeoville/Joliet,,rasmussen-university-romeoville-joliet,Romeoville,IL,604466219,https://www.rasmussen.edu/,,,False,19
44867303,Rasmussen University-Mokena/Tinley Park,,rasmussen-university-mokena-tinley-park,Mokena,IL,604486219,https://www.rasmussen.edu/,,,False,19
44946301,Academy Di Capelli -,,academy-di-capelli,East Hartford,CT,061083839,,,,False,2
44970001,Dayton School of Medical Massage-Lima,,dayton-school-of-medical-massage-lima,Lima,OH,45806,https://www.massageschools.com/,,,False,5
44970002,Cincinnati School of Medical Massage,,cincinnati-school-of-medical-massage,Cincinnati,OH,45242,https://www.massageschools.com/,,,False,5
44970003,Cleveland Institute of Medical Massage,,cleveland-institute-of-medical-massage,Middleburg Heights,OH,44130,https://www.massageschools.com/,,,False,5
44970004,Columbus School of Medical Massage,,columbus-school-of-medical-massage,Dublin,OH,430173305,https://www.massageschools.com/,,,False,5
45057102,Rasmussen University-Wausau,,rasmussen-university-wausau,Wausau,WI,544017804,https://www.rasmussen.edu/,,,False,19
45098801,Coastline Beauty College - Hemet,,coastline-beauty-college-hemet,Hemet,CA,925453661,https://www.coastlinebeauty.edu/,,,False,2
45128201,Elevate Salon Institute,,elevate-salon-institute-2,Utica,MI,483150000,https://www.esimichigan.com/,,,False,2
45175002,Bryant & Stratton College-Racine,,bryant-stratton-college-racine,Mount Pleasant,WI,534064375,https://www.bryantstratton.edu/,,,False,16
45486501,Cambridge College of Healthcare & Technology,,cambridge-college-of-healthcare-technology-3,Atlanta,GA,303421731,https://www.cambridgehealth.edu/,,,False,3
45486502,Cambridge College of Healthcare & Technology - Miami Gardens,,cambridge-college-of-healthcare-technology-miami-gardens,Miami Gardens,FL,331695373,https://www.cambridgehealth.edu/,,,False,3
45491701,Celebrity School of Beauty - Hialeah,,celebrity-school-of-beauty-hialeah,Hialeah,FL,33012-3110,https://celebrity.edu/,,,False,2
45519601,Jersey College - Tampa,,jersey-college-tampa,Tampa,FL,336190000,https://www.jerseycollege.edu/campuses/florida/tampa-fl,,,False,19
45519602,Jersey College - Ewing,,jersey-college-ewing,Ewing,NJ,086383957,https://www.jerseycollege.edu/campuses/new-jersey/ewing-nj,,,False,19
45519603,Jersey College - Jacksonville,,jersey-college-jacksonville,Jacksonville,FL,322562012,https://www.jerseycollege.edu/campuses/florida/jacksonville-fl,,,False,19
45519604,Jersey College - Fort Lauderdale,,jersey-college-fort-lauderdale,Sunrise,FL,33351,https://www.jerseycollege.edu/campuses/florida/fort-lauderdale-fl,,,False,19
45519605,Jersey College - Largo,,jersey-college-largo,Largo,FL,337741035,https://www.jerseycollege.edu/campuses/florida/largo-fl,,,False,19
45519606,Jersey College - Port Charlotte,,jersey-college-port-charlotte,Port Charlotte,FL,339525039,https://www.jerseycollege.edu/campuses/florida/port-charlotte-fl,,,False,19
45519607,Jersey College - Fort Wayne,,jersey-college-fort-wayne,Fort Wayne,IN,468044680,https://www.jerseycollege.edu/campuses/indiana/fort-wayne-in,,,False,19
45519608,Jersey College - Brooksville,,jersey-college-brooksville,Brooksville,FL,346018925,https://www.jerseycollege.edu/campuses/florida/brooksville-fl,,,False,19
45519609,Jersey College - Naples,,jersey-college-naples,Naples,FL,341143625,https://www.jerseycollege.edu/campuses/florida/naples-fl,,,False,19
45519610,Jersey College - Cleveland,,jersey-college-cleveland,Cleveland,TN,373113847,https://www.jerseycollege.edu/campuses/tennessee/cleveland-tn,,,False,19
45519611,Jersey College - Melbourne,,jersey-college-melbourne,Melbourne,FL,329358662,https://www.jerseycollege.edu/campuses/florida/melbourne-fl,,,False,19
45519612,Jersey College - Scranton,,jersey-college-scranton,Scranton,PA,185101724,https://www.jerseycollege.edu/campuses/pennsylvania/scranton-pa,,,False,19
45519613,Jersey College - Tucson,,jersey-college-tucson,Tucson,AZ,857047802,https://www.jerseycollege.edu/campuses/arizona/tucson-az,,,False,19
45519614,Jersey College - Knoxville,,jersey-college-knoxville,Knoxville,TN,379341956,https://www.jerseycollege.edu/campuses/tennessee/knoxville-tn,,,False,19
45519615,Jersey College - Jenkintown,,jersey-college-jenkintown,Jenkintown,PA,190462880,https://www.jerseycollege.edu/campuses/pennsylvania/jenkintown-pa,,,False,19
45519616,Jersey College - Mesa,,jersey-college-mesa,Mesa,AZ,852093316,https://www.jerseycollege.edu/campuses/arizona/mesa-az,,,False,19
45519617,Jersey College - Dothan,,jersey-college-dothan,Dothan,AL,363051045,https://www.jerseycollege.edu/campuses/alabama/dothan-al,,,False,19
45519618,Jersey College - York,,jersey-college-york,York,PA,174020000,https://www.jerseycollege.edu/campuses/pennsylvania/york-pa,,,False,19
45538101,Utah County Campus,,utah-county-campus,Orem,UT,840580000,https://www.skinscienceinstitute.com/,,,False,2
45763301,L'esprit Academy - Southfield,,l-esprit-academy-southfield,Southfield,MI,48076,https://www.lespritacademy.com/,,,False,2
45891902,Strayer University-Morrow Campus,,strayer-university-morrow-campus,Morrow,GA,30260,https://www.strayer.edu/campus-locations/georgia/morrow,,,False,22
45891905,Strayer University-Lithonia Campus,,strayer-university-lithonia-campus,Lithonia,GA,30038,https://www.strayer.edu/campus-locations/georgia/lithonia,,,False,22
45891907,Strayer University-Augusta Campus,,strayer-university-augusta-campus,Augusta,GA,30909,https://www.strayer.edu/campus-locations/georgia/augusta,,,False,22
45897303,Strayer University-Northwest Houston,,strayer-university-northwest-houston,Houston,TX,770645768,https://www.strayer.edu/campus-locations/texas/northwest-houston,,,False,22
45897306,Strayer University-North Dallas,,strayer-university-north-dallas,Farmers Branch,TX,752345768,https://www.strayer.edu/campus-locations/texas/north-dallas,,,False,22
45920401,Unitek College - San Jose,,unitek-college-san-jose,San Jose,CA,951193185,https://www.unitekcollege.edu/,,,False,6
45920402,Unitek College - Sacramento,,unitek-college-sacramento,Sacramento,CA,95821,https://unitekcollege.edu/,,,False,6
45920403,Unitek College - Concord,,unitek-college-concord,Concord,CA,945207982,https://unitekcollege.edu/,,,False,6
45920404,Unitek College - Bakersfield,,unitek-college-bakersfield,Bakersfield,CA,933030000,https://www.unitekcollege.edu/,,,False,6
45920405,Unitek College - Reno,,unitek-college-reno,Reno,NV,895026057,https://www.unitekcollege.edu/,,,False,6
46171301,Pure Aesthetics Natural Skincare School -  Arizona Holistic Institute,,pure-aesthetics-natural-skincare-school-arizona-holistic-institute,Tucson,AZ,85712,,,,False,2
46182901,Cinta Aveda Institute - San Jose,,cinta-aveda-institute-san-jose,San Jose,CA,951130000,https://www.cintaaveda.com/,,,False,2
47503301,Relay Graduate School of Education - Newark,,relay-graduate-school-of-education-newark,Newark,NJ,07102,https://relay.edu/location/relay-newark,,,False,18
47503302,Relay Graduate School of Education - New Orleans,,relay-graduate-school-of-education-new-orleans,New Orleans,LA,70113,https://relay.edu/location/relay-new-orleans,,,False,18
47503303,Relay Graduate School of Education - Delaware,,relay-graduate-school-of-education-delaware,Wilmington,DE,19801,https://relay.edu/location/relay-delaware,,,False,18
47503304,Relay Graduate School of Education - Memphis,,relay-graduate-school-of-education-memphis,Memphis,TN,38104,https://relay.edu/location/relay-memphis,,,False,18
47503305,Relay Graduate School of Education - Houston,,relay-graduate-school-of-education-houston,Houston,TX,77036,https://relay.edu/location/relay-houston,,,False,18
47503306,Relay Graduate School of Education - Chicago,,relay-graduate-school-of-education-chicago,Chicago,IL,60608,https://relay.edu/location/relay-chicago,,,False,18
47503307,Relay Graduate School of Education - Baton Rouge,,relay-graduate-school-of-education-baton-rouge,Baton Rouge,LA,70801,https://relay.edu/location/relay-baton-rouge,,,False,18
47503308,Relay Graduate School of Education - Philadelphia & Camden,,relay-graduate-school-of-education-philadelphia-camden,Philadelphia,PA,191224906,https://relay.edu/location/relay-philadelphia-camden,,,False,18
47503309,Relay Graduate School of Education - Denver,,relay-graduate-school-of-education-denver,Denver,CO,802112534,https://relay.edu/location/relay-denver,,,False,18
47503310,Relay Graduate School of Education - Nashville,,relay-graduate-school-of-education-nashville,Nashville,TN,37206,https://relay.edu/location/relay-nashville,,,False,18
47503311,Relay Graduate School of Education - San Antonio,,relay-graduate-school-of-education-san-antonio,San Antonio,TX,78212,https://relay.edu/location/relay-san-antonio,,,False,18
47503312,Relay Graduate School of Education - Dallas-Fort Worth,,relay-graduate-school-of-education-dallas-fort-worth,Dallas,TX,75232,https://relay.edu/location/relay-dallas-fort-worth,,,False,18
47503313,Relay Graduate School of Education - Washington D.C,,relay-graduate-school-of-education-washington-d-c,Washington,DC,20002,https://relay.edu/location/relay-washington-dc,,,False,18
47503314,Relay Graduate School of Education - Atlanta,,relay-graduate-school-of-education-atlanta,Atlanta,GA,30317,https://relay.edu/location/relay-atlanta,,,False,18
47503315,Relay Graduate School of Education - California,,relay-graduate-school-of-education-california,San Jose,CA,951103719,https://relay.edu/,,,False,18
47503316,Relay Graduate School of Education - Indiana,,relay-graduate-school-of-education-indiana,Indianapolis,IN,46218,https://relay.edu/location/relay-indianapolis,,,False,18
47503317,Relay Graduate School of Education - Connecticut,,relay-graduate-school-of-education-connecticut,New Haven,CT,065133089,https://relay.edu/location/relay-connecticut,,,False,18
47570501,Annenberg School of Nursing -  Los Angeles,,annenberg-school-of-nursing-los-angeles,Los Angeles,CA,900400000,https://www.asn.edu/,,,False,2
47662901,Salon Institute - Columbus Campus,,salon-institute-columbus-campus,Lewis Center,OH,430359153,https://www.saloninstitute.edu/,,,False,2
48065701,Rasmussen University - Overland Park,,rasmussen-university-overland-park,Overland Park,KS,662102786,https://rasmussen.edu/,,,False,19
48079001,Rocky Vista University - Utah,,rocky-vista-university-utah,Ivins,UT,847386756,https://www.rvu.edu/utah/,,,False,2
48092101,Designer Barber & Stylist School -,,designer-barber-stylist-school-2,Fort Smith,AR,729033701,https://designercollege.net/,,,False,2
48100301,MT Training Center - Humble,,mt-training-center-humble,Humble,TX,773380000,https://mttrainingcenter.org/,,,False,2
48133101,Sharp Edgez Barber Institute - Buffalo,,sharp-edgez-barber-institute-buffalo,Buffalo,NY,142170000,https://www.sharpedgez.com/,,,False,2
48152601,Chrysm Institute of Esthetics (The) - Hampton,,chrysm-institute-of-esthetics-the-hampton,Hampton,VA,236666413,https://chrysm.edu/,,,False,2
48224601,Lynnes Welding Training - Ramsey,,lynnes-welding-training-ramsey,Ramsey,MN,553037283,https://learntoweld.com/,,,False,3
48224602,Lynnes Welding Training-Bismarck,,lynnes-welding-training-bismarck,Bismarck,ND,585047593,https://learntoweld.com/,,,False,3
48325801,Networks Barber College,,networks-barber-college-2,Chicago,IL,606282503,https://www.networksbarbercollege.com/,,,False,2
48379901,East-West Healing Arts Institute - Milwaukee,,east-west-healing-arts-institute-milwaukee,Shorewood,WI,532111232,https://acupressureschool.com/,,,False,2
48387801,Bay Area Medical Academy - San Jose Satellite Location,,bay-area-medical-academy-san-jose-satellite-location,San Jose,CA,95113,https://www.bamasf.edu/,,,False,2
48400201,High Desert Medical College - Bakerfield,,high-desert-medical-college-bakerfield,Bakersfield,CA,93301,https://www.hdmc.edu/,,,False,3
48400202,High Desert Medical College - Temecula,,high-desert-medical-college-temecula,Temecula,CA,92592,https://www.hdmc.edu/,,,False,3
48486201,University of West Los Angeles - Chatsworth,,university-of-west-los-angeles-chatsworth,Woodland Hills,CA,913672061,https://www.uwla.edu/,,,False,2
48511103,Georgia Military College - Valdosta,,georgia-military-college-valdosta,Valdosta,GA,316057084,https://www.gmc.edu/,,,False,9
48511104,Georgia Military College - Augusta,,georgia-military-college-augusta,Martinez,GA,309072383,https://www.gmc.edu/,,,False,9
48511105,Georgia Military College - Fairburn,,georgia-military-college-fairburn,Fairburn,GA,302131302,https://www.gmc.edu/,,,False,9
48511106,Georgia Military College - Robins,,georgia-military-college-robins,Warner Robins,GA,310930711,https://www.gmc.edu/,,,False,9
48511107,Georgia Military College - Columbus,,georgia-military-college-columbus,Columbus,GA,31904,https://www.gmc.edu/,,,False,9
48511109,Georgia Military College - Madison,,georgia-military-college-madison,Madison,GA,306501349,https://www.gmc.edu/,,,False,9
48511112,Georgia Military College - Dublin,,georgia-military-college-dublin,Dublin,GA,310215149,https://www.gmc.edu/,,,False,9
48616901,American College of Barbering - Florence,,american-college-of-barbering-florence,Florence,KY,410421801,https://www.americancollegeofbarbering.com/,,,False,2
48839601,Phipps Academy of Barbering - Bradley,,phipps-academy-of-barbering-bradley,Bradley,IL,609151744,,,,False,2
48891601,Alabama School of Nail Technology & Cosmetology - Saraland,,alabama-school-of-nail-technology-cosmetology-saraland,Saraland,AL,365710000,https://www.asntc.edu/,,,False,2
49005401,HCI College - Fort Lauderdale Campus,,hci-college-fort-lauderdale-campus,Fort Lauderdale,FL,33309,https://www.hci.edu/,,,False,2
49010601,Virginia University of Integrative Medicine - New Jersey,,virginia-university-of-integrative-medicine-new-jersey,Ridgefield,NJ,076571045,https://www.vuim.edu/,,,False,3
49010602,Virginia University of Integrative Medicine - Georgia,,virginia-university-of-integrative-medicine-georgia,Duluth,GA,300964727,https://www.vuim.edu/,,,False,3
49146401,ABC Adult School - Cabrillo Lane,,abc-adult-school-cabrillo-lane,Cerritos,CA,907037748,https://www.abcadultschool.edu/,,,False,2
49158901,Mystros Barber Academy - Missouri City,,mystros-barber-academy-missouri-city,Missouri City,TX,774896000,https://mystrosbarberacademy.org/,,,False,2
49175601,Urban Barber College - San Jose,,urban-barber-college-san-jose,San Jose,CA,95133,https://www.urbanbarbercollege.com/,,,False,3
49175602,Urban Barber College -  Modesto,,urban-barber-college-modesto,Modesto,CA,953510000,https://www.urbanbarbercollege.com/,,,False,3
49178301,Wilton Simpson Technical College,,wilton-simpson-technical-college-2,Brooksville,FL,34613-4904,https://wstc.hernandoschools.org/,,,False,2
49362801,Pro Beauty Academy (The) -  Kenilworth,,pro-beauty-academy-the-kenilworth,Kenilworth,NJ,07033,https://www.probeautyacademy.com/,,,False,2
49382201,College Unbound - Newport/Aquidneck Island,,college-unbound-newport-aquidneck-island,Newport,RI,028400000,https://www.collegeunbound.edu/,,,False,2
49425001,Valley College - Fairlawn - School of Nursing,,valley-college-fairlawn-school-of-nursing,Fairlawn,OH,443333631,https://www.valley.edu/,,,False,3
49501301,Western Maricopa Education Center - Southwest Campus,,western-maricopa-education-center-southwest-campus,Buckeye,AZ,853265705,https://www.west-mec.edu/findyourhappy,,,False,4
49501302,Western Maricopa Education Center - Northeast Campus,,western-maricopa-education-center-northeast-campus,Phoenix,AZ,850270000,https://www.west-mec.edu/findyourhappy,,,False,4
49501303,Western Maricopa Education Center - Northwest Campus,,western-maricopa-education-center-northwest-campus,Surprise,AZ,853747087,https://www.west-mec.edu/findyourhappy,,,False,4
49664501,Burlington County Institute of Technology - Adult Education -,,burlington-county-institute-of-technology-adult-education-2,Medford,NJ,080550000,https://www.bcit.cc/bcitadulted,,,False,2
